Log file open, 03/16/26 18:12:52
LogWindows: Failed to load 'aqProf.dll' (GetLastError=126)
LogWindows: File 'aqProf.dll' does not exist
LogWindows: Failed to load 'VtuneApi.dll' (GetLastError=126)
LogWindows: File 'VtuneApi.dll' does not exist
LogWindows: Failed to load 'VtuneApi32e.dll' (GetLastError=126)
LogWindows: File 'VtuneApi32e.dll' does not exist
LogConsoleResponse: Display: Failed to find resolution value strings in scalability ini. Falling back to default.
LogConsoleResponse: Display: Failed to find resolution value strings in scalability ini. Falling back to default.
LogInit: Display: Running engine for game: WeirdBox
LogPlatformFile: Not using cached read wrapper
LogTaskGraph: Started task graph with 5 named threads and 35 total threads with 3 sets of task threads.
LogStats: Stats thread started at 0.237253
LogICUInternationalization: ICU TimeZone Detection - Raw Offset: -6:00, Platform Override: ''
LogInit: Display: Loading text-based GConfig....
LogPluginManager: Mounting plugin MeshPainting
LogPluginManager: Mounting plugin XGEController
LogPluginManager: Mounting plugin Paper2D
LogPluginManager: Mounting plugin LiveLink
LogPluginManager: Mounting plugin AISupport
LogPluginManager: Mounting plugin EnvironmentQueryEditor
LogPluginManager: Mounting plugin OodleNetwork
LogPluginManager: Mounting plugin LightPropagationVolume
LogPluginManager: Mounting plugin OodleData
LogPluginManager: Mounting plugin AlembicImporter
LogPluginManager: Mounting plugin AutomationUtils
LogPluginManager: Mounting plugin BackChannel
LogPluginManager: Mounting plugin ChaosClothEditor
LogPluginManager: Mounting plugin ChaosCloth
LogPluginManager: Mounting plugin AssetManagerEditor
LogPluginManager: Mounting plugin ChaosSolverPlugin
LogPluginManager: Mounting plugin ChaosEditor
LogPluginManager: Mounting plugin ChaosNiagara
LogPluginManager: Mounting plugin CharacterAI
LogPluginManager: Mounting plugin CryptoKeys
LogPluginManager: Mounting plugin CurveEditorTools
LogPluginManager: Mounting plugin DataValidation
LogPluginManager: Mounting plugin EnhancedInput
LogPluginManager: Mounting plugin FacialAnimation
LogPluginManager: Mounting plugin GameplayTagsEditor
LogPluginManager: Mounting plugin GeometryMode
LogPluginManager: Mounting plugin MacGraphicsSwitching
LogPluginManager: Mounting plugin MaterialAnalyzer
LogPluginManager: Mounting plugin GeometryCache
LogPluginManager: Mounting plugin MobileLauncherProfileWizard
LogPluginManager: Mounting plugin PluginBrowser
LogPluginManager: Mounting plugin GeometryCollectionPlugin
LogPluginManager: Mounting plugin AnimationSharing
LogPluginManager: Mounting plugin SpeedTreeImporter
LogPluginManager: Mounting plugin CLionSourceCodeAccess
LogPluginManager: Mounting plugin GeometryProcessing
LogPluginManager: Mounting plugin MotoSynth
LogPluginManager: Mounting plugin OpenImageDenoise
LogPluginManager: Mounting plugin PlatformCrypto
LogPluginManager: Mounting plugin PlanarCut
LogPluginManager: Mounting plugin ProxyLODPlugin
LogPluginManager: Mounting plugin PythonScriptPlugin
LogPluginManager: Mounting plugin SkeletalReduction
LogPluginManager: Mounting plugin CodeLiteSourceCodeAccess
LogPluginManager: Mounting plugin GitSourceControl
LogPluginManager: Mounting plugin KDevelopSourceCodeAccess
LogPluginManager: Mounting plugin NullSourceCodeAccess
LogPluginManager: Mounting plugin PixWinPlugin
LogPluginManager: Mounting plugin PerforceSourceControl
LogPluginManager: Mounting plugin PlasticSourceControl
LogPluginManager: Mounting plugin PluginUtils
LogPluginManager: Mounting plugin PropertyAccessNode
LogPluginManager: Mounting plugin RiderSourceCodeAccess
LogPluginManager: Mounting plugin SubversionSourceControl
LogPluginManager: Mounting plugin TextureFormatOodle
LogPluginManager: Mounting plugin UObjectPlugin
LogPluginManager: Mounting plugin LuminPlatformFeatures
LogPluginManager: Mounting plugin XCodeSourceCodeAccess
LogPluginManager: Mounting plugin VisualStudioSourceCodeAccess
LogPluginManager: Mounting plugin Niagara
LogPluginManager: Mounting plugin VisualStudioCodeSourceCodeAccess
LogPluginManager: Mounting plugin MagicLeap
LogPluginManager: Mounting plugin MagicLeapMedia
LogPluginManager: Mounting plugin MagicLeapLightEstimation
LogPluginManager: Mounting plugin PaperZD
LogPluginManager: Mounting plugin MagicLeapPassableWorld
LogPluginManager: Mounting plugin AndroidMedia
LogPluginManager: Mounting plugin MLSDK
LogPluginManager: Mounting plugin AvfMedia
LogPluginManager: Mounting plugin ImgMedia
LogPluginManager: Mounting plugin MediaCompositing
LogPluginManager: Mounting plugin MediaPlayerEditor
LogPluginManager: Mounting plugin WebMMedia
LogPluginManager: Mounting plugin WmfMedia
LogPluginManager: Mounting plugin TcpMessaging
LogPluginManager: Mounting plugin UdpMessaging
LogPluginManager: Mounting plugin ActorSequence
LogPluginManager: Mounting plugin LevelSequenceEditor
LogPluginManager: Mounting plugin MatineeToLevelSequence
LogPluginManager: Mounting plugin TemplateSequence
LogPluginManager: Mounting plugin LauncherChunkInstaller
LogPluginManager: Mounting plugin OnlineSubsystem
LogPluginManager: Mounting plugin OnlineSubsystemNull
LogPluginManager: Mounting plugin ActorLayerUtilities
LogPluginManager: Mounting plugin OnlineSubsystemUtils
LogPluginManager: Mounting plugin AndroidMoviePlayer
LogPluginManager: Mounting plugin AndroidDeviceProfileSelector
LogPluginManager: Mounting plugin AndroidPermission
LogPluginManager: Mounting plugin AppleImageUtils
LogPluginManager: Mounting plugin AppleMoviePlayer
LogPluginManager: Mounting plugin AssetTags
LogPluginManager: Mounting plugin AudioCapture
LogPluginManager: Mounting plugin ArchVisCharacter
LogPluginManager: Mounting plugin AudioSynesthesia
LogPluginManager: Mounting plugin CableComponent
LogPluginManager: Mounting plugin CustomMeshComponent
LogPluginManager: Mounting plugin EditableMesh
LogPluginManager: Mounting plugin ExampleDeviceProfileSelector
LogPluginManager: Mounting plugin GoogleCloudMessaging
LogPluginManager: Mounting plugin GooglePAD
LogPluginManager: Mounting plugin ChunkDownloader
LogPluginManager: Mounting plugin LinuxDeviceProfileSelector
LogPluginManager: Mounting plugin IOSDeviceProfileSelector
LogPluginManager: Mounting plugin LocationServicesBPLibrary
LogPluginManager: Mounting plugin MobilePatchingUtils
LogPluginManager: Mounting plugin OpenXR
LogPluginManager: Mounting plugin OpenXRHandTracking
LogPluginManager: Mounting plugin OpenXREyeTracker
LogPluginManager: Mounting plugin PhysXVehicles
LogPluginManager: Mounting plugin Takes
LogPluginManager: Mounting plugin PostSplashScreen
LogPluginManager: Mounting plugin ProceduralMeshComponent
LogPluginManager: Mounting plugin PropertyAccessEditor
LogPluginManager: Mounting plugin RuntimePhysXCooking
LogPluginManager: Mounting plugin ScreenshotTools
LogPluginManager: Mounting plugin SoundFields
LogPluginManager: Mounting plugin SignificanceManager
LogPluginManager: Mounting plugin Synthesis
LogPluginManager: Mounting plugin WebMMoviePlayer
LogPluginManager: Mounting plugin WindowsMoviePlayer
LogPluginManager: Mounting plugin DatasmithContent
LogPluginManager: Mounting plugin CameraShakePreviewer
LogPluginManager: Mounting plugin GameplayCameras
LogPluginManager: Mounting plugin VariantManagerContent
LogPluginManager: Mounting plugin ContentBrowserAssetDataSource
LogPluginManager: Mounting plugin ContentBrowserClassDataSource
LogPluginManager: Mounting plugin ContentBrowserFileDataSource
LogPluginManager: Mounting plugin OnlineSubsystemGooglePlay
LogPluginManager: Mounting plugin OnlineSubsystemIOS
LogPluginManager: Mounting plugin OculusVR
LogPluginManager: Mounting plugin SteamVR
PixWinPlugin: PIX capture plugin failed to initialize! Check that the process is launched from PIX.
LogInit: Using libcurl 7.55.1-DEV
LogInit:  - built for x86_64-pc-win32
LogInit:  - supports SSL with OpenSSL/1.1.1
LogInit:  - supports HTTP deflate (compression) using libz 1.2.8
LogInit:  - other features:
LogInit:      CURL_VERSION_SSL
LogInit:      CURL_VERSION_LIBZ
LogInit:      CURL_VERSION_IPV6
LogInit:      CURL_VERSION_ASYNCHDNS
LogInit:      CURL_VERSION_LARGEFILE
LogInit:      CURL_VERSION_IDN
LogInit:  CurlRequestOptions (configurable via config and command line):
LogInit:  - bVerifyPeer = true  - Libcurl will verify peer certificate
LogInit:  - bUseHttpProxy = false  - Libcurl will NOT use HTTP proxy
LogInit:  - bDontReuseConnections = false  - Libcurl will reuse connections
LogInit:  - MaxHostConnections = 16  - Libcurl will limit the number of connections to a host
LogInit:  - LocalHostAddr = Default
LogInit:  - BufferSize = 65536
LogOnline: OSS: Creating online subsystem instance for: NULL
LogInit: WinSock: version 1.1 (2.2), MaxSocks=32767, MaxUdp=65467
LogOnline: OSS: TryLoadSubsystemAndSetDefault: Loaded subsystem for module [NULL]
LogOculusPluginWrapper: OculusPlugin initialized successfully
LogHMD: Failed initializing OVRPlugin 1.59.0
LogInit: Build: ++UE4+Release-4.27-CL-18319896
LogInit: Engine Version: 4.27.2-18319896+++UE4+Release-4.27
LogInit: Compatible Engine Version: 4.27.0-17155196+++UE4+Release-4.27
LogInit: Net CL: 17155196
LogInit: OS: Windows 10 (Release 2009) (), CPU: AMD Ryzen 5 5600X 6-Core Processor             , GPU: NVIDIA GeForce RTX 3060
LogInit: Compiled (64-bit): Nov 30 2021 07:12:08
LogInit: Compiled with Visual C++: 19.24.28315.00
LogInit: Build Configuration: Development
LogInit: Branch Name: ++UE4+Release-4.27
LogInit: Command Line: 
LogInit: Base Directory: D:/Unreal/UE_4.27/Engine/Binaries/Win64/
LogInit: Allocator: TBB
LogInit: Installed Engine Build: 1
LogDevObjectVersion: Number of dev versions registered: 29
LogDevObjectVersion:   Dev-Blueprints (B0D832E4-1F89-4F0D-ACCF-7EB736FD4AA2): 10
LogDevObjectVersion:   Dev-Build (E1C64328-A22C-4D53-A36C-8E866417BD8C): 0
LogDevObjectVersion:   Dev-Core (375EC13C-06E4-48FB-B500-84F0262A717E): 4
LogDevObjectVersion:   Dev-Editor (E4B068ED-F494-42E9-A231-DA0B2E46BB41): 40
LogDevObjectVersion:   Dev-Framework (CFFC743F-43B0-4480-9391-14DF171D2073): 37
LogDevObjectVersion:   Dev-Mobile (B02B49B5-BB20-44E9-A304-32B752E40360): 3
LogDevObjectVersion:   Dev-Networking (A4E4105C-59A1-49B5-A7C5-40C4547EDFEE): 0
LogDevObjectVersion:   Dev-Online (39C831C9-5AE6-47DC-9A44-9C173E1C8E7C): 0
LogDevObjectVersion:   Dev-Physics (78F01B33-EBEA-4F98-B9B4-84EACCB95AA2): 14
LogDevObjectVersion:   Dev-Platform (6631380F-2D4D-43E0-8009-CF276956A95A): 0
LogDevObjectVersion:   Dev-Rendering (12F88B9F-8875-4AFC-A67C-D90C383ABD29): 45
LogDevObjectVersion:   Dev-Sequencer (7B5AE74C-D270-4C10-A958-57980B212A5A): 13
LogDevObjectVersion:   Dev-VR (D7296918-1DD6-4BDD-9DE2-64A83CC13884): 3
LogDevObjectVersion:   Dev-LoadTimes (C2A15278-BFE7-4AFE-6C17-90FF531DF755): 1
LogDevObjectVersion:   Private-Geometry (6EACA3D4-40EC-4CC1-B786-8BED09428FC5): 3
LogDevObjectVersion:   Dev-AnimPhys (29E575DD-E0A3-4627-9D10-D276232CDCEA): 17
LogDevObjectVersion:   Dev-Anim (AF43A65D-7FD3-4947-9873-3E8ED9C1BB05): 15
LogDevObjectVersion:   Dev-ReflectionCapture (6B266CEC-1EC7-4B8F-A30B-E4D90942FC07): 1
LogDevObjectVersion:   Dev-Automation (0DF73D61-A23F-47EA-B727-89E90C41499A): 1
LogDevObjectVersion:   FortniteMain (601D1886-AC64-4F84-AA16-D3DE0DEAC7D6): 47
LogDevObjectVersion:   FortniteRelease (E7086368-6B23-4C58-8439-1B7016265E91): 1
LogDevObjectVersion:   Dev-Enterprise (9DFFBCD6-494F-0158-E221-12823C92A888): 10
LogDevObjectVersion:   Dev-Niagara (F2AED0AC-9AFE-416F-8664-AA7FFA26D6FC): 1
LogDevObjectVersion:   Dev-Destruction (174F1F0B-B4C6-45A5-B13F-2EE8D0FB917D): 10
LogDevObjectVersion:   Dev-Physics-Ext (35F94A83-E258-406C-A318-09F59610247C): 41
LogDevObjectVersion:   Dev-PhysicsMaterial-Chaos (B68FC16E-8B1B-42E2-B453-215C058844FE): 1
LogDevObjectVersion:   Dev-CineCamera (B2E18506-4273-CFC2-A54E-F4BB758BBA07): 1
LogDevObjectVersion:   Dev-VirtualProduction (64F58936-FD1B-42BA-BA96-7289D5D0FA4E): 1
LogDevObjectVersion:   Dev-MediaFramework (6F0ED827-A609-4895-9C91-998D90180EA4): 2
LogInit: Presizing for max 25165824 objects, including 0 objects not considered by GC, pre-allocating 0 bytes for permanent pool.
LogConfig: Applying CVar settings from Section [/Script/Engine.StreamingSettings] File [D:/UnrealProjects/CyberKittysWeirdBox/Saved/Config/Windows/Engine.ini]
LogConfig: Setting CVar [[s.MinBulkDataSizeForAsyncLoading:131072]]
LogConfig: Setting CVar [[s.AsyncLoadingThreadEnabled:0]]
LogConfig: Setting CVar [[s.EventDrivenLoaderEnabled:1]]
LogConfig: Setting CVar [[s.WarnIfTimeLimitExceeded:0]]
LogConfig: Setting CVar [[s.TimeLimitExceededMultiplier:1.5]]
LogConfig: Setting CVar [[s.TimeLimitExceededMinTime:0.005]]
LogConfig: Setting CVar [[s.UseBackgroundLevelStreaming:1]]
LogConfig: Setting CVar [[s.PriorityAsyncLoadingExtraTime:15.0]]
LogConfig: Setting CVar [[s.LevelStreamingActorsUpdateTimeLimit:5.0]]
LogConfig: Setting CVar [[s.PriorityLevelStreamingActorsUpdateExtraTime:5.0]]
LogConfig: Setting CVar [[s.LevelStreamingComponentsRegistrationGranularity:10]]
LogConfig: Setting CVar [[s.UnregisterComponentsTimeLimit:1.0]]
LogConfig: Setting CVar [[s.LevelStreamingComponentsUnregistrationGranularity:5]]
LogConfig: Setting CVar [[s.FlushStreamingOnExit:1]]
LogInit: Object subsystem initialized
LogConfig: Setting CVar [[con.DebugEarlyDefault:1]]
LogConfig: Setting CVar [[r.setres:1280x720]]
[2026.03.16-23.12.53:465][  0]LogConfig: Setting CVar [[r.VSync:0]]
[2026.03.16-23.12.53:465][  0]LogConfig: Setting CVar [[r.RHICmdBypass:0]]
[2026.03.16-23.12.53:465][  0]LogConfig: Applying CVar settings from Section [/Script/Engine.RendererSettings] File [D:/UnrealProjects/CyberKittysWeirdBox/Saved/Config/Windows/Engine.ini]
[2026.03.16-23.12.53:465][  0]LogConfig: Setting CVar [[r.GPUCrashDebugging:0]]
[2026.03.16-23.12.53:465][  0]LogConfig: Setting CVar [[r.Mobile.DisableVertexFog:1]]
[2026.03.16-23.12.53:465][  0]LogConfig: Setting CVar [[r.Shadow.CSM.MaxMobileCascades:2]]
[2026.03.16-23.12.53:465][  0]LogConfig: Setting CVar [[r.MobileMSAA:1]]
[2026.03.16-23.12.53:465][  0]LogConfig: Setting CVar [[r.Mobile.AllowDitheredLODTransition:0]]
[2026.03.16-23.12.53:465][  0]LogConfig: Setting CVar [[r.Mobile.AllowSoftwareOcclusion:0]]
[2026.03.16-23.12.53:465][  0]LogConfig: Setting CVar [[r.Mobile.VirtualTextures:0]]
[2026.03.16-23.12.53:465][  0]LogConfig: Setting CVar [[r.DiscardUnusedQuality:0]]
[2026.03.16-23.12.53:465][  0]LogConfig: Setting CVar [[r.AllowOcclusionQueries:1]]
[2026.03.16-23.12.53:465][  0]LogConfig: Setting CVar [[r.MinScreenRadiusForLights:0.030000]]
[2026.03.16-23.12.53:465][  0]LogConfig: Setting CVar [[r.MinScreenRadiusForDepthPrepass:0.030000]]
[2026.03.16-23.12.53:465][  0]LogConfig: Setting CVar [[r.MinScreenRadiusForCSMDepth:0.010000]]
[2026.03.16-23.12.53:465][  0]LogConfig: Setting CVar [[r.PrecomputedVisibilityWarning:0]]
[2026.03.16-23.12.53:465][  0]LogConfig: Setting CVar [[r.TextureStreaming:1]]
[2026.03.16-23.12.53:465][  0]LogConfig: Setting CVar [[Compat.UseDXT5NormalMaps:0]]
[2026.03.16-23.12.53:465][  0]LogConfig: Setting CVar [[r.VirtualTextures:0]]
[2026.03.16-23.12.53:465][  0]LogConfig: Setting CVar [[r.VT.EnableAutoImport:1]]
[2026.03.16-23.12.53:465][  0]LogConfig: Setting CVar [[r.VirtualTexturedLightmaps:0]]
[2026.03.16-23.12.53:465][  0]LogConfig: Setting CVar [[r.VT.TileSize:128]]
[2026.03.16-23.12.53:465][  0]LogConfig: Setting CVar [[r.VT.TileBorderSize:4]]
[2026.03.16-23.12.53:465][  0]LogConfig: Setting CVar [[r.vt.FeedbackFactor:16]]
[2026.03.16-23.12.53:465][  0]LogConfig: Setting CVar [[r.VT.EnableCompressZlib:1]]
[2026.03.16-23.12.53:465][  0]LogConfig: Setting CVar [[r.VT.EnableCompressCrunch:0]]
[2026.03.16-23.12.53:465][  0]LogConfig: Setting CVar [[r.ClearCoatNormal:0]]
[2026.03.16-23.12.53:465][  0]LogConfig: Setting CVar [[r.ReflectionCaptureResolution:128]]
[2026.03.16-23.12.53:465][  0]LogConfig: Setting CVar [[r.Mobile.ReflectionCaptureCompression:0]]
[2026.03.16-23.12.53:465][  0]LogConfig: Setting CVar [[r.ReflectionEnvironmentLightmapMixBasedOnRoughness:1]]
[2026.03.16-23.12.53:465][  0]LogConfig: Setting CVar [[r.ForwardShading:0]]
[2026.03.16-23.12.53:465][  0]LogConfig: Setting CVar [[r.VertexFoggingForOpaque:1]]
[2026.03.16-23.12.53:465][  0]LogConfig: Setting CVar [[r.AllowStaticLighting:1]]
[2026.03.16-23.12.53:465][  0]LogConfig: Setting CVar [[r.NormalMapsForStaticLighting:0]]
[2026.03.16-23.12.53:465][  0]LogConfig: Setting CVar [[r.GenerateMeshDistanceFields:0]]
[2026.03.16-23.12.53:465][  0]LogConfig: Setting CVar [[r.DistanceFieldBuild.EightBit:0]]
[2026.03.16-23.12.53:465][  0]LogConfig: Setting CVar [[r.GenerateLandscapeGIData:0]]
[2026.03.16-23.12.53:465][  0]LogConfig: Setting CVar [[r.DistanceFieldBuild.Compress:0]]
[2026.03.16-23.12.53:465][  0]LogConfig: Setting CVar [[r.TessellationAdaptivePixelsPerTriangle:48.000000]]
[2026.03.16-23.12.53:465][  0]LogConfig: Setting CVar [[r.SeparateTranslucency:1]]
[2026.03.16-23.12.53:465][  0]LogConfig: Setting CVar [[r.TranslucentSortPolicy:0]]
[2026.03.16-23.12.53:465][  0]LogConfig: Setting CVar [[vr.VRS.HMDFixedFoveationLevel:0]]
[2026.03.16-23.12.53:465][  0]LogConfig: Setting CVar [[r.CustomDepth:1]]
[2026.03.16-23.12.53:465][  0]LogConfig: Setting CVar [[r.CustomDepthTemporalAAJitter:1]]
[2026.03.16-23.12.53:465][  0]LogConfig: Setting CVar [[r.PostProcessing.PropagateAlpha:0]]
[2026.03.16-23.12.53:465][  0]LogConfig: Setting CVar [[r.DefaultFeature.Bloom:1]]
[2026.03.16-23.12.53:465][  0]LogConfig: Setting CVar [[r.DefaultFeature.AmbientOcclusion:1]]
[2026.03.16-23.12.53:465][  0]LogConfig: Setting CVar [[r.DefaultFeature.AmbientOcclusionStaticFraction:1]]
[2026.03.16-23.12.53:465][  0]LogConfig: Setting CVar [[r.DefaultFeature.AutoExposure:0]]
[2026.03.16-23.12.53:465][  0]LogConfig: Setting CVar [[r.DefaultFeature.AutoExposure.Method:0]]
[2026.03.16-23.12.53:465][  0]LogConfig: Setting CVar [[r.DefaultFeature.AutoExposure.Bias:1.000000]]
[2026.03.16-23.12.53:465][  0]LogConfig: Setting CVar [[r.DefaultFeature.AutoExposure.ExtendDefaultLuminanceRange:0]]
[2026.03.16-23.12.53:465][  0]LogConfig: Setting CVar [[r.UsePreExposure:1]]
[2026.03.16-23.12.53:465][  0]LogConfig: Setting CVar [[r.EyeAdaptation.EditorOnly:0]]
[2026.03.16-23.12.53:465][  0]LogConfig: Setting CVar [[r.DefaultFeature.MotionBlur:0]]
[2026.03.16-23.12.53:465][  0]LogConfig: Setting CVar [[r.DefaultFeature.LensFlare:0]]
[2026.03.16-23.12.53:465][  0]LogConfig: Setting CVar [[r.TemporalAA.Upsampling:0]]
[2026.03.16-23.12.53:465][  0]LogConfig: Setting CVar [[r.SSGI.Enable:0]]
[2026.03.16-23.12.53:465][  0]LogConfig: Setting CVar [[r.DefaultFeature.AntiAliasing:0]]
[2026.03.16-23.12.53:465][  0]LogConfig: Setting CVar [[r.DefaultFeature.LightUnits:1]]
[2026.03.16-23.12.53:465][  0]LogConfig: Setting CVar [[r.DefaultBackBufferPixelFormat:4]]
[2026.03.16-23.12.53:465][  0]LogConfig: Setting CVar [[r.Shadow.UnbuiltPreviewInGame:1]]
[2026.03.16-23.12.53:465][  0]LogConfig: Setting CVar [[r.StencilForLODDither:0]]
[2026.03.16-23.12.53:465][  0]LogConfig: Setting CVar [[r.EarlyZPass:3]]
[2026.03.16-23.12.53:465][  0]LogConfig: Setting CVar [[r.EarlyZPassOnlyMaterialMasking:0]]
[2026.03.16-23.12.53:465][  0]LogConfig: Setting CVar [[r.DBuffer:1]]
[2026.03.16-23.12.53:465][  0]LogConfig: Setting CVar [[r.ClearSceneMethod:1]]
[2026.03.16-23.12.53:465][  0]LogConfig: Setting CVar [[r.BasePassOutputsVelocity:0]]
[2026.03.16-23.12.53:465][  0]LogConfig: Setting CVar [[r.VertexDeformationOutputsVelocity:0]]
[2026.03.16-23.12.53:465][  0]LogConfig: Setting CVar [[r.SelectiveBasePassOutputs:0]]
[2026.03.16-23.12.53:465][  0]LogConfig: Setting CVar [[fx.GPUSimulationTextureSizeX:1024]]
[2026.03.16-23.12.53:465][  0]LogConfig: Setting CVar [[fx.GPUSimulationTextureSizeY:1024]]
[2026.03.16-23.12.53:465][  0]LogConfig: Setting CVar [[r.AllowGlobalClipPlane:0]]
[2026.03.16-23.12.53:465][  0]LogConfig: Setting CVar [[r.GBufferFormat:1]]
[2026.03.16-23.12.53:465][  0]LogConfig: Setting CVar [[r.MorphTarget.Mode:1]]
[2026.03.16-23.12.53:465][  0]LogConfig: Setting CVar [[vr.InstancedStereo:0]]
[2026.03.16-23.12.53:465][  0]LogConfig: Setting CVar [[r.MobileHDR:1]]
[2026.03.16-23.12.53:465][  0]LogConfig: Setting CVar [[vr.MobileMultiView:0]]
[2026.03.16-23.12.53:465][  0]LogConfig: Setting CVar [[r.Mobile.UseHWsRGBEncoding:0]]
[2026.03.16-23.12.53:465][  0]LogConfig: Setting CVar [[vr.RoundRobinOcclusion:0]]
[2026.03.16-23.12.53:465][  0]LogConfig: Setting CVar [[vr.ODSCapture:0]]
[2026.03.16-23.12.53:465][  0]LogConfig: Setting CVar [[r.MeshStreaming:0]]
[2026.03.16-23.12.53:465][  0]LogConfig: Setting CVar [[r.WireframeCullThreshold:5.000000]]
[2026.03.16-23.12.53:465][  0]LogConfig: Setting CVar [[r.RayTracing:0]]
[2026.03.16-23.12.53:465][  0]LogConfig: Setting CVar [[r.RayTracing.UseTextureLod:0]]
[2026.03.16-23.12.53:465][  0]LogConfig: Setting CVar [[r.SupportStationarySkylight:1]]
[2026.03.16-23.12.53:465][  0]LogConfig: Setting CVar [[r.SupportLowQualityLightmaps:1]]
[2026.03.16-23.12.53:465][  0]LogConfig: Setting CVar [[r.SupportPointLightWholeSceneShadows:1]]
[2026.03.16-23.12.53:465][  0]LogConfig: Setting CVar [[r.SupportAtmosphericFog:1]]
[2026.03.16-23.12.53:465][  0]LogConfig: Setting CVar [[r.SupportSkyAtmosphere:1]]
[2026.03.16-23.12.53:465][  0]LogConfig: Setting CVar [[r.SupportSkyAtmosphereAffectsHeightFog:0]]
[2026.03.16-23.12.53:465][  0]LogConfig: Setting CVar [[r.SkinCache.CompileShaders:0]]
[2026.03.16-23.12.53:465][  0]LogConfig: Setting CVar [[r.SkinCache.DefaultBehavior:1]]
[2026.03.16-23.12.53:465][  0]LogConfig: Setting CVar [[r.SkinCache.SceneMemoryLimitInMB:128.000000]]
[2026.03.16-23.12.53:465][  0]LogConfig: Setting CVar [[r.Mobile.EnableStaticAndCSMShadowReceivers:1]]
[2026.03.16-23.12.53:465][  0]LogConfig: Setting CVar [[r.Mobile.EnableMovableLightCSMShaderCulling:1]]
[2026.03.16-23.12.53:465][  0]LogConfig: Setting CVar [[r.Mobile.AllowDistanceFieldShadows:1]]
[2026.03.16-23.12.53:465][  0]LogConfig: Setting CVar [[r.Mobile.AllowMovableDirectionalLights:1]]
[2026.03.16-23.12.53:465][  0]LogConfig: Setting CVar [[r.MobileNumDynamicPointLights:4]]
[2026.03.16-23.12.53:465][  0]LogConfig: Setting CVar [[r.MobileDynamicPointLightsUseStaticBranch:1]]
[2026.03.16-23.12.53:465][  0]LogConfig: Setting CVar [[r.Mobile.EnableMovableSpotlights:0]]
[2026.03.16-23.12.53:465][  0]LogConfig: Setting CVar [[r.Mobile.EnableMovableSpotlightsShadow:0]]
[2026.03.16-23.12.53:465][  0]LogConfig: Setting CVar [[r.GPUSkin.Support16BitBoneIndex:0]]
[2026.03.16-23.12.53:465][  0]LogConfig: Setting CVar [[r.GPUSkin.Limit2BoneInfluences:0]]
[2026.03.16-23.12.53:465][  0]LogConfig: Setting CVar [[r.SupportDepthOnlyIndexBuffers:1]]
[2026.03.16-23.12.53:465][  0]LogConfig: Setting CVar [[r.SupportReversedIndexBuffers:1]]
[2026.03.16-23.12.53:465][  0]LogConfig: Setting CVar [[r.LightPropagationVolume:0]]
[2026.03.16-23.12.53:465][  0]LogConfig: Setting CVar [[r.Mobile.AmbientOcclusion:0]]
[2026.03.16-23.12.53:465][  0]LogConfig: Setting CVar [[r.GPUSkin.UnlimitedBoneInfluences:0]]
[2026.03.16-23.12.53:465][  0]LogConfig: Setting CVar [[r.GPUSkin.UnlimitedBoneInfluencesThreshold:8]]
[2026.03.16-23.12.53:465][  0]LogConfig: Setting CVar [[r.Mobile.PlanarReflectionMode:0]]
[2026.03.16-23.12.53:465][  0]LogConfig: Setting CVar [[r.Mobile.SupportsGen4TAA:0]]
[2026.03.16-23.12.53:465][  0]LogConfig: Applying CVar settings from Section [/Script/Engine.RendererOverrideSettings] File [D:/UnrealProjects/CyberKittysWeirdBox/Saved/Config/Windows/Engine.ini]
[2026.03.16-23.12.53:465][  0]LogConfig: Applying CVar settings from Section [/Script/Engine.StreamingSettings] File [D:/UnrealProjects/CyberKittysWeirdBox/Saved/Config/Windows/Engine.ini]
[2026.03.16-23.12.53:465][  0]LogConfig: Setting CVar [[s.MinBulkDataSizeForAsyncLoading:131072]]
[2026.03.16-23.12.53:465][  0]LogConfig: Setting CVar [[s.AsyncLoadingThreadEnabled:0]]
[2026.03.16-23.12.53:465][  0]LogConfig: Setting CVar [[s.EventDrivenLoaderEnabled:1]]
[2026.03.16-23.12.53:465][  0]LogConfig: Setting CVar [[s.WarnIfTimeLimitExceeded:0]]
[2026.03.16-23.12.53:465][  0]LogConfig: Setting CVar [[s.TimeLimitExceededMultiplier:1.5]]
[2026.03.16-23.12.53:465][  0]LogConfig: Setting CVar [[s.TimeLimitExceededMinTime:0.005]]
[2026.03.16-23.12.53:465][  0]LogConfig: Setting CVar [[s.UseBackgroundLevelStreaming:1]]
[2026.03.16-23.12.53:465][  0]LogConfig: Setting CVar [[s.PriorityAsyncLoadingExtraTime:15.0]]
[2026.03.16-23.12.53:465][  0]LogConfig: Setting CVar [[s.LevelStreamingActorsUpdateTimeLimit:5.0]]
[2026.03.16-23.12.53:465][  0]LogConfig: Setting CVar [[s.PriorityLevelStreamingActorsUpdateExtraTime:5.0]]
[2026.03.16-23.12.53:465][  0]LogConfig: Setting CVar [[s.LevelStreamingComponentsRegistrationGranularity:10]]
[2026.03.16-23.12.53:465][  0]LogConfig: Setting CVar [[s.UnregisterComponentsTimeLimit:1.0]]
[2026.03.16-23.12.53:465][  0]LogConfig: Setting CVar [[s.LevelStreamingComponentsUnregistrationGranularity:5]]
[2026.03.16-23.12.53:465][  0]LogConfig: Setting CVar [[s.FlushStreamingOnExit:1]]
[2026.03.16-23.12.53:465][  0]LogConfig: Applying CVar settings from Section [/Script/Engine.GarbageCollectionSettings] File [D:/UnrealProjects/CyberKittysWeirdBox/Saved/Config/Windows/Engine.ini]
[2026.03.16-23.12.53:465][  0]LogConfig: Setting CVar [[gc.MaxObjectsNotConsideredByGC:1]]
[2026.03.16-23.12.53:465][  0]LogConfig: Setting CVar [[gc.SizeOfPermanentObjectPool:0]]
[2026.03.16-23.12.53:465][  0]LogConfig: Setting CVar [[gc.FlushStreamingOnGC:0]]
[2026.03.16-23.12.53:465][  0]LogConfig: Setting CVar [[gc.NumRetriesBeforeForcingGC:10]]
[2026.03.16-23.12.53:465][  0]LogConfig: Setting CVar [[gc.AllowParallelGC:1]]
[2026.03.16-23.12.53:465][  0]LogConfig: Setting CVar [[gc.TimeBetweenPurgingPendingKillObjects:61.1]]
[2026.03.16-23.12.53:465][  0]LogConfig: Setting CVar [[gc.MaxObjectsInEditor:25165824]]
[2026.03.16-23.12.53:465][  0]LogConfig: Setting CVar [[gc.IncrementalBeginDestroyEnabled:1]]
[2026.03.16-23.12.53:465][  0]LogConfig: Setting CVar [[gc.CreateGCClusters:1]]
[2026.03.16-23.12.53:465][  0]LogConfig: Setting CVar [[gc.MinGCClusterSize:5]]
[2026.03.16-23.12.53:465][  0]LogConfig: Setting CVar [[gc.ActorClusteringEnabled:0]]
[2026.03.16-23.12.53:465][  0]LogConfig: Setting CVar [[gc.BlueprintClusteringEnabled:0]]
[2026.03.16-23.12.53:465][  0]LogConfig: Setting CVar [[gc.UseDisregardForGCOnDedicatedServers:0]]
[2026.03.16-23.12.53:465][  0]LogConfig: Setting CVar [[gc.MultithreadedDestructionEnabled:1]]
[2026.03.16-23.12.53:465][  0]LogConfig: Applying CVar settings from Section [/Script/Engine.NetworkSettings] File [D:/UnrealProjects/CyberKittysWeirdBox/Saved/Config/Windows/Engine.ini]
[2026.03.16-23.12.53:465][  0]LogConfig: Applying CVar settings from Section [/Script/UnrealEd.CookerSettings] File [D:/UnrealProjects/CyberKittysWeirdBox/Saved/Config/Windows/Engine.ini]
[2026.03.16-23.12.53:479][  0]LogConfig: Applying CVar settings from Section [ViewDistanceQuality@3] File [D:/UnrealProjects/CyberKittysWeirdBox/Saved/Config/Windows/Scalability.ini]
[2026.03.16-23.12.53:479][  0]LogConfig: Setting CVar [[r.SkeletalMeshLODBias:0]]
[2026.03.16-23.12.53:479][  0]LogConfig: Setting CVar [[r.ViewDistanceScale:1.0]]
[2026.03.16-23.12.53:479][  0]LogConfig: Applying CVar settings from Section [AntiAliasingQuality@3] File [D:/UnrealProjects/CyberKittysWeirdBox/Saved/Config/Windows/Scalability.ini]
[2026.03.16-23.12.53:479][  0]LogConfig: Setting CVar [[r.PostProcessAAQuality:4]]
[2026.03.16-23.12.53:479][  0]LogConfig: Applying CVar settings from Section [ShadowQuality@3] File [D:/UnrealProjects/CyberKittysWeirdBox/Saved/Config/Windows/Scalability.ini]
[2026.03.16-23.12.53:479][  0]LogConfig: Setting CVar [[r.LightFunctionQuality:1]]
[2026.03.16-23.12.53:479][  0]LogConfig: Setting CVar [[r.ShadowQuality:5]]
[2026.03.16-23.12.53:479][  0]LogConfig: Setting CVar [[r.Shadow.CSM.MaxCascades:10]]
[2026.03.16-23.12.53:479][  0]LogConfig: Setting CVar [[r.Shadow.MaxResolution:2048]]
[2026.03.16-23.12.53:479][  0]LogConfig: Setting CVar [[r.Shadow.MaxCSMResolution:2048]]
[2026.03.16-23.12.53:479][  0]LogConfig: Setting CVar [[r.Shadow.RadiusThreshold:0.01]]
[2026.03.16-23.12.53:479][  0]LogConfig: Setting CVar [[r.Shadow.DistanceScale:1.0]]
[2026.03.16-23.12.53:479][  0]LogConfig: Setting CVar [[r.Shadow.CSM.TransitionScale:1.0]]
[2026.03.16-23.12.53:479][  0]LogConfig: Setting CVar [[r.Shadow.PreShadowResolutionFactor:1.0]]
[2026.03.16-23.12.53:479][  0]LogConfig: Setting CVar [[r.DistanceFieldShadowing:1]]
[2026.03.16-23.12.53:479][  0]LogConfig: Setting CVar [[r.DistanceFieldAO:1]]
[2026.03.16-23.12.53:479][  0]LogConfig: Setting CVar [[r.AOQuality:2]]
[2026.03.16-23.12.53:479][  0]LogConfig: Setting CVar [[r.VolumetricFog:1]]
[2026.03.16-23.12.53:479][  0]LogConfig: Setting CVar [[r.VolumetricFog.GridPixelSize:8]]
[2026.03.16-23.12.53:479][  0]LogConfig: Setting CVar [[r.VolumetricFog.GridSizeZ:128]]
[2026.03.16-23.12.53:479][  0]LogConfig: Setting CVar [[r.VolumetricFog.HistoryMissSupersampleCount:4]]
[2026.03.16-23.12.53:479][  0]LogConfig: Setting CVar [[r.LightMaxDrawDistanceScale:1]]
[2026.03.16-23.12.53:479][  0]LogConfig: Setting CVar [[r.CapsuleShadows:1]]
[2026.03.16-23.12.53:479][  0]LogConfig: Applying CVar settings from Section [PostProcessQuality@3] File [D:/UnrealProjects/CyberKittysWeirdBox/Saved/Config/Windows/Scalability.ini]
[2026.03.16-23.12.53:479][  0]LogConfig: Setting CVar [[r.MotionBlurQuality:4]]
[2026.03.16-23.12.53:479][  0]LogConfig: Setting CVar [[r.AmbientOcclusionMipLevelFactor:0.4]]
[2026.03.16-23.12.53:479][  0]LogConfig: Setting CVar [[r.AmbientOcclusionMaxQuality:100]]
[2026.03.16-23.12.53:479][  0]LogConfig: Setting CVar [[r.AmbientOcclusionLevels:-1]]
[2026.03.16-23.12.53:479][  0]LogConfig: Setting CVar [[r.AmbientOcclusionRadiusScale:1.0]]
[2026.03.16-23.12.53:479][  0]LogConfig: Setting CVar [[r.DepthOfFieldQuality:2]]
[2026.03.16-23.12.53:479][  0]LogConfig: Setting CVar [[r.RenderTargetPoolMin:400]]
[2026.03.16-23.12.53:479][  0]LogConfig: Setting CVar [[r.LensFlareQuality:2]]
[2026.03.16-23.12.53:479][  0]LogConfig: Setting CVar [[r.SceneColorFringeQuality:1]]
[2026.03.16-23.12.53:479][  0]LogConfig: Setting CVar [[r.EyeAdaptationQuality:2]]
[2026.03.16-23.12.53:479][  0]LogConfig: Setting CVar [[r.BloomQuality:5]]
[2026.03.16-23.12.53:479][  0]LogConfig: Setting CVar [[r.FastBlurThreshold:100]]
[2026.03.16-23.12.53:479][  0]LogConfig: Setting CVar [[r.Upscale.Quality:3]]
[2026.03.16-23.12.53:479][  0]LogConfig: Setting CVar [[r.Tonemapper.GrainQuantization:1]]
[2026.03.16-23.12.53:479][  0]LogConfig: Setting CVar [[r.LightShaftQuality:1]]
[2026.03.16-23.12.53:479][  0]LogConfig: Setting CVar [[r.Filter.SizeScale:1]]
[2026.03.16-23.12.53:479][  0]LogConfig: Setting CVar [[r.Tonemapper.Quality:5]]
[2026.03.16-23.12.53:479][  0]LogConfig: Setting CVar [[r.DOF.Gather.AccumulatorQuality:1        ; higher gathering accumulator quality]]
[2026.03.16-23.12.53:479][  0]LogConfig: Setting CVar [[r.DOF.Gather.PostfilterMethod:1          ; Median3x3 postfilering method]]
[2026.03.16-23.12.53:479][  0]LogConfig: Setting CVar [[r.DOF.Gather.EnableBokehSettings:0       ; no bokeh simulation when gathering]]
[2026.03.16-23.12.53:479][  0]LogConfig: Setting CVar [[r.DOF.Gather.RingCount:4                 ; medium number of samples when gathering]]
[2026.03.16-23.12.53:479][  0]LogConfig: Setting CVar [[r.DOF.Scatter.ForegroundCompositing:1    ; additive foreground scattering]]
[2026.03.16-23.12.53:479][  0]LogConfig: Setting CVar [[r.DOF.Scatter.BackgroundCompositing:2    ; additive background scattering]]
[2026.03.16-23.12.53:479][  0]LogConfig: Setting CVar [[r.DOF.Scatter.EnableBokehSettings:1      ; bokeh simulation when scattering]]
[2026.03.16-23.12.53:479][  0]LogConfig: Setting CVar [[r.DOF.Scatter.MaxSpriteRatio:0.1         ; only a maximum of 10% of scattered bokeh]]
[2026.03.16-23.12.53:479][  0]LogConfig: Setting CVar [[r.DOF.Recombine.Quality:1                ; cheap slight out of focus]]
[2026.03.16-23.12.53:479][  0]LogConfig: Setting CVar [[r.DOF.Recombine.EnableBokehSettings:0    ; no bokeh simulation on slight out of focus]]
[2026.03.16-23.12.53:479][  0]LogConfig: Setting CVar [[r.DOF.TemporalAAQuality:1                ; more stable temporal accumulation]]
[2026.03.16-23.12.53:479][  0]LogConfig: Setting CVar [[r.DOF.Kernel.MaxForegroundRadius:0.025]]
[2026.03.16-23.12.53:479][  0]LogConfig: Setting CVar [[r.DOF.Kernel.MaxBackgroundRadius:0.025]]
[2026.03.16-23.12.53:479][  0]LogConfig: Applying CVar settings from Section [TextureQuality@3] File [D:/UnrealProjects/CyberKittysWeirdBox/Saved/Config/Windows/Scalability.ini]
[2026.03.16-23.12.53:479][  0]LogConfig: Setting CVar [[r.Streaming.MipBias:0]]
[2026.03.16-23.12.53:479][  0]LogConfig: Setting CVar [[r.Streaming.AmortizeCPUToGPUCopy:0]]
[2026.03.16-23.12.53:479][  0]LogConfig: Setting CVar [[r.Streaming.MaxNumTexturesToStreamPerFrame:0]]
[2026.03.16-23.12.53:479][  0]LogConfig: Setting CVar [[r.Streaming.Boost:1]]
[2026.03.16-23.12.53:479][  0]LogConfig: Setting CVar [[r.MaxAnisotropy:8]]
[2026.03.16-23.12.53:479][  0]LogConfig: Setting CVar [[r.VT.MaxAnisotropy:8]]
[2026.03.16-23.12.53:479][  0]LogConfig: Setting CVar [[r.Streaming.LimitPoolSizeToVRAM:0]]
[2026.03.16-23.12.53:479][  0]LogConfig: Setting CVar [[r.Streaming.PoolSize:1000]]
[2026.03.16-23.12.53:479][  0]LogConfig: Setting CVar [[r.Streaming.MaxEffectiveScreenSize:0]]
[2026.03.16-23.12.53:479][  0]LogConfig: Applying CVar settings from Section [EffectsQuality@3] File [D:/UnrealProjects/CyberKittysWeirdBox/Saved/Config/Windows/Scalability.ini]
[2026.03.16-23.12.53:479][  0]LogConfig: Setting CVar [[r.TranslucencyLightingVolumeDim:64]]
[2026.03.16-23.12.53:479][  0]LogConfig: Setting CVar [[r.RefractionQuality:2]]
[2026.03.16-23.12.53:479][  0]LogConfig: Setting CVar [[r.SSR.Quality:3]]
[2026.03.16-23.12.53:479][  0]LogConfig: Setting CVar [[r.SSR.HalfResSceneColor:0]]
[2026.03.16-23.12.53:479][  0]LogConfig: Setting CVar [[r.SceneColorFormat:4]]
[2026.03.16-23.12.53:479][  0]LogConfig: Setting CVar [[r.DetailMode:2]]
[2026.03.16-23.12.53:479][  0]LogConfig: Setting CVar [[r.TranslucencyVolumeBlur:1]]
[2026.03.16-23.12.53:479][  0]LogConfig: Setting CVar [[r.MaterialQualityLevel:1 ; High quality]]
[2026.03.16-23.12.53:479][  0]LogConfig: Setting CVar [[r.AnisotropicMaterials:1]]
[2026.03.16-23.12.53:479][  0]LogConfig: Setting CVar [[r.SSS.Scale:1]]
[2026.03.16-23.12.53:479][  0]LogConfig: Setting CVar [[r.SSS.SampleSet:2]]
[2026.03.16-23.12.53:479][  0]LogConfig: Setting CVar [[r.SSS.Quality:1]]
[2026.03.16-23.12.53:479][  0]LogConfig: Setting CVar [[r.SSS.HalfRes:0]]
[2026.03.16-23.12.53:479][  0]LogConfig: Setting CVar [[r.SSGI.Quality:3]]
[2026.03.16-23.12.53:479][  0]LogConfig: Setting CVar [[r.EmitterSpawnRateScale:1.0]]
[2026.03.16-23.12.53:479][  0]LogConfig: Setting CVar [[r.ParticleLightQuality:2]]
[2026.03.16-23.12.53:479][  0]LogConfig: Setting CVar [[r.SkyAtmosphere.AerialPerspectiveLUT.FastApplyOnOpaque:1 ; Always have FastSkyLUT 1 in this case to avoid wrong sky]]
[2026.03.16-23.12.53:479][  0]LogConfig: Setting CVar [[r.SkyAtmosphere.AerialPerspectiveLUT.SampleCountMaxPerSlice:4]]
[2026.03.16-23.12.53:479][  0]LogConfig: Setting CVar [[r.SkyAtmosphere.AerialPerspectiveLUT.DepthResolution:16.0]]
[2026.03.16-23.12.53:479][  0]LogConfig: Setting CVar [[r.SkyAtmosphere.FastSkyLUT:1]]
[2026.03.16-23.12.53:479][  0]LogConfig: Setting CVar [[r.SkyAtmosphere.FastSkyLUT.SampleCountMin:4.0]]
[2026.03.16-23.12.53:479][  0]LogConfig: Setting CVar [[r.SkyAtmosphere.FastSkyLUT.SampleCountMax:128.0]]
[2026.03.16-23.12.53:479][  0]LogConfig: Setting CVar [[r.SkyAtmosphere.SampleCountMin:4.0]]
[2026.03.16-23.12.53:479][  0]LogConfig: Setting CVar [[r.SkyAtmosphere.SampleCountMax:128.0]]
[2026.03.16-23.12.53:479][  0]LogConfig: Setting CVar [[r.SkyAtmosphere.TransmittanceLUT.UseSmallFormat:0]]
[2026.03.16-23.12.53:479][  0]LogConfig: Setting CVar [[r.SkyAtmosphere.TransmittanceLUT.SampleCount:10.0]]
[2026.03.16-23.12.53:479][  0]LogConfig: Setting CVar [[r.SkyAtmosphere.MultiScatteringLUT.SampleCount:15.0]]
[2026.03.16-23.12.53:479][  0]LogConfig: Setting CVar [[r.SkyLight.RealTimeReflectionCapture:1]]
[2026.03.16-23.12.53:479][  0]LogConfig: Applying CVar settings from Section [FoliageQuality@3] File [D:/UnrealProjects/CyberKittysWeirdBox/Saved/Config/Windows/Scalability.ini]
[2026.03.16-23.12.53:479][  0]LogConfig: Setting CVar [[foliage.DensityScale:1.0]]
[2026.03.16-23.12.53:479][  0]LogConfig: Setting CVar [[grass.DensityScale:1.0]]
[2026.03.16-23.12.53:479][  0]LogConfig: Applying CVar settings from Section [ShadingQuality@3] File [D:/UnrealProjects/CyberKittysWeirdBox/Saved/Config/Windows/Scalability.ini]
[2026.03.16-23.12.53:479][  0]LogConfig: Setting CVar [[r.HairStrands.SkyLighting.IntegrationType:2]]
[2026.03.16-23.12.53:479][  0]LogConfig: Setting CVar [[r.HairStrands.SkyAO.SampleCount:4]]
[2026.03.16-23.12.53:479][  0]LogConfig: Setting CVar [[r.HairStrands.Visibility.MSAA.SamplePerPixel:4]]
[2026.03.16-23.12.53:479][  0]LogInit: Selected Device Profile: [Windows]
[2026.03.16-23.12.53:479][  0]LogInit: Applying CVar settings loaded from the selected device profile: [Windows]
[2026.03.16-23.12.53:479][  0]LogHAL: Display: Platform has ~ 48 GB [51443044352 / 68719476736 / 48], which maps to Largest [LargestMinGB=32, LargerMinGB=12, DefaultMinGB=8, SmallerMinGB=6, SmallestMinGB=0)
[2026.03.16-23.12.53:479][  0]LogInit: Going up to parent DeviceProfile []
[2026.03.16-23.12.53:479][  0]LogConfig: Applying CVar settings from Section [ViewDistanceQuality@3] File [D:/UnrealProjects/CyberKittysWeirdBox/Saved/Config/Windows/Scalability.ini]
[2026.03.16-23.12.53:479][  0]LogConfig: Setting CVar [[r.SkeletalMeshLODBias:0]]
[2026.03.16-23.12.53:479][  0]LogConfig: Setting CVar [[r.ViewDistanceScale:1.0]]
[2026.03.16-23.12.53:479][  0]LogConfig: Applying CVar settings from Section [AntiAliasingQuality@3] File [D:/UnrealProjects/CyberKittysWeirdBox/Saved/Config/Windows/Scalability.ini]
[2026.03.16-23.12.53:479][  0]LogConfig: Setting CVar [[r.PostProcessAAQuality:4]]
[2026.03.16-23.12.53:479][  0]LogConfig: Applying CVar settings from Section [ShadowQuality@3] File [D:/UnrealProjects/CyberKittysWeirdBox/Saved/Config/Windows/Scalability.ini]
[2026.03.16-23.12.53:479][  0]LogConfig: Setting CVar [[r.LightFunctionQuality:1]]
[2026.03.16-23.12.53:479][  0]LogConfig: Setting CVar [[r.ShadowQuality:5]]
[2026.03.16-23.12.53:479][  0]LogConfig: Setting CVar [[r.Shadow.CSM.MaxCascades:10]]
[2026.03.16-23.12.53:479][  0]LogConfig: Setting CVar [[r.Shadow.MaxResolution:2048]]
[2026.03.16-23.12.53:479][  0]LogConfig: Setting CVar [[r.Shadow.MaxCSMResolution:2048]]
[2026.03.16-23.12.53:479][  0]LogConfig: Setting CVar [[r.Shadow.RadiusThreshold:0.01]]
[2026.03.16-23.12.53:479][  0]LogConfig: Setting CVar [[r.Shadow.DistanceScale:1.0]]
[2026.03.16-23.12.53:479][  0]LogConfig: Setting CVar [[r.Shadow.CSM.TransitionScale:1.0]]
[2026.03.16-23.12.53:479][  0]LogConfig: Setting CVar [[r.Shadow.PreShadowResolutionFactor:1.0]]
[2026.03.16-23.12.53:479][  0]LogConfig: Setting CVar [[r.DistanceFieldShadowing:1]]
[2026.03.16-23.12.53:479][  0]LogConfig: Setting CVar [[r.DistanceFieldAO:1]]
[2026.03.16-23.12.53:479][  0]LogConfig: Setting CVar [[r.AOQuality:2]]
[2026.03.16-23.12.53:479][  0]LogConfig: Setting CVar [[r.VolumetricFog:1]]
[2026.03.16-23.12.53:479][  0]LogConfig: Setting CVar [[r.VolumetricFog.GridPixelSize:8]]
[2026.03.16-23.12.53:479][  0]LogConfig: Setting CVar [[r.VolumetricFog.GridSizeZ:128]]
[2026.03.16-23.12.53:479][  0]LogConfig: Setting CVar [[r.VolumetricFog.HistoryMissSupersampleCount:4]]
[2026.03.16-23.12.53:479][  0]LogConfig: Setting CVar [[r.LightMaxDrawDistanceScale:1]]
[2026.03.16-23.12.53:479][  0]LogConfig: Setting CVar [[r.CapsuleShadows:1]]
[2026.03.16-23.12.53:479][  0]LogConfig: Applying CVar settings from Section [PostProcessQuality@3] File [D:/UnrealProjects/CyberKittysWeirdBox/Saved/Config/Windows/Scalability.ini]
[2026.03.16-23.12.53:479][  0]LogConfig: Setting CVar [[r.MotionBlurQuality:4]]
[2026.03.16-23.12.53:479][  0]LogConfig: Setting CVar [[r.AmbientOcclusionMipLevelFactor:0.4]]
[2026.03.16-23.12.53:479][  0]LogConfig: Setting CVar [[r.AmbientOcclusionMaxQuality:100]]
[2026.03.16-23.12.53:479][  0]LogConfig: Setting CVar [[r.AmbientOcclusionLevels:-1]]
[2026.03.16-23.12.53:479][  0]LogConfig: Setting CVar [[r.AmbientOcclusionRadiusScale:1.0]]
[2026.03.16-23.12.53:479][  0]LogConfig: Setting CVar [[r.DepthOfFieldQuality:2]]
[2026.03.16-23.12.53:479][  0]LogConfig: Setting CVar [[r.RenderTargetPoolMin:400]]
[2026.03.16-23.12.53:479][  0]LogConfig: Setting CVar [[r.LensFlareQuality:2]]
[2026.03.16-23.12.53:479][  0]LogConfig: Setting CVar [[r.SceneColorFringeQuality:1]]
[2026.03.16-23.12.53:479][  0]LogConfig: Setting CVar [[r.EyeAdaptationQuality:2]]
[2026.03.16-23.12.53:479][  0]LogConfig: Setting CVar [[r.BloomQuality:5]]
[2026.03.16-23.12.53:479][  0]LogConfig: Setting CVar [[r.FastBlurThreshold:100]]
[2026.03.16-23.12.53:479][  0]LogConfig: Setting CVar [[r.Upscale.Quality:3]]
[2026.03.16-23.12.53:479][  0]LogConfig: Setting CVar [[r.Tonemapper.GrainQuantization:1]]
[2026.03.16-23.12.53:479][  0]LogConfig: Setting CVar [[r.LightShaftQuality:1]]
[2026.03.16-23.12.53:479][  0]LogConfig: Setting CVar [[r.Filter.SizeScale:1]]
[2026.03.16-23.12.53:479][  0]LogConfig: Setting CVar [[r.Tonemapper.Quality:5]]
[2026.03.16-23.12.53:479][  0]LogConfig: Setting CVar [[r.DOF.Gather.AccumulatorQuality:1        ; higher gathering accumulator quality]]
[2026.03.16-23.12.53:479][  0]LogConfig: Setting CVar [[r.DOF.Gather.PostfilterMethod:1          ; Median3x3 postfilering method]]
[2026.03.16-23.12.53:479][  0]LogConfig: Setting CVar [[r.DOF.Gather.EnableBokehSettings:0       ; no bokeh simulation when gathering]]
[2026.03.16-23.12.53:479][  0]LogConfig: Setting CVar [[r.DOF.Gather.RingCount:4                 ; medium number of samples when gathering]]
[2026.03.16-23.12.53:479][  0]LogConfig: Setting CVar [[r.DOF.Scatter.ForegroundCompositing:1    ; additive foreground scattering]]
[2026.03.16-23.12.53:479][  0]LogConfig: Setting CVar [[r.DOF.Scatter.BackgroundCompositing:2    ; additive background scattering]]
[2026.03.16-23.12.53:479][  0]LogConfig: Setting CVar [[r.DOF.Scatter.EnableBokehSettings:1      ; bokeh simulation when scattering]]
[2026.03.16-23.12.53:481][  0]LogConfig: Setting CVar [[r.DOF.Scatter.MaxSpriteRatio:0.1         ; only a maximum of 10% of scattered bokeh]]
[2026.03.16-23.12.53:481][  0]LogConfig: Setting CVar [[r.DOF.Recombine.Quality:1                ; cheap slight out of focus]]
[2026.03.16-23.12.53:481][  0]LogConfig: Setting CVar [[r.DOF.Recombine.EnableBokehSettings:0    ; no bokeh simulation on slight out of focus]]
[2026.03.16-23.12.53:481][  0]LogConfig: Setting CVar [[r.DOF.TemporalAAQuality:1                ; more stable temporal accumulation]]
[2026.03.16-23.12.53:481][  0]LogConfig: Setting CVar [[r.DOF.Kernel.MaxForegroundRadius:0.025]]
[2026.03.16-23.12.53:481][  0]LogConfig: Setting CVar [[r.DOF.Kernel.MaxBackgroundRadius:0.025]]
[2026.03.16-23.12.53:481][  0]LogConfig: Applying CVar settings from Section [TextureQuality@3] File [D:/UnrealProjects/CyberKittysWeirdBox/Saved/Config/Windows/Scalability.ini]
[2026.03.16-23.12.53:481][  0]LogConfig: Setting CVar [[r.Streaming.MipBias:0]]
[2026.03.16-23.12.53:481][  0]LogConfig: Setting CVar [[r.Streaming.AmortizeCPUToGPUCopy:0]]
[2026.03.16-23.12.53:481][  0]LogConfig: Setting CVar [[r.Streaming.MaxNumTexturesToStreamPerFrame:0]]
[2026.03.16-23.12.53:481][  0]LogConfig: Setting CVar [[r.Streaming.Boost:1]]
[2026.03.16-23.12.53:481][  0]LogConfig: Setting CVar [[r.MaxAnisotropy:8]]
[2026.03.16-23.12.53:481][  0]LogConfig: Setting CVar [[r.VT.MaxAnisotropy:8]]
[2026.03.16-23.12.53:481][  0]LogConfig: Setting CVar [[r.Streaming.LimitPoolSizeToVRAM:0]]
[2026.03.16-23.12.53:481][  0]LogConfig: Setting CVar [[r.Streaming.PoolSize:1000]]
[2026.03.16-23.12.53:481][  0]LogConfig: Setting CVar [[r.Streaming.MaxEffectiveScreenSize:0]]
[2026.03.16-23.12.53:481][  0]LogConfig: Applying CVar settings from Section [EffectsQuality@3] File [D:/UnrealProjects/CyberKittysWeirdBox/Saved/Config/Windows/Scalability.ini]
[2026.03.16-23.12.53:481][  0]LogConfig: Setting CVar [[r.TranslucencyLightingVolumeDim:64]]
[2026.03.16-23.12.53:481][  0]LogConfig: Setting CVar [[r.RefractionQuality:2]]
[2026.03.16-23.12.53:481][  0]LogConfig: Setting CVar [[r.SSR.Quality:3]]
[2026.03.16-23.12.53:481][  0]LogConfig: Setting CVar [[r.SSR.HalfResSceneColor:0]]
[2026.03.16-23.12.53:481][  0]LogConfig: Setting CVar [[r.SceneColorFormat:4]]
[2026.03.16-23.12.53:481][  0]LogConfig: Setting CVar [[r.DetailMode:2]]
[2026.03.16-23.12.53:481][  0]LogConfig: Setting CVar [[r.TranslucencyVolumeBlur:1]]
[2026.03.16-23.12.53:481][  0]LogConfig: Setting CVar [[r.MaterialQualityLevel:1 ; High quality]]
[2026.03.16-23.12.53:481][  0]LogConfig: Setting CVar [[r.AnisotropicMaterials:1]]
[2026.03.16-23.12.53:481][  0]LogConfig: Setting CVar [[r.SSS.Scale:1]]
[2026.03.16-23.12.53:481][  0]LogConfig: Setting CVar [[r.SSS.SampleSet:2]]
[2026.03.16-23.12.53:481][  0]LogConfig: Setting CVar [[r.SSS.Quality:1]]
[2026.03.16-23.12.53:481][  0]LogConfig: Setting CVar [[r.SSS.HalfRes:0]]
[2026.03.16-23.12.53:481][  0]LogConfig: Setting CVar [[r.SSGI.Quality:3]]
[2026.03.16-23.12.53:481][  0]LogConfig: Setting CVar [[r.EmitterSpawnRateScale:1.0]]
[2026.03.16-23.12.53:481][  0]LogConfig: Setting CVar [[r.ParticleLightQuality:2]]
[2026.03.16-23.12.53:481][  0]LogConfig: Setting CVar [[r.SkyAtmosphere.AerialPerspectiveLUT.FastApplyOnOpaque:1 ; Always have FastSkyLUT 1 in this case to avoid wrong sky]]
[2026.03.16-23.12.53:481][  0]LogConfig: Setting CVar [[r.SkyAtmosphere.AerialPerspectiveLUT.SampleCountMaxPerSlice:4]]
[2026.03.16-23.12.53:481][  0]LogConfig: Setting CVar [[r.SkyAtmosphere.AerialPerspectiveLUT.DepthResolution:16.0]]
[2026.03.16-23.12.53:481][  0]LogConfig: Setting CVar [[r.SkyAtmosphere.FastSkyLUT:1]]
[2026.03.16-23.12.53:481][  0]LogConfig: Setting CVar [[r.SkyAtmosphere.FastSkyLUT.SampleCountMin:4.0]]
[2026.03.16-23.12.53:481][  0]LogConfig: Setting CVar [[r.SkyAtmosphere.FastSkyLUT.SampleCountMax:128.0]]
[2026.03.16-23.12.53:481][  0]LogConfig: Setting CVar [[r.SkyAtmosphere.SampleCountMin:4.0]]
[2026.03.16-23.12.53:481][  0]LogConfig: Setting CVar [[r.SkyAtmosphere.SampleCountMax:128.0]]
[2026.03.16-23.12.53:481][  0]LogConfig: Setting CVar [[r.SkyAtmosphere.TransmittanceLUT.UseSmallFormat:0]]
[2026.03.16-23.12.53:481][  0]LogConfig: Setting CVar [[r.SkyAtmosphere.TransmittanceLUT.SampleCount:10.0]]
[2026.03.16-23.12.53:481][  0]LogConfig: Setting CVar [[r.SkyAtmosphere.MultiScatteringLUT.SampleCount:15.0]]
[2026.03.16-23.12.53:481][  0]LogConfig: Setting CVar [[r.SkyLight.RealTimeReflectionCapture:1]]
[2026.03.16-23.12.53:481][  0]LogConfig: Applying CVar settings from Section [FoliageQuality@3] File [D:/UnrealProjects/CyberKittysWeirdBox/Saved/Config/Windows/Scalability.ini]
[2026.03.16-23.12.53:481][  0]LogConfig: Setting CVar [[foliage.DensityScale:1.0]]
[2026.03.16-23.12.53:481][  0]LogConfig: Setting CVar [[grass.DensityScale:1.0]]
[2026.03.16-23.12.53:481][  0]LogConfig: Applying CVar settings from Section [ShadingQuality@3] File [D:/UnrealProjects/CyberKittysWeirdBox/Saved/Config/Windows/Scalability.ini]
[2026.03.16-23.12.53:481][  0]LogConfig: Setting CVar [[r.HairStrands.SkyLighting.IntegrationType:2]]
[2026.03.16-23.12.53:481][  0]LogConfig: Setting CVar [[r.HairStrands.SkyAO.SampleCount:4]]
[2026.03.16-23.12.53:481][  0]LogConfig: Setting CVar [[r.HairStrands.Visibility.MSAA.SamplePerPixel:4]]
[2026.03.16-23.12.53:481][  0]LogConfig: Applying CVar settings from Section [Startup] File [../../../Engine/Config/ConsoleVariables.ini]
[2026.03.16-23.12.53:481][  0]LogConfig: Setting CVar [[net.UseAdaptiveNetUpdateFrequency:0]]
[2026.03.16-23.12.53:481][  0]LogConfig: Setting CVar [[p.chaos.AllowCreatePhysxBodies:1]]
[2026.03.16-23.12.53:481][  0]LogConfig: Setting CVar [[fx.SkipVectorVMBackendOptimizations:1]]
[2026.03.16-23.12.53:481][  0]LogConfig: Applying CVar settings from Section [ConsoleVariables] File [D:/UnrealProjects/CyberKittysWeirdBox/Saved/Config/Windows/Engine.ini]
[2026.03.16-23.12.53:481][  0]LogConfig: Applying CVar settings from Section [ConsoleVariables] File [D:/UnrealProjects/CyberKittysWeirdBox/Saved/Config/Windows/Editor.ini]
[2026.03.16-23.12.53:481][  0]LogInit: Computer: MAIN
[2026.03.16-23.12.53:481][  0]LogInit: User: caich
[2026.03.16-23.12.53:481][  0]LogInit: CPU Page size=4096, Cores=6
[2026.03.16-23.12.53:481][  0]LogInit: High frequency timer resolution =10.000000 MHz
[2026.03.16-23.12.53:481][  0]LogMemory: Memory total: Physical=47.9GB (48GB approx)
[2026.03.16-23.12.53:481][  0]LogMemory: Platform Memory Stats for Windows
[2026.03.16-23.12.53:481][  0]LogMemory: Process Physical Memory: 158.47 MB used, 165.46 MB peak
[2026.03.16-23.12.53:481][  0]LogMemory: Process Virtual Memory: 127.85 MB used, 127.85 MB peak
[2026.03.16-23.12.53:481][  0]LogMemory: Physical Memory: 19978.76 MB used,  29081.15 MB free, 49059.91 MB total
[2026.03.16-23.12.53:481][  0]LogMemory: Virtual Memory: 134131048.00 MB used,  86677.00 MB free, 134217728.00 MB total
[2026.03.16-23.12.53:485][  0]LogWindows: WindowsPlatformFeatures enabled
[2026.03.16-23.12.53:518][  0]LogInit: Physics initialised using underlying interface: PhysX
[2026.03.16-23.12.53:518][  0]LogInit: Using OS detected language (en-US).
[2026.03.16-23.12.53:518][  0]LogInit: Using OS detected locale (en-US).
[2026.03.16-23.12.53:519][  0]LogTextLocalizationManager: No specific localization for 'en-US' exists, so the 'en' localization will be used.
[2026.03.16-23.12.53:662][  0]LogInit: Setting process to per monitor DPI aware
[2026.03.16-23.12.53:674][  0]LogWindowsTextInputMethodSystem: Display: IME system deactivated.
[2026.03.16-23.12.53:689][  0]LogSlate: New Slate User Created.  User Index 0, Is Virtual User: 0
[2026.03.16-23.12.53:689][  0]LogSlate: Slate User Registered.  User Index 0, Is Virtual User: 0
[2026.03.16-23.12.53:803][  0]LogD3D11RHI: Loaded GFSDK_Aftermath_Lib.x64.dll
[2026.03.16-23.12.53:825][  0]LogHMD: Failed to initialize OpenVR with code 110
[2026.03.16-23.12.53:825][  0]LogD3D11RHI: D3D11 min allowed feature level: 11_0
[2026.03.16-23.12.53:825][  0]LogD3D11RHI: D3D11 max allowed feature level: 11_0
[2026.03.16-23.12.53:825][  0]LogD3D11RHI: D3D11 adapters:
[2026.03.16-23.12.53:963][  0]LogD3D11RHI:    0. 'NVIDIA GeForce RTX 3060' (Feature Level 11_0)
[2026.03.16-23.12.53:963][  0]LogD3D11RHI:       12110/0/24529 MB DedicatedVideo/DedicatedSystem/SharedSystem, Outputs:2, VendorId:0x10de
[2026.03.16-23.12.53:964][  0]LogD3D11RHI:    1. 'Microsoft Basic Render Driver' (Feature Level 11_0)
[2026.03.16-23.12.53:964][  0]LogD3D11RHI:       0/0/24529 MB DedicatedVideo/DedicatedSystem/SharedSystem, Outputs:0, VendorId:0x1414
[2026.03.16-23.12.54:064][  0]LogD3D11RHI:    2. 'NVIDIA GeForce RTX 3060' (Feature Level 11_0)
[2026.03.16-23.12.54:064][  0]LogD3D11RHI:       12110/0/24529 MB DedicatedVideo/DedicatedSystem/SharedSystem, Outputs:0, VendorId:0x10de
[2026.03.16-23.12.54:064][  0]LogD3D11RHI: Chosen D3D11 Adapter:
[2026.03.16-23.12.54:064][  0]LogD3D11RHI:     Description : NVIDIA GeForce RTX 3060
[2026.03.16-23.12.54:064][  0]LogD3D11RHI:     VendorId    : 10de
[2026.03.16-23.12.54:064][  0]LogD3D11RHI:     DeviceId    : 2487
[2026.03.16-23.12.54:064][  0]LogD3D11RHI:     SubSysId    : 8e901462
[2026.03.16-23.12.54:064][  0]LogD3D11RHI:     Revision    : 00a1
[2026.03.16-23.12.54:064][  0]LogD3D11RHI:     DedicatedVideoMemory : 12698255360 bytes
[2026.03.16-23.12.54:064][  0]LogD3D11RHI:     DedicatedSystemMemory : 0 bytes
[2026.03.16-23.12.54:064][  0]LogD3D11RHI:     SharedSystemMemory : 25721522176 bytes
[2026.03.16-23.12.54:064][  0]LogD3D11RHI:     AdapterLuid : 0 67211
[2026.03.16-23.12.54:073][  0]LogD3D11RHI: Creating new Direct3DDevice
[2026.03.16-23.12.54:073][  0]LogD3D11RHI:     GPU DeviceId: 0x2487 (for the marketing name, search the web for "GPU Device Id")
[2026.03.16-23.12.54:073][  0]LogWindows: EnumDisplayDevices:
[2026.03.16-23.12.54:073][  0]LogWindows:    0. 'NVIDIA GeForce RTX 3060' (P:0 D:1)
[2026.03.16-23.12.54:073][  0]LogWindows:    1. 'NVIDIA GeForce RTX 3060' (P:1 D:1)
[2026.03.16-23.12.54:073][  0]LogWindows:    2. 'NVIDIA GeForce RTX 3060' (P:0 D:0)
[2026.03.16-23.12.54:073][  0]LogWindows:    3. 'NVIDIA GeForce RTX 3060' (P:0 D:0)
[2026.03.16-23.12.54:074][  0]LogWindows:    4. 'Meta Virtual Monitor' (P:0 D:0)
[2026.03.16-23.12.54:074][  0]LogWindows:    5. 'Meta Virtual Monitor' (P:0 D:0)
[2026.03.16-23.12.54:074][  0]LogWindows:    6. 'Meta Virtual Monitor' (P:0 D:0)
[2026.03.16-23.12.54:074][  0]LogWindows:    7. 'Meta Virtual Monitor' (P:0 D:0)
[2026.03.16-23.12.54:074][  0]LogWindows:    8. 'Meta Virtual Monitor' (P:0 D:0)
[2026.03.16-23.12.54:074][  0]LogWindows:    9. 'Meta Virtual Monitor' (P:0 D:0)
[2026.03.16-23.12.54:074][  0]LogWindows:    10. 'Meta Virtual Monitor' (P:0 D:0)
[2026.03.16-23.12.54:074][  0]LogWindows: DebugString: GetVideoDriverDetailsInvalid PrimaryIsNotTheChoosenAdapter GetVideoDriverDetailsInvalid PrimaryIsNotTheChoosenAdapter GetVideoDriverDetailsInvalid PrimaryIsNotTheChoosenAdapter GetVideoDriverDetailsInvalid PrimaryIsNotTheChoosenAdapter GetVideoDriverDetailsInvalid PrimaryIsNotTheChoosenAdapter GetVideoDriverDetailsInvalid PrimaryIsNotTheChoosenAdapter GetVideoDriverDetailsInvalid PrimaryIsNotTheChoosenAdapter FoundDriverCount:4 
[2026.03.16-23.12.54:074][  0]LogD3D11RHI:     Adapter Name: NVIDIA GeForce RTX 3060
[2026.03.16-23.12.54:074][  0]LogD3D11RHI:   Driver Version: 561.09 (internal:32.0.15.6109, unified:561.09)
[2026.03.16-23.12.54:074][  0]LogD3D11RHI:      Driver Date: 9-5-2024
[2026.03.16-23.12.54:074][  0]LogRHI: Texture pool is 8477 MB (70% of 12110 MB)
[2026.03.16-23.12.54:074][  0]LogD3D11RHI: Creating D3DDevice using adapter:
[2026.03.16-23.12.54:074][  0]LogD3D11RHI:     Description : NVIDIA GeForce RTX 3060
[2026.03.16-23.12.54:074][  0]LogD3D11RHI:     VendorId    : 10de
[2026.03.16-23.12.54:074][  0]LogD3D11RHI:     DeviceId    : 2487
[2026.03.16-23.12.54:074][  0]LogD3D11RHI:     SubSysId    : 8e901462
[2026.03.16-23.12.54:074][  0]LogD3D11RHI:     Revision    : 00a1
[2026.03.16-23.12.54:074][  0]LogD3D11RHI:     DedicatedVideoMemory : 12698255360 bytes
[2026.03.16-23.12.54:074][  0]LogD3D11RHI:     DedicatedSystemMemory : 0 bytes
[2026.03.16-23.12.54:074][  0]LogD3D11RHI:     SharedSystemMemory : 25721522176 bytes
[2026.03.16-23.12.54:074][  0]LogD3D11RHI:     AdapterLuid : 0 67211
[2026.03.16-23.12.54:154][  0]LogD3D11RHI: RHI has support for 64 bit atomics
[2026.03.16-23.12.54:154][  0]LogD3D11RHI: Async texture creation enabled
[2026.03.16-23.12.54:154][  0]LogD3D11RHI: Array index from any shader is supported
[2026.03.16-23.12.54:169][  0]LogD3D11RHI: GPU Timing Frequency: 1000.000000 (Debug: 2 1)
[2026.03.16-23.12.54:187][  0]LogRHI: GeForceNow SDK initialized: 1
[2026.03.16-23.12.54:419][  0]LogTargetPlatformManager: Display: Loaded TargetPlatform 'AllDesktop'
[2026.03.16-23.12.54:437][  0]LogTargetPlatformManager: Display: Loaded TargetPlatform 'Android'
[2026.03.16-23.12.54:437][  0]LogTargetPlatformManager: Display: Loaded TargetPlatform 'Android_ASTC'
[2026.03.16-23.12.54:437][  0]LogTargetPlatformManager: Display: Loaded TargetPlatform 'Android_DXT'
[2026.03.16-23.12.54:437][  0]LogTargetPlatformManager: Display: Loaded TargetPlatform 'Android_ETC2'
[2026.03.16-23.12.54:437][  0]LogTargetPlatformManager: Display: Loaded TargetPlatform 'AndroidClient'
[2026.03.16-23.12.54:437][  0]LogTargetPlatformManager: Display: Loaded TargetPlatform 'Android_ASTCClient'
[2026.03.16-23.12.54:437][  0]LogTargetPlatformManager: Display: Loaded TargetPlatform 'Android_DXTClient'
[2026.03.16-23.12.54:437][  0]LogTargetPlatformManager: Display: Loaded TargetPlatform 'Android_ETC2Client'
[2026.03.16-23.12.54:437][  0]LogTargetPlatformManager: Display: Loaded TargetPlatform 'Android_Multi'
[2026.03.16-23.12.54:437][  0]LogTargetPlatformManager: Display: Loaded TargetPlatform 'Android_MultiClient'
[2026.03.16-23.12.54:452][  0]LogTargetPlatformManager: Display: Loaded TargetPlatform 'IOSClient'
[2026.03.16-23.12.54:452][  0]LogTargetPlatformManager: Display: Loaded TargetPlatform 'IOS'
[2026.03.16-23.12.54:465][  0]LogTargetPlatformManager: Display: Loaded TargetPlatform 'Linux'
[2026.03.16-23.12.54:468][  0]LogTargetPlatformManager: Display: Loaded TargetPlatform 'LinuxNoEditor'
[2026.03.16-23.12.54:472][  0]LogTargetPlatformManager: Display: Loaded TargetPlatform 'LinuxClient'
[2026.03.16-23.12.54:476][  0]LogTargetPlatformManager: Display: Loaded TargetPlatform 'LinuxServer'
[2026.03.16-23.12.54:481][  0]LogTargetPlatformManager: Display: Loaded TargetPlatform 'LinuxAArch64NoEditor'
[2026.03.16-23.12.54:485][  0]LogTargetPlatformManager: Display: Loaded TargetPlatform 'LinuxAArch64Client'
[2026.03.16-23.12.54:489][  0]LogTargetPlatformManager: Display: Loaded TargetPlatform 'LinuxAArch64Server'
[2026.03.16-23.12.54:504][  0]LogTargetPlatformManager: Display: Loaded TargetPlatform 'Lumin'
[2026.03.16-23.12.54:504][  0]LogTargetPlatformManager: Display: Loaded TargetPlatform 'LuminClient'
[2026.03.16-23.12.54:510][  0]LogTargetPlatformManager: Display: Loaded TargetPlatform 'MacNoEditor'
[2026.03.16-23.12.54:513][  0]LogTargetPlatformManager: Display: Loaded TargetPlatform 'Mac'
[2026.03.16-23.12.54:518][  0]LogTargetPlatformManager: Display: Loaded TargetPlatform 'MacClient'
[2026.03.16-23.12.54:521][  0]LogTargetPlatformManager: Display: Loaded TargetPlatform 'MacServer'
[2026.03.16-23.12.54:528][  0]LogTargetPlatformManager: Display: Loaded TargetPlatform 'TVOSClient'
[2026.03.16-23.12.54:528][  0]LogTargetPlatformManager: Display: Loaded TargetPlatform 'TVOS'
[2026.03.16-23.12.54:534][  0]LogTargetPlatformManager: Display: Loaded TargetPlatform 'WindowsNoEditor'
[2026.03.16-23.12.54:538][  0]LogTargetPlatformManager: Display: Loaded TargetPlatform 'Windows'
[2026.03.16-23.12.54:541][  0]LogTargetPlatformManager: Display: Loaded TargetPlatform 'WindowsClient'
[2026.03.16-23.12.54:544][  0]LogTargetPlatformManager: Display: Loaded TargetPlatform 'WindowsServer'
[2026.03.16-23.12.54:544][  0]LogTargetPlatformManager: Display: Building Assets For Windows
[2026.03.16-23.12.54:550][  0]LogAudioDebug: Display: Lib vorbis DLL was dynamically loaded.
[2026.03.16-23.12.54:572][  0]LogTextureFormatOodle: Display: Oodle Texture 2.9.0 init RDO Off
[2026.03.16-23.12.54:598][  0]LogRendererCore: Ray tracing is disabled. Reason: r.RayTracing=0.
[2026.03.16-23.12.54:598][  0]LogShaderCompilers: Guid format shader working directory is -4 characters bigger than the processId version (../../../../../UnrealProjects/CyberKittysWeirdBox/Intermediate/Shaders/WorkingDirectory/27548/).
[2026.03.16-23.12.54:598][  0]LogShaderCompilers: Cleaned the shader compiler working directory 'C:/Users/caich/AppData/Local/Temp/UnrealShaderWorkingDir/5DC711834D2862A04B7662A29B11C004/'.
[2026.03.16-23.12.54:598][  0]LogXGEController: Cannot use XGE Controller as Incredibuild is not installed on this machine.
[2026.03.16-23.12.54:598][  0]LogShaderCompilers: Cannot use XGE Shader Compiler as Incredibuild is not installed on this machine.
[2026.03.16-23.12.54:598][  0]LogShaderCompilers: Display: Using Local Shader Compiler.
[2026.03.16-23.12.55:140][  0]LogDerivedDataCache: Display: Max Cache Size: 512 MB
[2026.03.16-23.12.55:188][  0]LogDerivedDataCache: Loaded boot cache 0.05s 94MB C:/Users/caich/AppData/Local/UnrealEngine/4.27/DerivedDataCache/Boot.ddc.
[2026.03.16-23.12.55:188][  0]LogDerivedDataCache: Display: Loaded Boot cache: C:/Users/caich/AppData/Local/UnrealEngine/4.27/DerivedDataCache/Boot.ddc
[2026.03.16-23.12.55:188][  0]LogDerivedDataCache: FDerivedDataBackendGraph:  Pak pak cache file ../../../../../UnrealProjects/CyberKittysWeirdBox/DerivedDataCache/DDC.ddp not found, will not use a pak cache.
[2026.03.16-23.12.55:189][  0]LogDerivedDataCache: Unable to find inner node Pak for hierarchical cache Hierarchy.
[2026.03.16-23.12.55:189][  0]LogDerivedDataCache: FDerivedDataBackendGraph:  CompressedPak pak cache file ../../../../../UnrealProjects/CyberKittysWeirdBox/DerivedDataCache/Compressed.ddp not found, will not use a pak cache.
[2026.03.16-23.12.55:189][  0]LogDerivedDataCache: Unable to find inner node CompressedPak for hierarchical cache Hierarchy.
[2026.03.16-23.12.55:203][  0]LogDerivedDataCache: Display: Pak cache opened for reading ../../../Engine/DerivedDataCache/Compressed.ddp.
[2026.03.16-23.12.55:203][  0]LogDerivedDataCache: FDerivedDataBackendGraph:  EnterprisePak pak cache file ../../../Enterprise/DerivedDataCache/Compressed.ddp not found, will not use a pak cache.
[2026.03.16-23.12.55:203][  0]LogDerivedDataCache: Unable to find inner node EnterprisePak for hierarchical cache Hierarchy.
[2026.03.16-23.12.55:211][  0]LogDerivedDataCache: Speed tests for C:/Users/caich/AppData/Local/UnrealEngine/Common/DerivedDataCache took 0.01 seconds
[2026.03.16-23.12.55:211][  0]LogDerivedDataCache: Display: Performance to C:/Users/caich/AppData/Local/UnrealEngine/Common/DerivedDataCache: Latency=0.04ms. RandomReadSpeed=1052.87MBs, RandomWriteSpeed=158.31MBs. Assigned SpeedClass 'Local'
[2026.03.16-23.12.55:211][  0]LogDerivedDataCache: Using Local data cache path C:/Users/caich/AppData/Local/UnrealEngine/Common/DerivedDataCache: Writable
[2026.03.16-23.12.55:211][  0]LogDerivedDataCache: Shared data cache path not found in *engine.ini, will not use an Shared cache.
[2026.03.16-23.12.55:211][  0]LogDerivedDataCache: Unable to find inner node Shared for hierarchical cache Hierarchy.
[2026.03.16-23.12.55:246][  0]LogSlate: Using FreeType 2.10.0
[2026.03.16-23.12.55:246][  0]LogSlate: SlateFontServices - WITH_FREETYPE: 1, WITH_HARFBUZZ: 1
[2026.03.16-23.12.55:266][  0]LogAssetRegistry: FAssetRegistry took 0.0022 seconds to start up
[2026.03.16-23.12.55:465][  0]LogInit: Selected Device Profile: [Windows]
[2026.03.16-23.12.55:465][  0]LogInit: Active device profile: [000001E54DF08D00][000001E54D192A80 49] Windows
[2026.03.16-23.12.55:465][  0]LogInit: Profiles: [000001E54DF08D00][000001E54D192A80 49] Windows, [000001E54DE6A300][000001E54D1AEBC0 49] WindowsNoEditor, [000001E54DF09C00][000001E54D1B6D40 49] WindowsServer, [000001E54DE6B100][000001E54D1BAEC0 49] WindowsClient, [000001E54DF0A900][000001E54D1C3040 49] IOS, [000001E54DE69A00][000001E54D1D31C0 49] iPadAir, [000001E54DF0BE00][000001E54D1D7340 49] iPadAir2, [000001E54DBFD100][000001E545A7F600 49] IPadPro, [000001E54DBFD200][000001E54D1DB640 49] iPadAir3, [000001E54DE68C00][000001E545A837C0 49] iPadAir4, [000001E54DBFDE00][000001E545A87940 49] iPadMini2, [000001E54DE6B300][000001E545A8BAC0 49] iPadMini3, [000001E54DBFF900][000001E545A8E0C0 49] iPadMini4, [000001E54DE69000][000001E545A92240 49] iPadMini5, [000001E54DC40900][000001E545A9A500 49] iPhone6, [000001E54DC40A00][000001E545A96540 49] iPodTouch6, [000001E54DF0AE00][000001E545AA2800 49] iPhone7, [000001E54DF0AF00][000001E545A9E840 49] iPodTouch7, [000001E54DBFFE00][000001E54D1B2980 49] iPhone5S, [000001E54DF08F00][000001E545AA6AC0 49] iPhone6Plus, [000001E54DC40100][000001E545AAAC00 49] iPhone6S, [000001E54DBFC300][000001E545AAED40 49] iPhone6SPlus, [000001E54DC42800][000001E545AB6EC0 49] iPhone7Plus, [000001E54DBFE400][000001E545ABB040 49] iPhoneSE, [000001E54DC42600][000001E545ABF1C0 49] iPhone8, [000001E54DBFC400][000001E545AC3340 49] iPhone8Plus, [000001E54DC43100][000001E545AC74C0 49] iPhoneX, [000001E54DF09400][000001E545ACB640 49] iPhoneXS, [000001E54DC42B00][000001E545ACF7C0 49] iPhoneXSMax, [000001E54DF08700][000001E547D81940 49] iPhoneXR, [000001E54DC40800][000001E547D85AC0 49] iPhone11, [000001E54DF09100][000001E547D880C0 49] iPhone11Pro, [000001E54DC41A00][000001E547D8C240 49] iPhone11ProMax, [000001E54DF0B700][000001E547D903C0 49] iPhoneSE2, [000001E54DC43800][000001E547D94540 49] iPhone12Mini, [000001E54DF0A300][000001E547D986C0 49] iPhone12, [000001E54DC43200][000001E547D9C840 49] iPhone12Pro, [000001E54DF09300][000001E547DA09C0 49] iPhone12ProMax, [000001E54DC41500][000001E547DA4B40 49] iPadPro105, [000001E54DF08A00][000001E545AB2C80 49] iPadPro129, [000001E54DC43D00][000001E547DA8DC0 49] iPadPro97, [000001E54DF0AA00][000001E547DACF00 49] iPadPro2_129, [000001E54DC42900][000001E547DB5080 49] iPad5, [000001E54DF09E00][000001E547DB9200 49] iPad6, [000001E54DC41300][000001E547DBD380 49] iPad7, [000001E54DF08200][000001E547DC1500 49] iPad8, [000001E54DC40400][000001E547DC5680 49] iPadPro11, [000001E54DF09A00][000001E547DC9800 49] iPadPro2_11, [000001E54DC41600][000001E547DCD980 49] iPadPro3_129, [000001E54DF0A700][000001E547DD1B00 49] iPadPro4_129, [000001E54DC40200][000001E547DD4100 49] AppleTV, [000001E54DF08900][000001E547DD8280 49] AppleTV4K, [000001E54DC41D00][000001E547DDC400 49] TVOS, [000001E54DF0AD00][000001E547DE0580 49] Mac, [000001E54DC43600][000001E547DE4700 49] MacClient, [000001E54DF0B900][000001E547DE8880 49] MacNoEditor, [000001E54DC43500][000001E547DECA00 49] MacServer, [000001E54DF09200][000001E547C6AB80 49] Linux, [000001E54DC41C00][000001E547C6ED00 49] LinuxAArch64, [000001E54DF0BC00][000001E547DB0E40 49] LinuxNoEditor, [000001E54DC42300][000001E547C72F80 49] LinuxAArch64NoEditor, [000001E54DF09B00][000001E547C770C0 49] LinuxClient, [000001E54DC42500][000001E547C7F240 49] LinuxAArch64Client, [000001E54DF08E00][000001E547C833C0 49] LinuxServer, [000001E54DC43900][000001E547C87540 49] LinuxAArch64Server, [000001E54DF0B500][000001E547C8B6C0 49] Android, [000001E54DC41E00][000001E547C8F840 49] Android_Low, [000001E54DF09F00][000001E547C939C0 49] Android_Mid, [000001E54DC42200][000001E547C97B40 49] Android_High, [000001E54DF0BF00][000001E547C9A140 49] Android_Default, [000001E54DC42000][000001E547C9E2C0 49] Android_Adreno4xx, [000001E54DF0BD00][000001E547CA2440 49] Android_Adreno5xx_Low, [000001E54DC42A00][000001E547CA65C0 49] Android_Adreno5xx, [000001E54DF0B800][000001E547CAA740 49] Android_Adreno6xx, [000001E54DE68500][000001E547CAE8C0 49] Android_Adreno6xx_Vulkan, [000001E54DBFD400][000001E547CB2A40 49] Android_Mali_T6xx, [000001E54DE69100][000001E547CB6BC0 49] Android_Mali_T7xx, [000001E54DBFED00][000001E547CBAD40 49] Android_Mali_T8xx, [000001E54DE6AF00][000001E547CBEEC0 49] Android_Mali_G71, [000001E54DBFF400][000001E547C7B000 49] Android_Mali_G72, [000001E54DE69700][000001E547CC3140 49] Android_Mali_G72_Vulkan, [000001E54DBFD300][000001E547CC7280 49] Android_Mali_G76, [000001E54DE6BA00][000001E547CCB3C0 49] Android_Mali_G76_Vulkan, [000001E54DBFEC00][000001E547CD3540 49] Android_Mali_G77, [000001E54DE69500][000001E547CD76C0 49] Android_Mali_G77_Vulkan, [000001E54DBFD800][000001E547CDB840 49] Android_Mali_G78, [000001E54DE6A200][000001E547CDF9C0 49] Android_Mali_G78_Vulkan, [000001E54DBFFD00][000001E547CE3B40 49] Android_Mali_G710, [000001E54DE68300][000001E547CE6140 49] Android_Mali_G710_Vulkan, [000001E54DBFC200][000001E547CEA2C0 49] Android_Vulkan_SM5, [000001E54DE68800][000001E547CEE440 49] Android_PowerVR_G6xxx, [000001E54DBFE500][000001E547E765C0 49] Android_PowerVR_GT7xxx, [000001E54DE68E00][000001E547E7A740 49] Android_PowerVR_GE8xxx, [000001E54DBFD500][000001E547E7E8C0 49] Android_PowerVR_GM9xxx, [000001E54DE68D00][000001E547E82A40 49] Android_PowerVR_GM9xxx_Vulkan, [000001E54DBFD900][000001E547E86BC0 49] Android_TegraK1, [000001E54DE68600][000001E547E8AD40 49] Android_Unknown_Vulkan, [000001E54DBFF800][000001E547E8EEC0 49] Lumin, [000001E54DE6A600][000001E547E93040 49] Lumin_Desktop, [000001E54DBFFB00][000001E547CCF180 49] HoloLens, 
[2026.03.16-23.12.55:508][  0]LogMeshReduction: Using QuadricMeshReduction for automatic static mesh reduction
[2026.03.16-23.12.55:508][  0]LogMeshReduction: Using SimplygonMeshReduction for automatic skeletal mesh reduction
[2026.03.16-23.12.55:508][  0]LogMeshReduction: Using ProxyLODMeshReduction for automatic mesh merging
[2026.03.16-23.12.55:508][  0]LogMeshReduction: No distributed automatic mesh merging module available
[2026.03.16-23.12.55:508][  0]LogMeshMerging: No distributed automatic mesh merging module available
[2026.03.16-23.12.55:598][  0]LogNetVersion: WeirdBox 1.0.0, NetCL: 17155196, EngineNetVer: 17, GameNetVer: 0 (Checksum: 2367373896)
[2026.03.16-23.12.55:959][  0]LogTexture: Default maximum texture size for cubemaps generated from long-lat sources has been changed from 512 to unlimited. In order to preserve old behaiour for '/Engine/MapTemplates/Sky/DaylightAmbientCubemap.DaylightAmbientCubemap', its maximum texture size has been explicitly set to 512.
[2026.03.16-23.12.56:009][  0]LogHMD: PokeAHoleMaterial loaded successfully
[2026.03.16-23.12.56:015][  0]LogUObjectArray: 17178 objects as part of root set at end of initial load.
[2026.03.16-23.12.56:015][  0]LogUObjectAllocator: 4302048 out of 0 bytes used by permanent object pool.
[2026.03.16-23.12.56:015][  0]LogUObjectArray: CloseDisregardForGC: 0/0 objects in disregard for GC pool
[2026.03.16-23.12.56:248][  0]LogPython: Using Python 3.7.7
[2026.03.16-23.12.56:618][  0]LogNiagaraDebuggerClient: Niagara Debugger Client Initialized | Session: B6DA4E3D43902EB56676A9B593F3C1D1 | Instance: E75B5FBE471BBAABC88D7D8F7573699C (MAIN-27548).
[2026.03.16-23.12.56:760][  0]LogTcpMessaging: Initializing TcpMessaging bridge
[2026.03.16-23.12.56:765][  0]LogUdpMessaging: Initializing bridge on interface 0.0.0.0:0 to multicast group 230.0.0.1:6666.
[2026.03.16-23.12.57:013][  0]LogOpenImageDenoise: OIDN starting up
[2026.03.16-23.12.57:017][  0]SourceControl: Source control is disabled
[2026.03.16-23.12.57:017][  0]SourceControl: Source control is disabled
[2026.03.16-23.12.57:020][  0]SourceControl: Source control is disabled
[2026.03.16-23.12.57:022][  0]SourceControl: Source control is disabled
[2026.03.16-23.12.57:028][  0]SourceControl: Source control is disabled
[2026.03.16-23.12.57:034][  0]LogUProjectInfo: Found projects:
[2026.03.16-23.12.57:077][  0]LogAndroidPermission: UAndroidPermissionCallbackProxy::GetInstance
[2026.03.16-23.12.57:089][  0]LogAudioCaptureCore: Display: No Audio Capture implementations found. Audio input will be silent.
[2026.03.16-23.12.57:089][  0]LogAudioCaptureCore: Display: No Audio Capture implementations found. Audio input will be silent.
[2026.03.16-23.12.57:201][  0]LogCollectionManager: Loaded 0 collections in 0.000502 seconds
[2026.03.16-23.12.57:219][  0]LogFileCache: Scanning file cache for directory 'D:/UnrealProjects/CyberKittysWeirdBox/Saved/Collections/' took 0.00s
[2026.03.16-23.12.57:219][  0]LogFileCache: Scanning file cache for directory 'D:/UnrealProjects/CyberKittysWeirdBox/Content/Developers/caich/Collections/' took 0.00s
[2026.03.16-23.12.57:219][  0]LogFileCache: Scanning file cache for directory 'D:/UnrealProjects/CyberKittysWeirdBox/Content/Collections/' took 0.00s
[2026.03.16-23.12.57:220][  0]LogOcInput: OculusInput pre-init called
[2026.03.16-23.12.57:394][  0]LogEngine: Initializing Engine...
[2026.03.16-23.12.57:542][  0]LogHMD: Optional extension XR_VARJO_quad_views is not available
[2026.03.16-23.12.57:542][  0]LogHMD: Warning: Required extension XR_EXT_eye_gaze_interaction is not available
[2026.03.16-23.12.57:542][  0]LogHMD: Could not enable all required OpenXR extensions for OpenXREyeTracker on current system. This plugin will be loaded but ignored, but will be enabled on a target platform that supports the required extension.
[2026.03.16-23.12.57:545][  0]LogHMD: Failed to get an OpenXR system, result is XR_ERROR_FORM_FACTOR_UNAVAILABLE. Please check that your runtime supports VR headsets.
[2026.03.16-23.12.57:545][  0]LogHMD: Failed to initialize OpenVR with code 110
[2026.03.16-23.12.57:545][  0]LogMagicLeap: Warning: VR disabled because ZI is not enabled.  To enable, in the editor, Edit -> Project Settings -> Plugins -> Magic Leap Plugin -> Enable Zero Iteration
[2026.03.16-23.12.57:545][  0]LogStats: UGameplayTagsManager::InitializeManager -  0.000 s
[2026.03.16-23.12.57:635][  0]LogInit: Initializing FReadOnlyCVARCache
[2026.03.16-23.12.57:642][  0]LogAIModule: Creating AISystem for world Untitled
[2026.03.16-23.12.57:643][  0]LogAudio: Display: Initializing Audio Device Manager...
[2026.03.16-23.12.57:646][  0]LogAudio: Display: Loading Default Audio Settings Objects...
[2026.03.16-23.12.57:646][  0]LogAudio: Display: No default SoundConcurrencyObject specified (or failed to load).
[2026.03.16-23.12.57:646][  0]LogAudio: Display: Audio Device Manager Initialized
[2026.03.16-23.12.57:646][  0]LogAudio: Display: Creating Audio Device:                 Id: 1, Scope: Shared, Realtime: True
[2026.03.16-23.12.57:646][  0]LogAudioMixer: Display: Audio Mixer Platform Settings:
[2026.03.16-23.12.57:646][  0]LogAudioMixer: Display: 	Sample Rate:						  48000
[2026.03.16-23.12.57:646][  0]LogAudioMixer: Display: 	Callback Buffer Frame Size Requested: 1024
[2026.03.16-23.12.57:646][  0]LogAudioMixer: Display: 	Callback Buffer Frame Size To Use:	  1024
[2026.03.16-23.12.57:646][  0]LogAudioMixer: Display: 	Number of buffers to queue:			  2
[2026.03.16-23.12.57:646][  0]LogAudioMixer: Display: 	Max Channels (voices):				  32
[2026.03.16-23.12.57:646][  0]LogAudioMixer: Display: 	Number of Async Source Workers:		  0
[2026.03.16-23.12.57:646][  0]LogAudio: Display: AudioDevice MaxSources: 32
[2026.03.16-23.12.57:646][  0]LogAudio: Display: Audio Spatialization Plugin: None (built-in).
[2026.03.16-23.12.57:646][  0]LogAudio: Display: Audio Reverb Plugin: None (built-in).
[2026.03.16-23.12.57:646][  0]LogAudio: Display: Audio Occlusion Plugin: None (built-in).
[2026.03.16-23.12.57:646][  0]LogAudioMixer: Display: Initializing audio mixer.
[2026.03.16-23.12.57:666][  0]LogAudioMixer: Display: 0: FrontLeft
[2026.03.16-23.12.57:666][  0]LogAudioMixer: Display: 1: FrontRight
[2026.03.16-23.12.57:706][  0]LogAudioMixer: Display: Using Audio Device Realtek HD Audio 2nd output (Realtek(R) Audio)
[2026.03.16-23.12.57:710][  0]LogAudioMixer: Display: Initializing Sound Submixes...
[2026.03.16-23.12.57:712][  0]LogAudioMixer: Display: Creating Master Submix 'MasterSubmixDefault'
[2026.03.16-23.12.57:712][  0]LogAudioMixer: Display: Creating Master Submix 'MasterReverbSubmixDefault'
[2026.03.16-23.12.57:713][  0]LogAudioMixer: Display: Creating Master Submix 'MasterEQSubmixDefault'
[2026.03.16-23.12.57:713][  0]LogAudioMixer: FMixerPlatformXAudio2::StartAudioStream() called
[2026.03.16-23.12.57:713][  0]LogAudioMixer: Display: Output buffers initialized: Frames=1024, Channels=2, Samples=2048
[2026.03.16-23.12.57:713][  0]LogAudioMixer: Display: Starting AudioMixerPlatformInterface::RunInternal()
[2026.03.16-23.12.57:713][  0]LogAudioMixer: Display: FMixerPlatformXAudio2::SubmitBuffer() called for the first time
[2026.03.16-23.12.57:713][  0]LogInit: FAudioDevice initialized.
[2026.03.16-23.12.57:715][  0]LogAudio: Display: Audio Device (ID: 1) registered with world 'Untitled'.
[2026.03.16-23.12.57:715][  0]LogNetVersion: Set ProjectVersion to 1.0.0.0. Version Checksum will be recalculated on next use.
[2026.03.16-23.12.57:759][  0]LogDerivedDataCache: Saved boot cache 0.04s 94MB C:/Users/caich/AppData/Local/UnrealEngine/4.27/DerivedDataCache/Boot.ddc.
[2026.03.16-23.12.57:762][  0]LogInit: Texture streaming: Enabled
[2026.03.16-23.12.57:775][  0]LogAnalytics: Display: [UEEditor.Rocket.Release] APIServer = https://datarouter.ol.epicgames.com/. AppVersion = 4.27.2-18319896+++UE4+Release-4.27
[2026.03.16-23.12.57:778][  0]LogEngineSessionManager: EngineSessionManager initialized
[2026.03.16-23.12.57:778][  0]LogEditorSessionSummary: Verbose: Initializing EditorSessionSummaryWriter for editor session tracking
[2026.03.16-23.12.57:779][  0]LogEditorSessionSummary: EditorSessionSummaryWriter initialized
[2026.03.16-23.12.57:801][  0]LogInit: Transaction tracking system initialized
[2026.03.16-23.12.57:820][  0]BlueprintLog: New page: Editor Load
[2026.03.16-23.12.57:877][  0]LocalizationService: Localization service is disabled
[2026.03.16-23.12.57:895][  0]TimingProfiler: Initialize
[2026.03.16-23.12.57:895][  0]TimingProfiler: OnSessionChanged
[2026.03.16-23.12.57:895][  0]LoadingProfiler: Initialize
[2026.03.16-23.12.57:895][  0]LoadingProfiler: OnSessionChanged
[2026.03.16-23.12.57:895][  0]NetworkingProfiler: Initialize
[2026.03.16-23.12.57:895][  0]NetworkingProfiler: OnSessionChanged
[2026.03.16-23.12.57:895][  0]MemoryProfiler: Initialize
[2026.03.16-23.12.57:895][  0]MemoryProfiler: OnSessionChanged
[2026.03.16-23.12.58:000][  0]LogCook: Display: CookSettings for Memory: MemoryMaxUsedVirtual 0MiB, MemoryMaxUsedPhysical 16384MiB, MemoryMinFreeVirtual 0MiB, MemoryMinFreePhysical 1024MiB
[2026.03.16-23.12.58:000][  0]LogCook: Display: Mobile HDR setting 1
[2026.03.16-23.12.58:150][  0]LogFileCache: Scanning file cache for directory 'D:/UnrealProjects/CyberKittysWeirdBox/Content/' took 0.00s
[2026.03.16-23.12.58:278][  0]LogInit: Display: Engine is initialized. Leaving FEngineLoop::Init()
[2026.03.16-23.12.58:281][  0]SourceControl: Source control is disabled
[2026.03.16-23.12.58:281][  0]LogUnrealEdMisc: Loading editor; pre map load, took 6.323
[2026.03.16-23.12.58:281][  0]Cmd: MAP LOAD FILE="../../../Engine/Content/Maps/Templates/Template_Default.umap" TEMPLATE=1 SHOWPROGRESS=1 FEATURELEVEL=3
[2026.03.16-23.12.58:281][  0]LightingResults: New page: Lighting Build
[2026.03.16-23.12.58:283][  0]LogWorld: UWorld::CleanupWorld for Untitled, bSessionEnded=true, bCleanupResources=true
[2026.03.16-23.12.58:283][  0]LogSlate: InvalidateAllWidgets triggered.  All widgets were invalidated
[2026.03.16-23.12.58:283][  0]MapCheck: New page: Map Check
[2026.03.16-23.12.58:283][  0]LightingResults: New page: Lighting Build
[2026.03.16-23.12.58:286][  0]LogAudio: Display: Audio Device unregistered from world 'None'.
[2026.03.16-23.12.58:287][  0]LogUObjectHash: Compacting FUObjectHashTables data took   0.63ms
[2026.03.16-23.12.58:327][  0]LogTexture: Display: Building textures: DeprecatedTextureEB9CBE3C423008B5E8E130901E171C89 (BGRA8, 128X128)
[2026.03.16-23.12.58:330][  0]LogAudio: Display: Audio Device (ID: 1) registered with world 'Untitled_1'.
[2026.03.16-23.12.58:330][  0]LogAIModule: Creating AISystem for world Untitled_1
[2026.03.16-23.12.58:333][  0]LogEditorServer: Finished looking for orphan Actors (0.000 secs)
[2026.03.16-23.12.58:338][  0]LogUObjectHash: Compacting FUObjectHashTables data took   0.75ms
[2026.03.16-23.12.58:339][  0]Cmd: MAP CHECKDEP NOCLEARLOG
[2026.03.16-23.12.58:339][  0]MapCheck: Map check complete: 0 Error(s), 0 Warning(s), took 0.084ms to complete.
[2026.03.16-23.12.58:339][  0]LogFileHelpers: Loading map 'Template_Default' took 0.058
[2026.03.16-23.12.58:341][  0]LogUnrealEdMisc: Total Editor Startup Time, took 6.383
[2026.03.16-23.12.58:454][  0]LogSlate: Updating window title bar state: overlay mode, drag disabled, window buttons hidden, title bar hidden
[2026.03.16-23.12.58:459][  0]LogSlate: Updating window title bar state: overlay mode, drag disabled, window buttons hidden, title bar hidden
[2026.03.16-23.12.58:462][  0]LogSlate: Updating window title bar state: overlay mode, drag disabled, window buttons hidden, title bar hidden
[2026.03.16-23.12.58:466][  0]LogSlate: Updating window title bar state: overlay mode, drag disabled, window buttons hidden, title bar hidden
[2026.03.16-23.12.58:477][  0]LogNativeClassHierarchy: Verbose: Native class hierarchy populated in 0.0083 seconds. Added 3922 classes and 953 folders.
[2026.03.16-23.12.58:480][  0]LogNativeClassHierarchy: Verbose: Native class hierarchy updated for 'WidgetCarousel' in 0.0002 seconds. Added 0 classes and 0 folders.
[2026.03.16-23.12.58:480][  0]LogPakFile: PakFile PrimaryIndexSize=187
[2026.03.16-23.12.58:480][  0]LogPakFile: PakFile PathHashIndexSize=101
[2026.03.16-23.12.58:480][  0]LogPakFile: PakFile FullDirectoryIndexSize=148
[2026.03.16-23.12.58:480][  0]LogShaderLibrary: Display: ShaderCodeLibraryPakFileMountedCallback: PakFile 'D:/Unreal/UE_4.27/FeaturePacks/FP_FirstPerson.upack' (chunk index -1, root 'root:/') mounted
[2026.03.16-23.12.58:480][  0]LogShaderLibrary: Display: ShaderCodeLibraryPakFileMountedCallback: pending pak file info (ChunkID:-1 Root:root:/ File:D:/Unreal/UE_4.27/FeaturePacks/FP_FirstPerson.upack)
[2026.03.16-23.12.58:480][  0]LogPakFile: OnPakFileMounted2Time == 0.000041
[2026.03.16-23.12.58:480][  0]LogPakFile: PakFile PrimaryIndexSize=189
[2026.03.16-23.12.58:480][  0]LogPakFile: PakFile PathHashIndexSize=101
[2026.03.16-23.12.58:480][  0]LogPakFile: PakFile FullDirectoryIndexSize=152
[2026.03.16-23.12.58:480][  0]LogShaderLibrary: Display: ShaderCodeLibraryPakFileMountedCallback: PakFile 'D:/Unreal/UE_4.27/FeaturePacks/FP_FirstPersonBP.upack' (chunk index -1, root 'root:/') mounted
[2026.03.16-23.12.58:480][  0]LogShaderLibrary: Display: ShaderCodeLibraryPakFileMountedCallback: pending pak file info (ChunkID:-1 Root:root:/ File:D:/Unreal/UE_4.27/FeaturePacks/FP_FirstPersonBP.upack)
[2026.03.16-23.12.58:480][  0]LogPakFile: OnPakFileMounted2Time == 0.000027
[2026.03.16-23.12.58:482][  0]LogPakFile: PakFile PrimaryIndexSize=191
[2026.03.16-23.12.58:482][  0]LogPakFile: PakFile PathHashIndexSize=101
[2026.03.16-23.12.58:482][  0]LogPakFile: PakFile FullDirectoryIndexSize=160
[2026.03.16-23.12.58:482][  0]LogShaderLibrary: Display: ShaderCodeLibraryPakFileMountedCallback: PakFile 'D:/Unreal/UE_4.27/FeaturePacks/MobileStarterContent.upack' (chunk index -1, root 'root:/') mounted
[2026.03.16-23.12.58:482][  0]LogShaderLibrary: Display: ShaderCodeLibraryPakFileMountedCallback: pending pak file info (ChunkID:-1 Root:root:/ File:D:/Unreal/UE_4.27/FeaturePacks/MobileStarterContent.upack)
[2026.03.16-23.12.58:482][  0]LogPakFile: OnPakFileMounted2Time == 0.000028
[2026.03.16-23.12.58:482][  0]LogPakFile: PakFile PrimaryIndexSize=185
[2026.03.16-23.12.58:482][  0]LogPakFile: PakFile PathHashIndexSize=101
[2026.03.16-23.12.58:482][  0]LogPakFile: PakFile FullDirectoryIndexSize=148
[2026.03.16-23.12.58:482][  0]LogShaderLibrary: Display: ShaderCodeLibraryPakFileMountedCallback: PakFile 'D:/Unreal/UE_4.27/FeaturePacks/StarterContent.upack' (chunk index -1, root 'root:/') mounted
[2026.03.16-23.12.58:482][  0]LogShaderLibrary: Display: ShaderCodeLibraryPakFileMountedCallback: pending pak file info (ChunkID:-1 Root:root:/ File:D:/Unreal/UE_4.27/FeaturePacks/StarterContent.upack)
[2026.03.16-23.12.58:482][  0]LogPakFile: OnPakFileMounted2Time == 0.000023
[2026.03.16-23.12.58:482][  0]LogPakFile: PakFile PrimaryIndexSize=190
[2026.03.16-23.12.58:482][  0]LogPakFile: PakFile PathHashIndexSize=101
[2026.03.16-23.12.58:482][  0]LogPakFile: PakFile FullDirectoryIndexSize=154
[2026.03.16-23.12.58:482][  0]LogShaderLibrary: Display: ShaderCodeLibraryPakFileMountedCallback: PakFile 'D:/Unreal/UE_4.27/FeaturePacks/TP_2DSideScroller.upack' (chunk index -1, root 'root:/') mounted
[2026.03.16-23.12.58:482][  0]LogShaderLibrary: Display: ShaderCodeLibraryPakFileMountedCallback: pending pak file info (ChunkID:-1 Root:root:/ File:D:/Unreal/UE_4.27/FeaturePacks/TP_2DSideScroller.upack)
[2026.03.16-23.12.58:482][  0]LogPakFile: OnPakFileMounted2Time == 0.000022
[2026.03.16-23.12.58:482][  0]LogPakFile: PakFile PrimaryIndexSize=192
[2026.03.16-23.12.58:483][  0]LogPakFile: PakFile PathHashIndexSize=101
[2026.03.16-23.12.58:483][  0]LogPakFile: PakFile FullDirectoryIndexSize=158
[2026.03.16-23.12.58:483][  0]LogShaderLibrary: Display: ShaderCodeLibraryPakFileMountedCallback: PakFile 'D:/Unreal/UE_4.27/FeaturePacks/TP_2DSideScrollerBP.upack' (chunk index -1, root 'root:/') mounted
[2026.03.16-23.12.58:483][  0]LogShaderLibrary: Display: ShaderCodeLibraryPakFileMountedCallback: pending pak file info (ChunkID:-1 Root:root:/ File:D:/Unreal/UE_4.27/FeaturePacks/TP_2DSideScrollerBP.upack)
[2026.03.16-23.12.58:483][  0]LogPakFile: OnPakFileMounted2Time == 0.000022
[2026.03.16-23.12.58:483][  0]LogPakFile: PakFile PrimaryIndexSize=182
[2026.03.16-23.12.58:483][  0]LogPakFile: PakFile PathHashIndexSize=101
[2026.03.16-23.12.58:483][  0]LogPakFile: PakFile FullDirectoryIndexSize=138
[2026.03.16-23.12.58:483][  0]LogShaderLibrary: Display: ShaderCodeLibraryPakFileMountedCallback: PakFile 'D:/Unreal/UE_4.27/FeaturePacks/TP_Flying.upack' (chunk index -1, root 'root:/') mounted
[2026.03.16-23.12.58:483][  0]LogShaderLibrary: Display: ShaderCodeLibraryPakFileMountedCallback: pending pak file info (ChunkID:-1 Root:root:/ File:D:/Unreal/UE_4.27/FeaturePacks/TP_Flying.upack)
[2026.03.16-23.12.58:483][  0]LogPakFile: OnPakFileMounted2Time == 0.000022
[2026.03.16-23.12.58:483][  0]LogPakFile: PakFile PrimaryIndexSize=184
[2026.03.16-23.12.58:483][  0]LogPakFile: PakFile PathHashIndexSize=101
[2026.03.16-23.12.58:483][  0]LogPakFile: PakFile FullDirectoryIndexSize=142
[2026.03.16-23.12.58:483][  0]LogShaderLibrary: Display: ShaderCodeLibraryPakFileMountedCallback: PakFile 'D:/Unreal/UE_4.27/FeaturePacks/TP_FlyingBP.upack' (chunk index -1, root 'root:/') mounted
[2026.03.16-23.12.58:483][  0]LogShaderLibrary: Display: ShaderCodeLibraryPakFileMountedCallback: pending pak file info (ChunkID:-1 Root:root:/ File:D:/Unreal/UE_4.27/FeaturePacks/TP_FlyingBP.upack)
[2026.03.16-23.12.58:483][  0]LogPakFile: OnPakFileMounted2Time == 0.000021
[2026.03.16-23.12.58:483][  0]LogPakFile: PakFile PrimaryIndexSize=188
[2026.03.16-23.12.58:483][  0]LogPakFile: PakFile PathHashIndexSize=101
[2026.03.16-23.12.58:483][  0]LogPakFile: PakFile FullDirectoryIndexSize=150
[2026.03.16-23.12.58:483][  0]LogShaderLibrary: Display: ShaderCodeLibraryPakFileMountedCallback: PakFile 'D:/Unreal/UE_4.27/FeaturePacks/TP_HandheldARBP.upack' (chunk index -1, root 'root:/') mounted
[2026.03.16-23.12.58:483][  0]LogShaderLibrary: Display: ShaderCodeLibraryPakFileMountedCallback: pending pak file info (ChunkID:-1 Root:root:/ File:D:/Unreal/UE_4.27/FeaturePacks/TP_HandheldARBP.upack)
[2026.03.16-23.12.58:483][  0]LogPakFile: OnPakFileMounted2Time == 0.000021
[2026.03.16-23.12.58:485][  0]LogPakFile: PakFile PrimaryIndexSize=182
[2026.03.16-23.12.58:485][  0]LogPakFile: PakFile PathHashIndexSize=101
[2026.03.16-23.12.58:485][  0]LogPakFile: PakFile FullDirectoryIndexSize=138
[2026.03.16-23.12.58:485][  0]LogShaderLibrary: Display: ShaderCodeLibraryPakFileMountedCallback: PakFile 'D:/Unreal/UE_4.27/FeaturePacks/TP_Puzzle.upack' (chunk index -1, root 'root:/') mounted
[2026.03.16-23.12.58:485][  0]LogShaderLibrary: Display: ShaderCodeLibraryPakFileMountedCallback: pending pak file info (ChunkID:-1 Root:root:/ File:D:/Unreal/UE_4.27/FeaturePacks/TP_Puzzle.upack)
[2026.03.16-23.12.58:485][  0]LogPakFile: OnPakFileMounted2Time == 0.000022
[2026.03.16-23.12.58:485][  0]LogPakFile: PakFile PrimaryIndexSize=184
[2026.03.16-23.12.58:485][  0]LogPakFile: PakFile PathHashIndexSize=101
[2026.03.16-23.12.58:485][  0]LogPakFile: PakFile FullDirectoryIndexSize=142
[2026.03.16-23.12.58:485][  0]LogShaderLibrary: Display: ShaderCodeLibraryPakFileMountedCallback: PakFile 'D:/Unreal/UE_4.27/FeaturePacks/TP_PuzzleBP.upack' (chunk index -1, root 'root:/') mounted
[2026.03.16-23.12.58:485][  0]LogShaderLibrary: Display: ShaderCodeLibraryPakFileMountedCallback: pending pak file info (ChunkID:-1 Root:root:/ File:D:/Unreal/UE_4.27/FeaturePacks/TP_PuzzleBP.upack)
[2026.03.16-23.12.58:485][  0]LogPakFile: OnPakFileMounted2Time == 0.000027
[2026.03.16-23.12.58:485][  0]LogPakFile: PakFile PrimaryIndexSize=183
[2026.03.16-23.12.58:485][  0]LogPakFile: PakFile PathHashIndexSize=101
[2026.03.16-23.12.58:485][  0]LogPakFile: PakFile FullDirectoryIndexSize=140
[2026.03.16-23.12.58:485][  0]LogShaderLibrary: Display: ShaderCodeLibraryPakFileMountedCallback: PakFile 'D:/Unreal/UE_4.27/FeaturePacks/TP_Rolling.upack' (chunk index -1, root 'root:/') mounted
[2026.03.16-23.12.58:485][  0]LogShaderLibrary: Display: ShaderCodeLibraryPakFileMountedCallback: pending pak file info (ChunkID:-1 Root:root:/ File:D:/Unreal/UE_4.27/FeaturePacks/TP_Rolling.upack)
[2026.03.16-23.12.58:485][  0]LogPakFile: OnPakFileMounted2Time == 0.000021
[2026.03.16-23.12.58:485][  0]LogPakFile: PakFile PrimaryIndexSize=185
[2026.03.16-23.12.58:485][  0]LogPakFile: PakFile PathHashIndexSize=101
[2026.03.16-23.12.58:485][  0]LogPakFile: PakFile FullDirectoryIndexSize=144
[2026.03.16-23.12.58:485][  0]LogShaderLibrary: Display: ShaderCodeLibraryPakFileMountedCallback: PakFile 'D:/Unreal/UE_4.27/FeaturePacks/TP_RollingBP.upack' (chunk index -1, root 'root:/') mounted
[2026.03.16-23.12.58:485][  0]LogShaderLibrary: Display: ShaderCodeLibraryPakFileMountedCallback: pending pak file info (ChunkID:-1 Root:root:/ File:D:/Unreal/UE_4.27/FeaturePacks/TP_RollingBP.upack)
[2026.03.16-23.12.58:485][  0]LogPakFile: OnPakFileMounted2Time == 0.000021
[2026.03.16-23.12.58:486][  0]LogPakFile: PakFile PrimaryIndexSize=188
[2026.03.16-23.12.58:486][  0]LogPakFile: PakFile PathHashIndexSize=101
[2026.03.16-23.12.58:486][  0]LogPakFile: PakFile FullDirectoryIndexSize=150
[2026.03.16-23.12.58:486][  0]LogShaderLibrary: Display: ShaderCodeLibraryPakFileMountedCallback: PakFile 'D:/Unreal/UE_4.27/FeaturePacks/TP_SideScroller.upack' (chunk index -1, root 'root:/') mounted
[2026.03.16-23.12.58:486][  0]LogShaderLibrary: Display: ShaderCodeLibraryPakFileMountedCallback: pending pak file info (ChunkID:-1 Root:root:/ File:D:/Unreal/UE_4.27/FeaturePacks/TP_SideScroller.upack)
[2026.03.16-23.12.58:486][  0]LogPakFile: OnPakFileMounted2Time == 0.000022
[2026.03.16-23.12.58:486][  0]LogPakFile: PakFile PrimaryIndexSize=190
[2026.03.16-23.12.58:486][  0]LogPakFile: PakFile PathHashIndexSize=101
[2026.03.16-23.12.58:486][  0]LogPakFile: PakFile FullDirectoryIndexSize=154
[2026.03.16-23.12.58:486][  0]LogShaderLibrary: Display: ShaderCodeLibraryPakFileMountedCallback: PakFile 'D:/Unreal/UE_4.27/FeaturePacks/TP_SideScrollerBP.upack' (chunk index -1, root 'root:/') mounted
[2026.03.16-23.12.58:486][  0]LogShaderLibrary: Display: ShaderCodeLibraryPakFileMountedCallback: pending pak file info (ChunkID:-1 Root:root:/ File:D:/Unreal/UE_4.27/FeaturePacks/TP_SideScrollerBP.upack)
[2026.03.16-23.12.58:486][  0]LogPakFile: OnPakFileMounted2Time == 0.000021
[2026.03.16-23.12.58:486][  0]LogPakFile: PakFile PrimaryIndexSize=187
[2026.03.16-23.12.58:486][  0]LogPakFile: PakFile PathHashIndexSize=101
[2026.03.16-23.12.58:486][  0]LogPakFile: PakFile FullDirectoryIndexSize=148
[2026.03.16-23.12.58:486][  0]LogShaderLibrary: Display: ShaderCodeLibraryPakFileMountedCallback: PakFile 'D:/Unreal/UE_4.27/FeaturePacks/TP_ThirdPerson.upack' (chunk index -1, root 'root:/') mounted
[2026.03.16-23.12.58:486][  0]LogShaderLibrary: Display: ShaderCodeLibraryPakFileMountedCallback: pending pak file info (ChunkID:-1 Root:root:/ File:D:/Unreal/UE_4.27/FeaturePacks/TP_ThirdPerson.upack)
[2026.03.16-23.12.58:486][  0]LogPakFile: OnPakFileMounted2Time == 0.000021
[2026.03.16-23.12.58:486][  0]LogPakFile: PakFile PrimaryIndexSize=189
[2026.03.16-23.12.58:486][  0]LogPakFile: PakFile PathHashIndexSize=101
[2026.03.16-23.12.58:486][  0]LogPakFile: PakFile FullDirectoryIndexSize=152
[2026.03.16-23.12.58:486][  0]LogShaderLibrary: Display: ShaderCodeLibraryPakFileMountedCallback: PakFile 'D:/Unreal/UE_4.27/FeaturePacks/TP_ThirdPersonBP.upack' (chunk index -1, root 'root:/') mounted
[2026.03.16-23.12.58:486][  0]LogShaderLibrary: Display: ShaderCodeLibraryPakFileMountedCallback: pending pak file info (ChunkID:-1 Root:root:/ File:D:/Unreal/UE_4.27/FeaturePacks/TP_ThirdPersonBP.upack)
[2026.03.16-23.12.58:486][  0]LogPakFile: OnPakFileMounted2Time == 0.000021
[2026.03.16-23.12.58:488][  0]LogPakFile: PakFile PrimaryIndexSize=183
[2026.03.16-23.12.58:488][  0]LogPakFile: PakFile PathHashIndexSize=101
[2026.03.16-23.12.58:488][  0]LogPakFile: PakFile FullDirectoryIndexSize=140
[2026.03.16-23.12.58:488][  0]LogShaderLibrary: Display: ShaderCodeLibraryPakFileMountedCallback: PakFile 'D:/Unreal/UE_4.27/FeaturePacks/TP_TopDown.upack' (chunk index -1, root 'root:/') mounted
[2026.03.16-23.12.58:488][  0]LogShaderLibrary: Display: ShaderCodeLibraryPakFileMountedCallback: pending pak file info (ChunkID:-1 Root:root:/ File:D:/Unreal/UE_4.27/FeaturePacks/TP_TopDown.upack)
[2026.03.16-23.12.58:488][  0]LogPakFile: OnPakFileMounted2Time == 0.000026
[2026.03.16-23.12.58:488][  0]LogPakFile: PakFile PrimaryIndexSize=185
[2026.03.16-23.12.58:488][  0]LogPakFile: PakFile PathHashIndexSize=101
[2026.03.16-23.12.58:488][  0]LogPakFile: PakFile FullDirectoryIndexSize=144
[2026.03.16-23.12.58:488][  0]LogShaderLibrary: Display: ShaderCodeLibraryPakFileMountedCallback: PakFile 'D:/Unreal/UE_4.27/FeaturePacks/TP_TopDownBP.upack' (chunk index -1, root 'root:/') mounted
[2026.03.16-23.12.58:488][  0]LogShaderLibrary: Display: ShaderCodeLibraryPakFileMountedCallback: pending pak file info (ChunkID:-1 Root:root:/ File:D:/Unreal/UE_4.27/FeaturePacks/TP_TopDownBP.upack)
[2026.03.16-23.12.58:488][  0]LogPakFile: OnPakFileMounted2Time == 0.000026
[2026.03.16-23.12.58:488][  0]LogPakFile: PakFile PrimaryIndexSize=185
[2026.03.16-23.12.58:488][  0]LogPakFile: PakFile PathHashIndexSize=101
[2026.03.16-23.12.58:488][  0]LogPakFile: PakFile FullDirectoryIndexSize=144
[2026.03.16-23.12.58:488][  0]LogShaderLibrary: Display: ShaderCodeLibraryPakFileMountedCallback: PakFile 'D:/Unreal/UE_4.27/FeaturePacks/TP_TwinStick.upack' (chunk index -1, root 'root:/') mounted
[2026.03.16-23.12.58:488][  0]LogShaderLibrary: Display: ShaderCodeLibraryPakFileMountedCallback: pending pak file info (ChunkID:-1 Root:root:/ File:D:/Unreal/UE_4.27/FeaturePacks/TP_TwinStick.upack)
[2026.03.16-23.12.58:488][  0]LogPakFile: OnPakFileMounted2Time == 0.000022
[2026.03.16-23.12.58:488][  0]LogPakFile: PakFile PrimaryIndexSize=187
[2026.03.16-23.12.58:488][  0]LogPakFile: PakFile PathHashIndexSize=101
[2026.03.16-23.12.58:488][  0]LogPakFile: PakFile FullDirectoryIndexSize=148
[2026.03.16-23.12.58:488][  0]LogShaderLibrary: Display: ShaderCodeLibraryPakFileMountedCallback: PakFile 'D:/Unreal/UE_4.27/FeaturePacks/TP_TwinStickBP.upack' (chunk index -1, root 'root:/') mounted
[2026.03.16-23.12.58:488][  0]LogShaderLibrary: Display: ShaderCodeLibraryPakFileMountedCallback: pending pak file info (ChunkID:-1 Root:root:/ File:D:/Unreal/UE_4.27/FeaturePacks/TP_TwinStickBP.upack)
[2026.03.16-23.12.58:488][  0]LogPakFile: OnPakFileMounted2Time == 0.000021
[2026.03.16-23.12.58:489][  0]LogPakFile: PakFile PrimaryIndexSize=183
[2026.03.16-23.12.58:489][  0]LogPakFile: PakFile PathHashIndexSize=101
[2026.03.16-23.12.58:489][  0]LogPakFile: PakFile FullDirectoryIndexSize=140
[2026.03.16-23.12.58:489][  0]LogShaderLibrary: Display: ShaderCodeLibraryPakFileMountedCallback: PakFile 'D:/Unreal/UE_4.27/FeaturePacks/TP_Vehicle.upack' (chunk index -1, root 'root:/') mounted
[2026.03.16-23.12.58:489][  0]LogShaderLibrary: Display: ShaderCodeLibraryPakFileMountedCallback: pending pak file info (ChunkID:-1 Root:root:/ File:D:/Unreal/UE_4.27/FeaturePacks/TP_Vehicle.upack)
[2026.03.16-23.12.58:489][  0]LogPakFile: OnPakFileMounted2Time == 0.000021
[2026.03.16-23.12.58:489][  0]LogPakFile: PakFile PrimaryIndexSize=186
[2026.03.16-23.12.58:489][  0]LogPakFile: PakFile PathHashIndexSize=101
[2026.03.16-23.12.58:489][  0]LogPakFile: PakFile FullDirectoryIndexSize=146
[2026.03.16-23.12.58:489][  0]LogShaderLibrary: Display: ShaderCodeLibraryPakFileMountedCallback: PakFile 'D:/Unreal/UE_4.27/FeaturePacks/TP_VehicleAdv.upack' (chunk index -1, root 'root:/') mounted
[2026.03.16-23.12.58:489][  0]LogShaderLibrary: Display: ShaderCodeLibraryPakFileMountedCallback: pending pak file info (ChunkID:-1 Root:root:/ File:D:/Unreal/UE_4.27/FeaturePacks/TP_VehicleAdv.upack)
[2026.03.16-23.12.58:489][  0]LogPakFile: OnPakFileMounted2Time == 0.000021
[2026.03.16-23.12.58:489][  0]LogPakFile: PakFile PrimaryIndexSize=188
[2026.03.16-23.12.58:489][  0]LogPakFile: PakFile PathHashIndexSize=101
[2026.03.16-23.12.58:489][  0]LogPakFile: PakFile FullDirectoryIndexSize=150
[2026.03.16-23.12.58:489][  0]LogShaderLibrary: Display: ShaderCodeLibraryPakFileMountedCallback: PakFile 'D:/Unreal/UE_4.27/FeaturePacks/TP_VehicleAdvBP.upack' (chunk index -1, root 'root:/') mounted
[2026.03.16-23.12.58:489][  0]LogShaderLibrary: Display: ShaderCodeLibraryPakFileMountedCallback: pending pak file info (ChunkID:-1 Root:root:/ File:D:/Unreal/UE_4.27/FeaturePacks/TP_VehicleAdvBP.upack)
[2026.03.16-23.12.58:489][  0]LogPakFile: OnPakFileMounted2Time == 0.000021
[2026.03.16-23.12.58:491][  0]LogPakFile: PakFile PrimaryIndexSize=185
[2026.03.16-23.12.58:491][  0]LogPakFile: PakFile PathHashIndexSize=101
[2026.03.16-23.12.58:491][  0]LogPakFile: PakFile FullDirectoryIndexSize=144
[2026.03.16-23.12.58:491][  0]LogShaderLibrary: Display: ShaderCodeLibraryPakFileMountedCallback: PakFile 'D:/Unreal/UE_4.27/FeaturePacks/TP_VehicleBP.upack' (chunk index -1, root 'root:/') mounted
[2026.03.16-23.12.58:491][  0]LogShaderLibrary: Display: ShaderCodeLibraryPakFileMountedCallback: pending pak file info (ChunkID:-1 Root:root:/ File:D:/Unreal/UE_4.27/FeaturePacks/TP_VehicleBP.upack)
[2026.03.16-23.12.58:491][  0]LogPakFile: OnPakFileMounted2Time == 0.000021
[2026.03.16-23.12.58:491][  0]LogPakFile: PakFile PrimaryIndexSize=192
[2026.03.16-23.12.58:491][  0]LogPakFile: PakFile PathHashIndexSize=101
[2026.03.16-23.12.58:491][  0]LogPakFile: PakFile FullDirectoryIndexSize=158
[2026.03.16-23.12.58:491][  0]LogShaderLibrary: Display: ShaderCodeLibraryPakFileMountedCallback: PakFile 'D:/Unreal/UE_4.27/FeaturePacks/TP_VirtualRealityBP.upack' (chunk index -1, root 'root:/') mounted
[2026.03.16-23.12.58:491][  0]LogShaderLibrary: Display: ShaderCodeLibraryPakFileMountedCallback: pending pak file info (ChunkID:-1 Root:root:/ File:D:/Unreal/UE_4.27/FeaturePacks/TP_VirtualRealityBP.upack)
[2026.03.16-23.12.58:491][  0]LogPakFile: OnPakFileMounted2Time == 0.000022
[2026.03.16-23.12.58:546][  0]LogNativeClassHierarchy: Verbose: Native class hierarchy updated for 'AddContentDialog' in 0.0002 seconds. Added 0 classes and 0 folders.
[2026.03.16-23.12.58:546][  0]LogNativeClassHierarchy: Verbose: Native class hierarchy updated for 'SceneOutliner' in 0.0002 seconds. Added 2 classes and 0 folders.
[2026.03.16-23.12.58:603][  0]LogNativeClassHierarchy: Verbose: Native class hierarchy updated for 'HierarchicalLODOutliner' in 0.0003 seconds. Added 0 classes and 0 folders.
[2026.03.16-23.12.58:604][  0]LogLoad: (Engine Initialization) Total time: 6.65 seconds
[2026.03.16-23.12.58:604][  0]LogLoad: (Engine Initialization) Total Blueprint compile time: 0.00 seconds
[2026.03.16-23.12.58:637][  0]LogAssetRegistry: Asset discovery search completed in 3.3725 seconds
[2026.03.16-23.12.58:642][  0]LogCollectionManager: Fixed up redirectors for 0 collections in 0.000004 seconds (updated 0 objects)
[2026.03.16-23.12.58:642][  0]LogContentStreaming: Texture pool size now 1000 MB
[2026.03.16-23.12.58:646][  0]LogSlate: Took 0.000106 seconds to synchronously load lazily loaded font '../../../Engine/Content/Slate/Fonts/Roboto-Regular.ttf' (155K)
[2026.03.16-23.12.58:648][  0]LogSlate: Took 0.000117 seconds to synchronously load lazily loaded font '../../../Engine/Content/Editor/Slate/Fonts/FontAwesome.ttf' (139K)
[2026.03.16-23.12.58:648][  0]LogSlate: Took 0.000094 seconds to synchronously load lazily loaded font '../../../Engine/Content/Slate/Fonts/Roboto-Bold.ttf' (160K)
[2026.03.16-23.12.58:723][  0]LogRenderer: Reallocating scene render targets to support 900x516 Format 10 NumSamples 1 (Frame:1).
[2026.03.16-23.12.58:723][  0]LogSlate: Took 0.000178 seconds to synchronously load lazily loaded font '../../../Engine/Content/Slate/Fonts/Roboto-Light.ttf' (167K)
[2026.03.16-23.12.59:621][ 90]LogSlate: Took 0.000150 seconds to synchronously load lazily loaded font '../../../Engine/Content/Slate/Fonts/Roboto-Light.ttf' (167K)
[2026.03.16-23.14.18:306][473]LogAssetEditorSubsystem: Opening Asset editor for Blueprint /Game/Husband/Husband_Character_BP.Husband_Character_BP
[2026.03.16-23.14.18:461][473]LogNativeClassHierarchy: Verbose: Native class hierarchy updated for 'BlueprintGraph' in 0.0005 seconds. Added 126 classes and 0 folders.
[2026.03.16-23.14.19:073][473]LogLinker: Warning: Failed to load '/Game/Maps/Side_Camera_Test.Side_Camera_Test:PersistentLevel.Side_Camera_Test': Can't resolve asset name
[2026.03.16-23.14.19:087][473]LogAssetEditorSubsystem: Opening Asset editor for Blueprint /Game/Cameras/Side_Camera.Side_Camera
[2026.03.16-23.14.20:397][588]LogSlate: Took 0.000188 seconds to synchronously load lazily loaded font '../../../Engine/Content/Slate/Fonts/Roboto-BoldCondensed.ttf' (158K)
[2026.03.16-23.14.20:425][589]LogSlate: Took 0.000169 seconds to synchronously load lazily loaded font '../../../Engine/Content/Slate/Fonts/Roboto-Italic.ttf' (157K)
[2026.03.16-23.14.22:411][810]LogSlate: Window 'Side_Camera' being destroyed
[2026.03.16-23.26.31:502][588]LogWorld: UWorld::CleanupWorld for World_1, bSessionEnded=true, bCleanupResources=true
[2026.03.16-23.26.31:502][588]LogSlate: InvalidateAllWidgets triggered.  All widgets were invalidated
[2026.03.16-23.26.31:563][588]LogAssetEditorSubsystem: Opening Asset editor for Blueprint /Game/Cameras/Side_Camera.Side_Camera
[2026.03.16-23.26.34:187][867]LogRenderer: Reallocating scene render targets to support 1180x680 Format 10 NumSamples 1 (Frame:1).
[2026.03.16-23.29.10:115][508]LogTemp: Repeating last play command: New Editor Window (PIE)
[2026.03.16-23.29.10:166][508]LogPlayLevel: PlayLevel: No blueprints needed recompiling
[2026.03.16-23.29.10:178][508]PIE: New page: PIE session: Untitled_1 (Mar 16, 2026, 1:29:10 PM)
[2026.03.16-23.29.10:189][508]LogOnline: OSS: Creating online subsystem instance for: NULL
[2026.03.16-23.29.10:189][508]LogOnline: OSS: TryLoadSubsystemAndSetDefault: Loaded subsystem for module [NULL]
[2026.03.16-23.29.10:197][508]LogPlayLevel: Creating play world package: /Temp/UEDPIE_0_Untitled_1
[2026.03.16-23.29.10:200][508]LogPlayLevel: PIE: StaticDuplicateObject took: (0.002099s)
[2026.03.16-23.29.10:202][508]LogAIModule: Creating AISystem for world Untitled_1
[2026.03.16-23.29.10:202][508]LogPlayLevel: PIE: World Init took: (0.000966s)
[2026.03.16-23.29.10:202][508]LogPlayLevel: PIE: Created PIE world by copying editor world from /Temp/Untitled_1.Untitled_1 to /Temp/UEDPIE_0_Untitled_1.Untitled_1 (0.003473s)
[2026.03.16-23.29.10:223][508]LogUObjectHash: Compacting FUObjectHashTables data took   1.99ms
[2026.03.16-23.29.10:224][508]LogAudio: Display: Creating Audio Device:                 Id: 2, Scope: Unique, Realtime: True
[2026.03.16-23.29.10:224][508]LogAudioMixer: Display: Audio Mixer Platform Settings:
[2026.03.16-23.29.10:224][508]LogAudioMixer: Display: 	Sample Rate:						  48000
[2026.03.16-23.29.10:224][508]LogAudioMixer: Display: 	Callback Buffer Frame Size Requested: 1024
[2026.03.16-23.29.10:224][508]LogAudioMixer: Display: 	Callback Buffer Frame Size To Use:	  1024
[2026.03.16-23.29.10:224][508]LogAudioMixer: Display: 	Number of buffers to queue:			  2
[2026.03.16-23.29.10:224][508]LogAudioMixer: Display: 	Max Channels (voices):				  32
[2026.03.16-23.29.10:224][508]LogAudioMixer: Display: 	Number of Async Source Workers:		  0
[2026.03.16-23.29.10:224][508]LogAudio: Display: AudioDevice MaxSources: 32
[2026.03.16-23.29.10:224][508]LogAudio: Display: Audio Spatialization Plugin: None (built-in).
[2026.03.16-23.29.10:224][508]LogAudio: Display: Audio Reverb Plugin: None (built-in).
[2026.03.16-23.29.10:226][508]LogAudio: Display: Audio Occlusion Plugin: None (built-in).
[2026.03.16-23.29.10:226][508]LogAudioMixer: Display: Initializing audio mixer.
[2026.03.16-23.29.10:232][508]LogAudioMixer: Display: 0: FrontLeft
[2026.03.16-23.29.10:232][508]LogAudioMixer: Display: 1: FrontRight
[2026.03.16-23.29.10:246][508]LogAudioMixer: Display: Using Audio Device Realtek HD Audio 2nd output (Realtek(R) Audio)
[2026.03.16-23.29.10:246][508]LogAudioMixer: Display: Initializing Sound Submixes...
[2026.03.16-23.29.10:246][508]LogAudioMixer: Display: Creating Master Submix 'MasterSubmixDefault'
[2026.03.16-23.29.10:246][508]LogAudioMixer: Display: Creating Master Submix 'MasterReverbSubmixDefault'
[2026.03.16-23.29.10:247][508]LogAudioMixer: Display: Creating Master Submix 'MasterEQSubmixDefault'
[2026.03.16-23.29.10:247][508]LogAudioMixer: FMixerPlatformXAudio2::StartAudioStream() called
[2026.03.16-23.29.10:247][508]LogAudioMixer: Display: Output buffers initialized: Frames=1024, Channels=2, Samples=2048
[2026.03.16-23.29.10:247][508]LogAudioMixer: Display: Starting AudioMixerPlatformInterface::RunInternal()
[2026.03.16-23.29.10:247][508]LogAudioMixer: Display: FMixerPlatformXAudio2::SubmitBuffer() called for the first time
[2026.03.16-23.29.10:247][508]LogInit: FAudioDevice initialized.
[2026.03.16-23.29.10:247][508]LogAudio: Display: Audio Device (ID: 2) registered with world 'Untitled_1'.
[2026.03.16-23.29.10:292][508]LogSlate: Updating window title bar state: overlay mode, drag disabled, window buttons hidden, title bar hidden
[2026.03.16-23.29.10:295][508]LogLoad: Game class is 'Husband_Game_Mode_C'
[2026.03.16-23.29.10:310][508]LogWorld: Bringing World /Temp/UEDPIE_0_Untitled_1.Untitled_1 up for play (max tick rate 0) at 2026.03.16-18.29.10
[2026.03.16-23.29.10:310][508]LogWorld: Bringing up level for play took: 0.000596
[2026.03.16-23.29.10:310][508]LogOnline: OSS: Creating online subsystem instance for: :Context_4
[2026.03.16-23.29.10:349][508]LogNativeClassHierarchy: Verbose: Native class hierarchy updated for 'MovieSceneCapture' in 0.0003 seconds. Added 20 classes and 0 folders.
[2026.03.16-23.29.10:374][508]LogViewport: Display: Viewport MouseLockMode Changed, LockOnCapture -> DoNotLock
[2026.03.16-23.29.10:374][508]LogViewport: Display: Viewport MouseCaptureMode Changed, CapturePermanently_IncludingInitialMouseDown -> CaptureDuringMouseDown
[2026.03.16-23.29.10:425][508]PIE: Server logged in
[2026.03.16-23.29.10:425][508]PIE: Play in editor total start time 0.276 seconds.
[2026.03.16-23.29.10:547][509]LogRenderer: Reallocating scene render targets to support 1280x720 Format 10 NumSamples 1 (Frame:1).
[2026.03.16-23.29.10:788][509]LogCharacterMovement: Warning: GetSimulationTimeStep() - Max iterations 8 hit while remaining time 0.071224 > MaxSimulationTimeStep (0.050) for 'Husband_Character_BP_C_0', movement 'Walking'
[2026.03.16-23.29.14:168][905]LogSlate: Updating window title bar state: overlay mode, drag disabled, window buttons hidden, title bar hidden
[2026.03.16-23.29.14:169][905]LogWorld: BeginTearingDown for /Temp/UEDPIE_0_Untitled_1
[2026.03.16-23.29.14:169][905]LogSlate: Window 'WeirdBox Preview [NetMode: Standalone]  (64-bit/Windows) ' being destroyed
[2026.03.16-23.29.14:172][905]LogWorld: UWorld::CleanupWorld for Untitled_1, bSessionEnded=true, bCleanupResources=true
[2026.03.16-23.29.14:172][905]LogSlate: InvalidateAllWidgets triggered.  All widgets were invalidated
[2026.03.16-23.29.14:178][905]LogPlayLevel: Display: Shutting down PIE online subsystems
[2026.03.16-23.29.14:181][905]LogSlate: InvalidateAllWidgets triggered.  All widgets were invalidated
[2026.03.16-23.29.14:203][905]LogAudio: Display: Audio Device unregistered from world 'None'.
[2026.03.16-23.29.14:203][905]LogAudioMixer: FMixerPlatformXAudio2::StopAudioStream() called
[2026.03.16-23.29.14:204][905]LogAudioMixer: FMixerPlatformXAudio2::StopAudioStream() called
[2026.03.16-23.29.14:228][905]LogUObjectHash: Compacting FUObjectHashTables data took   2.71ms
[2026.03.16-23.29.14:241][906]LogPlayLevel: Display: Destroying online subsystem :Context_4
[2026.03.16-23.29.22:749][909]LogUObjectHash: Compacting FUObjectHashTables data took   2.26ms
[2026.03.16-23.29.22:800][909]LogAssetEditorSubsystem: Opening Asset editor for World /Game/Maps/K_AI_Main_Screen.K_AI_Main_Screen
[2026.03.16-23.29.22:801][909]Cmd: MAP LOAD FILE="../../../../../UnrealProjects/CyberKittysWeirdBox/Content/Maps/K_AI_Main_Screen.umap" TEMPLATE=0 SHOWPROGRESS=1 FEATURELEVEL=3
[2026.03.16-23.29.22:801][909]LightingResults: New page: Lighting Build
[2026.03.16-23.29.22:801][909]LoadErrors: New page: Loading map: K_AI_Main_Screen.umap
[2026.03.16-23.29.22:801][909]LogWorld: UWorld::CleanupWorld for Untitled_1, bSessionEnded=true, bCleanupResources=true
[2026.03.16-23.29.22:801][909]LogSlate: InvalidateAllWidgets triggered.  All widgets were invalidated
[2026.03.16-23.29.22:801][909]MapCheck: New page: Map Check
[2026.03.16-23.29.22:801][909]LightingResults: New page: Lighting Build
[2026.03.16-23.29.22:819][909]LogAudio: Display: Audio Device unregistered from world 'None'.
[2026.03.16-23.29.22:823][909]LogUObjectHash: Compacting FUObjectHashTables data took   2.44ms
[2026.03.16-23.29.22:824][909]LogAudio: Display: Audio Device (ID: 1) registered with world 'K_AI_Main_Screen'.
[2026.03.16-23.29.22:859][909]LogEditorServer: Finished looking for orphan Actors (0.000 secs)
[2026.03.16-23.29.22:859][909]LogAIModule: Creating AISystem for world K_AI_Main_Screen
[2026.03.16-23.29.22:879][909]LogUObjectHash: Compacting FUObjectHashTables data took   1.92ms
[2026.03.16-23.29.22:882][909]Cmd: MAP CHECKDEP NOCLEARLOG
[2026.03.16-23.29.22:882][909]MapCheck: Map check complete: 0 Error(s), 0 Warning(s), took 0.052ms to complete.
[2026.03.16-23.29.22:882][909]LogFileHelpers: Loading map 'K_AI_Main_Screen' took 0.081
[2026.03.16-23.29.24:576][100]LogTemp: Repeating last play command: New Editor Window (PIE)
[2026.03.16-23.29.24:579][100]LogPlayLevel: PlayLevel: No blueprints needed recompiling
[2026.03.16-23.29.24:579][100]PIE: New page: PIE session: K_AI_Main_Screen (Mar 16, 2026, 1:29:24 PM)
[2026.03.16-23.29.24:579][100]LogPlayLevel: Creating play world package: /Game/Maps/UEDPIE_0_K_AI_Main_Screen
[2026.03.16-23.29.24:579][100]LogPlayLevel: PIE: StaticDuplicateObject took: (0.000624s)
[2026.03.16-23.29.24:581][100]LogAIModule: Creating AISystem for world K_AI_Main_Screen
[2026.03.16-23.29.24:581][100]LogPlayLevel: PIE: World Init took: (0.000850s)
[2026.03.16-23.29.24:581][100]LogPlayLevel: PIE: Created PIE world by copying editor world from /Game/Maps/K_AI_Main_Screen.K_AI_Main_Screen to /Game/Maps/UEDPIE_0_K_AI_Main_Screen.K_AI_Main_Screen (0.001551s)
[2026.03.16-23.29.24:601][100]LogUObjectHash: Compacting FUObjectHashTables data took   1.92ms
[2026.03.16-23.29.24:602][100]LogAudio: Display: Creating Audio Device:                 Id: 3, Scope: Unique, Realtime: True
[2026.03.16-23.29.24:602][100]LogAudioMixer: Display: Audio Mixer Platform Settings:
[2026.03.16-23.29.24:602][100]LogAudioMixer: Display: 	Sample Rate:						  48000
[2026.03.16-23.29.24:602][100]LogAudioMixer: Display: 	Callback Buffer Frame Size Requested: 1024
[2026.03.16-23.29.24:602][100]LogAudioMixer: Display: 	Callback Buffer Frame Size To Use:	  1024
[2026.03.16-23.29.24:602][100]LogAudioMixer: Display: 	Number of buffers to queue:			  2
[2026.03.16-23.29.24:602][100]LogAudioMixer: Display: 	Max Channels (voices):				  32
[2026.03.16-23.29.24:602][100]LogAudioMixer: Display: 	Number of Async Source Workers:		  0
[2026.03.16-23.29.24:602][100]LogAudio: Display: AudioDevice MaxSources: 32
[2026.03.16-23.29.24:604][100]LogAudio: Display: Audio Spatialization Plugin: None (built-in).
[2026.03.16-23.29.24:604][100]LogAudio: Display: Audio Reverb Plugin: None (built-in).
[2026.03.16-23.29.24:604][100]LogAudio: Display: Audio Occlusion Plugin: None (built-in).
[2026.03.16-23.29.24:604][100]LogAudioMixer: Display: Initializing audio mixer.
[2026.03.16-23.29.24:610][100]LogAudioMixer: Display: 0: FrontLeft
[2026.03.16-23.29.24:610][100]LogAudioMixer: Display: 1: FrontRight
[2026.03.16-23.29.24:622][100]LogAudioMixer: Display: Using Audio Device Realtek HD Audio 2nd output (Realtek(R) Audio)
[2026.03.16-23.29.24:622][100]LogAudioMixer: Display: Initializing Sound Submixes...
[2026.03.16-23.29.24:622][100]LogAudioMixer: Display: Creating Master Submix 'MasterSubmixDefault'
[2026.03.16-23.29.24:622][100]LogAudioMixer: Display: Creating Master Submix 'MasterReverbSubmixDefault'
[2026.03.16-23.29.24:624][100]LogAudioMixer: Display: Creating Master Submix 'MasterEQSubmixDefault'
[2026.03.16-23.29.24:624][100]LogAudioMixer: FMixerPlatformXAudio2::StartAudioStream() called
[2026.03.16-23.29.24:624][100]LogAudioMixer: Display: Output buffers initialized: Frames=1024, Channels=2, Samples=2048
[2026.03.16-23.29.24:624][100]LogAudioMixer: Display: Starting AudioMixerPlatformInterface::RunInternal()
[2026.03.16-23.29.24:624][100]LogAudioMixer: Display: FMixerPlatformXAudio2::SubmitBuffer() called for the first time
[2026.03.16-23.29.24:624][100]LogInit: FAudioDevice initialized.
[2026.03.16-23.29.24:625][100]LogAudio: Display: Audio Device (ID: 3) registered with world 'K_AI_Main_Screen'.
[2026.03.16-23.29.24:675][100]LogSlate: Updating window title bar state: overlay mode, drag disabled, window buttons hidden, title bar hidden
[2026.03.16-23.29.24:675][100]LogLoad: Game class is 'Husband_Game_Mode_C'
[2026.03.16-23.29.24:675][100]LogWorld: Bringing World /Game/Maps/UEDPIE_0_K_AI_Main_Screen.K_AI_Main_Screen up for play (max tick rate 0) at 2026.03.16-18.29.24
[2026.03.16-23.29.24:676][100]LogWorld: Bringing up level for play took: 0.000383
[2026.03.16-23.29.24:676][100]LogOnline: OSS: Creating online subsystem instance for: :Context_5
[2026.03.16-23.29.24:678][100]LogViewport: Display: Viewport MouseLockMode Changed, LockOnCapture -> DoNotLock
[2026.03.16-23.29.24:678][100]LogViewport: Display: Viewport MouseCaptureMode Changed, CapturePermanently_IncludingInitialMouseDown -> CaptureDuringMouseDown
[2026.03.16-23.29.24:679][100]PIE: Server logged in
[2026.03.16-23.29.24:681][100]PIE: Play in editor total start time 0.103 seconds.
[2026.03.16-23.29.41:449][ 74]LogSlate: Window 'WeirdBox Preview [NetMode: Standalone]  (64-bit/Windows) ' being destroyed
[2026.03.16-23.29.41:454][ 74]LogWorld: BeginTearingDown for /Game/Maps/UEDPIE_0_K_AI_Main_Screen
[2026.03.16-23.29.41:477][ 74]LogWorld: UWorld::CleanupWorld for K_AI_Main_Screen, bSessionEnded=true, bCleanupResources=true
[2026.03.16-23.29.41:477][ 74]LogSlate: InvalidateAllWidgets triggered.  All widgets were invalidated
[2026.03.16-23.29.41:484][ 74]LogPlayLevel: Display: Shutting down PIE online subsystems
[2026.03.16-23.29.41:488][ 74]LogSlate: InvalidateAllWidgets triggered.  All widgets were invalidated
[2026.03.16-23.29.41:508][ 74]LogAudio: Display: Audio Device unregistered from world 'None'.
[2026.03.16-23.29.41:508][ 74]LogAudioMixer: FMixerPlatformXAudio2::StopAudioStream() called
[2026.03.16-23.29.41:508][ 74]LogAudioMixer: FMixerPlatformXAudio2::StopAudioStream() called
[2026.03.16-23.29.41:514][ 74]LogUObjectHash: Compacting FUObjectHashTables data took   1.92ms
[2026.03.16-23.29.41:552][ 78]LogPlayLevel: Display: Destroying online subsystem :Context_5
[2026.03.16-23.29.58:129][ 52]LogAssetEditorSubsystem: Opening Asset editor for Blueprint /Game/K_AI/K_AI_Screen_Actor.K_AI_Screen_Actor
[2026.03.16-23.30.02:768][549]LogWorld: UWorld::CleanupWorld for World_3, bSessionEnded=true, bCleanupResources=true
[2026.03.16-23.30.02:768][549]LogSlate: InvalidateAllWidgets triggered.  All widgets were invalidated
[2026.03.16-23.30.09:863][369]LogAssetEditorSubsystem: Opening Asset editor for WidgetBlueprint /Game/Cameras/Main_Screen_Layout.Main_Screen_Layout
[2026.03.16-23.30.16:362][ 36]LogAssetEditorSubsystem: Opening Asset editor for WidgetBlueprint /Game/Cameras/House_Camera_Widget_BP.House_Camera_Widget_BP
[2026.03.16-23.30.21:273][538]BlueprintLog: New page: Compile House_Camera_Widget_BP
[2026.03.16-23.30.21:346][538]LogUObjectHash: Compacting FUObjectHashTables data took   4.27ms
[2026.03.16-23.30.22:154][622]Cmd: OBJ SAVEPACKAGE PACKAGE="/Game/Cameras/House_Camera_Widget_BP" FILE="../../../../../UnrealProjects/CyberKittysWeirdBox/Content/Cameras/House_Camera_Widget_BP.uasset" SILENT=true
[2026.03.16-23.30.22:278][622]LogSavePackage: Moving '../../../../../UnrealProjects/CyberKittysWeirdBox/Saved/House_Camera_Widget_BP7567FD8D434482C144ADDB8035447D37.tmp' to '../../../../../UnrealProjects/CyberKittysWeirdBox/Content/Cameras/House_Camera_Widget_BP.uasset'
[2026.03.16-23.30.22:305][622]AssetCheck: New page: Asset Save: House_Camera_Widget_BP
[2026.03.16-23.30.22:305][622]LogContentValidation: Display: Validating WidgetBlueprint /Game/Cameras/House_Camera_Widget_BP.House_Camera_Widget_BP
[2026.03.16-23.31.17:374][970]LogSlate: Window 'Color Picker' being destroyed
[2026.03.16-23.31.37:373][338]BlueprintLog: New page: Compile Main_Screen_Layout
[2026.03.16-23.31.37:424][338]LogUObjectHash: Compacting FUObjectHashTables data took   4.26ms
[2026.03.16-23.31.38:295][431]Cmd: OBJ SAVEPACKAGE PACKAGE="/Game/Cameras/Main_Screen_Layout" FILE="../../../../../UnrealProjects/CyberKittysWeirdBox/Content/Cameras/Main_Screen_Layout.uasset" SILENT=true
[2026.03.16-23.31.38:298][431]LogSavePackage: Moving '../../../../../UnrealProjects/CyberKittysWeirdBox/Saved/Main_Screen_Layout9DE5647D41C216C6226569B11448BB7D.tmp' to '../../../../../UnrealProjects/CyberKittysWeirdBox/Content/Cameras/Main_Screen_Layout.uasset'
[2026.03.16-23.31.38:310][431]AssetCheck: New page: Asset Save: Main_Screen_Layout
[2026.03.16-23.31.38:310][431]LogContentValidation: Display: Validating WidgetBlueprint /Game/Cameras/Main_Screen_Layout.Main_Screen_Layout
[2026.03.16-23.31.40:693][704]LogWorld: UWorld::CleanupWorld for World_5, bSessionEnded=true, bCleanupResources=true
[2026.03.16-23.31.40:693][704]LogSlate: InvalidateAllWidgets triggered.  All widgets were invalidated
[2026.03.16-23.31.40:700][704]LogWorld: UWorld::CleanupWorld for World_4, bSessionEnded=true, bCleanupResources=true
[2026.03.16-23.31.40:700][704]LogSlate: InvalidateAllWidgets triggered.  All widgets were invalidated
[2026.03.16-23.31.43:329][  4]Cmd: OBJ SAVEPACKAGE PACKAGE="/Game/Cameras/House_Camera_Widget_BP" FILE="../../../../../UnrealProjects/CyberKittysWeirdBox/Content/Cameras/House_Camera_Widget_BP.uasset" SILENT=true
[2026.03.16-23.31.43:332][  4]LogSavePackage: Moving '../../../../../UnrealProjects/CyberKittysWeirdBox/Saved/House_Camera_Widget_BP20F65BAC4BFEFF83DB2ABC97F50965CF.tmp' to '../../../../../UnrealProjects/CyberKittysWeirdBox/Content/Cameras/House_Camera_Widget_BP.uasset'
[2026.03.16-23.31.43:346][  4]AssetCheck: New page: Asset Save: House_Camera_Widget_BP
[2026.03.16-23.31.43:346][  4]LogContentValidation: Display: Validating WidgetBlueprint /Game/Cameras/House_Camera_Widget_BP.House_Camera_Widget_BP
[2026.03.16-23.31.44:434][130]LogWorld: UWorld::CleanupWorld for World_7, bSessionEnded=true, bCleanupResources=true
[2026.03.16-23.31.44:434][130]LogSlate: InvalidateAllWidgets triggered.  All widgets were invalidated
[2026.03.16-23.31.44:440][130]LogWorld: UWorld::CleanupWorld for World_6, bSessionEnded=true, bCleanupResources=true
[2026.03.16-23.31.44:440][130]LogSlate: InvalidateAllWidgets triggered.  All widgets were invalidated
[2026.03.16-23.31.54:112][257]LogAssetEditorSubsystem: Opening Asset editor for Blueprint /Game/K_AI/K_AI_Screen_Actor.K_AI_Screen_Actor
[2026.03.16-23.32.27:657][169]BlueprintLog: New page: Compile K_AI_Screen_Actor
[2026.03.16-23.32.27:727][169]LogUObjectHash: Compacting FUObjectHashTables data took   3.87ms
[2026.03.16-23.32.27:770][169]LogSlate: Took 0.025347 seconds to synchronously load lazily loaded font '../../../Engine/Content/Slate/Fonts/DroidSansMono.ttf' (77K)
[2026.03.16-23.32.28:144][210]Cmd: OBJ SAVEPACKAGE PACKAGE="/Game/K_AI/K_AI_Screen_Actor" FILE="../../../../../UnrealProjects/CyberKittysWeirdBox/Content/K_AI/K_AI_Screen_Actor.uasset" SILENT=true
[2026.03.16-23.32.28:148][210]LogSavePackage: Moving '../../../../../UnrealProjects/CyberKittysWeirdBox/Saved/K_AI_Screen_Actor1FBC618A4560D11A6847BFAD9B8543D9.tmp' to '../../../../../UnrealProjects/CyberKittysWeirdBox/Content/K_AI/K_AI_Screen_Actor.uasset'
[2026.03.16-23.32.28:163][210]AssetCheck: New page: Asset Save: K_AI_Screen_Actor
[2026.03.16-23.32.28:163][210]LogContentValidation: Display: Validating Blueprint /Game/K_AI/K_AI_Screen_Actor.K_AI_Screen_Actor
[2026.03.16-23.32.30:291][448]LogTemp: Repeating last play command: New Editor Window (PIE)
[2026.03.16-23.32.30:296][448]LogPlayLevel: PlayLevel: No blueprints needed recompiling
[2026.03.16-23.32.30:296][448]PIE: New page: PIE session: K_AI_Main_Screen (Mar 16, 2026, 1:32:30 PM)
[2026.03.16-23.32.30:296][448]LogPlayLevel: Creating play world package: /Game/Maps/UEDPIE_0_K_AI_Main_Screen
[2026.03.16-23.32.30:297][448]LogPlayLevel: PIE: StaticDuplicateObject took: (0.000583s)
[2026.03.16-23.32.30:297][448]LogAIModule: Creating AISystem for world K_AI_Main_Screen
[2026.03.16-23.32.30:297][448]LogPlayLevel: PIE: World Init took: (0.000783s)
[2026.03.16-23.32.30:297][448]LogPlayLevel: PIE: Created PIE world by copying editor world from /Game/Maps/K_AI_Main_Screen.K_AI_Main_Screen to /Game/Maps/UEDPIE_0_K_AI_Main_Screen.K_AI_Main_Screen (0.001435s)
[2026.03.16-23.32.30:347][448]LogUObjectHash: Compacting FUObjectHashTables data took   3.12ms
[2026.03.16-23.32.30:348][448]LogAudio: Display: Creating Audio Device:                 Id: 4, Scope: Unique, Realtime: True
[2026.03.16-23.32.30:348][448]LogAudioMixer: Display: Audio Mixer Platform Settings:
[2026.03.16-23.32.30:348][448]LogAudioMixer: Display: 	Sample Rate:						  48000
[2026.03.16-23.32.30:348][448]LogAudioMixer: Display: 	Callback Buffer Frame Size Requested: 1024
[2026.03.16-23.32.30:348][448]LogAudioMixer: Display: 	Callback Buffer Frame Size To Use:	  1024
[2026.03.16-23.32.30:348][448]LogAudioMixer: Display: 	Number of buffers to queue:			  2
[2026.03.16-23.32.30:348][448]LogAudioMixer: Display: 	Max Channels (voices):				  32
[2026.03.16-23.32.30:348][448]LogAudioMixer: Display: 	Number of Async Source Workers:		  0
[2026.03.16-23.32.30:348][448]LogAudio: Display: AudioDevice MaxSources: 32
[2026.03.16-23.32.30:348][448]LogAudio: Display: Audio Spatialization Plugin: None (built-in).
[2026.03.16-23.32.30:348][448]LogAudio: Display: Audio Reverb Plugin: None (built-in).
[2026.03.16-23.32.30:348][448]LogAudio: Display: Audio Occlusion Plugin: None (built-in).
[2026.03.16-23.32.30:348][448]LogAudioMixer: Display: Initializing audio mixer.
[2026.03.16-23.32.30:354][448]LogAudioMixer: Display: 0: FrontLeft
[2026.03.16-23.32.30:354][448]LogAudioMixer: Display: 1: FrontRight
[2026.03.16-23.32.30:368][448]LogAudioMixer: Display: Using Audio Device Realtek HD Audio 2nd output (Realtek(R) Audio)
[2026.03.16-23.32.30:368][448]LogAudioMixer: Display: Initializing Sound Submixes...
[2026.03.16-23.32.30:368][448]LogAudioMixer: Display: Creating Master Submix 'MasterSubmixDefault'
[2026.03.16-23.32.30:368][448]LogAudioMixer: Display: Creating Master Submix 'MasterReverbSubmixDefault'
[2026.03.16-23.32.30:369][448]LogAudioMixer: Display: Creating Master Submix 'MasterEQSubmixDefault'
[2026.03.16-23.32.30:369][448]LogAudioMixer: FMixerPlatformXAudio2::StartAudioStream() called
[2026.03.16-23.32.30:369][448]LogAudioMixer: Display: Output buffers initialized: Frames=1024, Channels=2, Samples=2048
[2026.03.16-23.32.30:369][448]LogAudioMixer: Display: Starting AudioMixerPlatformInterface::RunInternal()
[2026.03.16-23.32.30:369][448]LogAudioMixer: Display: FMixerPlatformXAudio2::SubmitBuffer() called for the first time
[2026.03.16-23.32.30:369][448]LogInit: FAudioDevice initialized.
[2026.03.16-23.32.30:369][448]LogAudio: Display: Audio Device (ID: 4) registered with world 'K_AI_Main_Screen'.
[2026.03.16-23.32.30:424][448]LogSlate: Updating window title bar state: overlay mode, drag disabled, window buttons hidden, title bar hidden
[2026.03.16-23.32.30:424][448]LogLoad: Game class is 'Husband_Game_Mode_C'
[2026.03.16-23.32.30:426][448]LogWorld: Bringing World /Game/Maps/UEDPIE_0_K_AI_Main_Screen.K_AI_Main_Screen up for play (max tick rate 0) at 2026.03.16-18.32.30
[2026.03.16-23.32.30:426][448]LogWorld: Bringing up level for play took: 0.000344
[2026.03.16-23.32.30:426][448]LogOnline: OSS: Creating online subsystem instance for: :Context_12
[2026.03.16-23.32.30:429][448]LogViewport: Display: Viewport MouseLockMode Changed, LockOnCapture -> DoNotLock
[2026.03.16-23.32.30:429][448]LogViewport: Display: Viewport MouseCaptureMode Changed, CapturePermanently_IncludingInitialMouseDown -> CaptureDuringMouseDown
[2026.03.16-23.32.30:441][448]PIE: Server logged in
[2026.03.16-23.32.30:442][448]PIE: Play in editor total start time 0.149 seconds.
[2026.03.16-23.32.41:066][708]LogSlate: Window 'WeirdBox Preview [NetMode: Standalone]  (64-bit/Windows) ' being destroyed
[2026.03.16-23.32.41:072][708]LogWorld: BeginTearingDown for /Game/Maps/UEDPIE_0_K_AI_Main_Screen
[2026.03.16-23.32.41:101][708]LogWorld: UWorld::CleanupWorld for K_AI_Main_Screen, bSessionEnded=true, bCleanupResources=true
[2026.03.16-23.32.41:101][708]LogSlate: InvalidateAllWidgets triggered.  All widgets were invalidated
[2026.03.16-23.32.41:112][708]LogPlayLevel: Display: Shutting down PIE online subsystems
[2026.03.16-23.32.41:115][708]LogSlate: InvalidateAllWidgets triggered.  All widgets were invalidated
[2026.03.16-23.32.41:137][708]LogAudio: Display: Audio Device unregistered from world 'None'.
[2026.03.16-23.32.41:137][708]LogAudioMixer: FMixerPlatformXAudio2::StopAudioStream() called
[2026.03.16-23.32.41:138][708]LogAudioMixer: FMixerPlatformXAudio2::StopAudioStream() called
[2026.03.16-23.32.41:142][708]LogUObjectHash: Compacting FUObjectHashTables data took   2.22ms
[2026.03.16-23.32.41:172][711]LogPlayLevel: Display: Destroying online subsystem :Context_12
[2026.03.16-23.33.02:112][157]LogAssetEditorSubsystem: Opening Asset editor for WidgetBlueprint /Game/Cameras/House_Camera_Widget_BP.House_Camera_Widget_BP
[2026.03.16-23.33.04:767][442]LogWorld: UWorld::CleanupWorld for World_13, bSessionEnded=true, bCleanupResources=true
[2026.03.16-23.33.04:767][442]LogSlate: InvalidateAllWidgets triggered.  All widgets were invalidated
[2026.03.16-23.33.04:772][442]LogWorld: UWorld::CleanupWorld for World_12, bSessionEnded=true, bCleanupResources=true
[2026.03.16-23.33.04:772][442]LogSlate: InvalidateAllWidgets triggered.  All widgets were invalidated
[2026.03.16-23.33.32:927][743]LogWorld: UWorld::CleanupWorld for World_2, bSessionEnded=true, bCleanupResources=true
[2026.03.16-23.33.32:927][743]LogSlate: InvalidateAllWidgets triggered.  All widgets were invalidated
[2026.03.16-23.33.35:943][ 85]LogUObjectHash: Compacting FUObjectHashTables data took   2.94ms
[2026.03.16-23.33.38:856][ 85]LogSlate: Window 'Delete Assets' being destroyed
[2026.03.16-23.33.38:886][ 85]LogUObjectGlobals: Force Deleting 1 Package(s):
	Asset Name: /Game/Cameras/Side_Camera.Side_Camera
[2026.03.16-23.33.40:208][ 85]LogUObjectHash: Compacting FUObjectHashTables data took   2.52ms
[2026.03.16-23.33.40:228][ 85]LogUObjectHash: Compacting FUObjectHashTables data took   1.92ms
[2026.03.16-23.33.40:246][ 85]LogUObjectHash: Compacting FUObjectHashTables data took   0.52ms
[2026.03.16-23.33.41:229][198]Cmd: OBJ SAVEPACKAGE PACKAGE="/Game/Maps/K_AI_Main_Screen" FILE="../../../../../UnrealProjects/CyberKittysWeirdBox/Content/Maps/K_AI_Main_Screen.umap" SILENT=true AUTOSAVING=false KEEPDIRTY=false
[2026.03.16-23.33.41:256][198]LogUObjectHash: Compacting FUObjectHashTables data took   0.54ms
[2026.03.16-23.33.41:259][198]LogSavePackage: Moving '../../../../../UnrealProjects/CyberKittysWeirdBox/Saved/K_AI_Main_ScreenB6521FD441164EE9F993B5A7399ABE59.tmp' to '../../../../../UnrealProjects/CyberKittysWeirdBox/Content/Maps/K_AI_Main_Screen.umap'
[2026.03.16-23.33.41:274][198]AssetCheck: New page: Asset Save: K_AI_Main_Screen
[2026.03.16-23.33.41:274][198]LogContentValidation: Display: Validating World /Game/Maps/K_AI_Main_Screen.K_AI_Main_Screen
[2026.03.16-23.33.48:591][ 36]LogEditorClassViewer: Warning: Class /Engine/Tutorial/InWorldBlueprintEditing/TutorialAssets/IWBE_Blutility.IWBE_Blutility_C has parent /Script/Blutility.PlacedEditorUtilityBase, but this parent is not found. The Class will not be shown in ClassViewer.
[2026.03.16-23.33.56:033][ 36]LogSlate: Window 'Pick Parent Class' being destroyed
[2026.03.16-23.33.56:045][ 36]LogContentBrowser: Deferred new asset file creation: NewBlueprint
[2026.03.16-23.33.56:054][ 36]LogContentBrowser: Creating deferred item: NewBlueprint
[2026.03.16-23.34.06:595][299]LogContentBrowser: Attempting asset rename: NewBlueprint -> K_AI_Camera
[2026.03.16-23.34.06:611][299]LogContentBrowser: End creating deferred item NewBlueprint
[2026.03.16-23.34.08:778][547]Cmd: OBJ SAVEPACKAGE PACKAGE="/Game/Maps/K_AI_Main_Screen" FILE="../../../../../UnrealProjects/CyberKittysWeirdBox/Content/Maps/K_AI_Main_Screen.umap" SILENT=true AUTOSAVING=false KEEPDIRTY=false
[2026.03.16-23.34.08:803][547]LogUObjectHash: Compacting FUObjectHashTables data took   2.43ms
[2026.03.16-23.34.08:808][547]LogSavePackage: Moving '../../../../../UnrealProjects/CyberKittysWeirdBox/Saved/K_AI_Main_Screen559AB39E46426EB2080149B05F887E36.tmp' to '../../../../../UnrealProjects/CyberKittysWeirdBox/Content/Maps/K_AI_Main_Screen.umap'
[2026.03.16-23.34.08:822][547]AssetCheck: New page: Asset Save: K_AI_Main_Screen
[2026.03.16-23.34.08:822][547]LogContentValidation: Display: Validating World /Game/Maps/K_AI_Main_Screen.K_AI_Main_Screen
[2026.03.16-23.34.11:694][875]Cmd: OBJ SAVEPACKAGE PACKAGE="/Game/Cameras/K_AI_Camera" FILE="../../../../../UnrealProjects/CyberKittysWeirdBox/Content/Cameras/K_AI_Camera.uasset" SILENT=true
[2026.03.16-23.34.11:697][875]LogSavePackage: Moving '../../../../../UnrealProjects/CyberKittysWeirdBox/Saved/K_AI_Camera8EED07B346261AEC0A7C9495B4DE0EC9.tmp' to '../../../../../UnrealProjects/CyberKittysWeirdBox/Content/Cameras/K_AI_Camera.uasset'
[2026.03.16-23.34.11:709][875]AssetCheck: New page: Asset Save: K_AI_Camera
[2026.03.16-23.34.11:709][875]LogContentValidation: Display: Validating Blueprint /Game/Cameras/K_AI_Camera.K_AI_Camera
[2026.03.16-23.34.22:811][190]LogAssetEditorSubsystem: Opening Asset editor for WidgetBlueprint /Game/Cameras/Main_Screen_Layout.Main_Screen_Layout
[2026.03.16-23.34.24:759][389]LogWorld: UWorld::CleanupWorld for World_15, bSessionEnded=true, bCleanupResources=true
[2026.03.16-23.34.24:759][389]LogSlate: InvalidateAllWidgets triggered.  All widgets were invalidated
[2026.03.16-23.34.24:764][389]LogWorld: UWorld::CleanupWorld for World_14, bSessionEnded=true, bCleanupResources=true
[2026.03.16-23.34.24:764][389]LogSlate: InvalidateAllWidgets triggered.  All widgets were invalidated
[2026.03.16-23.34.26:195][549]LogAssetEditorSubsystem: Opening Asset editor for WidgetBlueprint /Game/Cameras/Temp_Menu.Temp_Menu
[2026.03.16-23.34.29:951][968]LogWorld: UWorld::CleanupWorld for World_17, bSessionEnded=true, bCleanupResources=true
[2026.03.16-23.34.29:951][968]LogSlate: InvalidateAllWidgets triggered.  All widgets were invalidated
[2026.03.16-23.34.29:955][968]LogWorld: UWorld::CleanupWorld for World_16, bSessionEnded=true, bCleanupResources=true
[2026.03.16-23.34.29:957][968]LogSlate: InvalidateAllWidgets triggered.  All widgets were invalidated
[2026.03.16-23.34.48:099][ 86]LogTemp: Repeating last play command: New Editor Window (PIE)
[2026.03.16-23.34.48:103][ 86]LogPlayLevel: PlayLevel: No blueprints needed recompiling
[2026.03.16-23.34.48:104][ 86]PIE: New page: PIE session: K_AI_Main_Screen (Mar 16, 2026, 1:34:48 PM)
[2026.03.16-23.34.48:104][ 86]LogPlayLevel: Creating play world package: /Game/Maps/UEDPIE_0_K_AI_Main_Screen
[2026.03.16-23.34.48:104][ 86]LogPlayLevel: PIE: StaticDuplicateObject took: (0.000572s)
[2026.03.16-23.34.48:104][ 86]LogAIModule: Creating AISystem for world K_AI_Main_Screen
[2026.03.16-23.34.48:105][ 86]LogPlayLevel: PIE: World Init took: (0.000804s)
[2026.03.16-23.34.48:105][ 86]LogPlayLevel: PIE: Created PIE world by copying editor world from /Game/Maps/K_AI_Main_Screen.K_AI_Main_Screen to /Game/Maps/UEDPIE_0_K_AI_Main_Screen.K_AI_Main_Screen (0.001448s)
[2026.03.16-23.34.48:134][ 86]LogUObjectHash: Compacting FUObjectHashTables data took   2.66ms
[2026.03.16-23.34.48:137][ 86]LogAudio: Display: Creating Audio Device:                 Id: 5, Scope: Unique, Realtime: True
[2026.03.16-23.34.48:137][ 86]LogAudioMixer: Display: Audio Mixer Platform Settings:
[2026.03.16-23.34.48:137][ 86]LogAudioMixer: Display: 	Sample Rate:						  48000
[2026.03.16-23.34.48:137][ 86]LogAudioMixer: Display: 	Callback Buffer Frame Size Requested: 1024
[2026.03.16-23.34.48:137][ 86]LogAudioMixer: Display: 	Callback Buffer Frame Size To Use:	  1024
[2026.03.16-23.34.48:137][ 86]LogAudioMixer: Display: 	Number of buffers to queue:			  2
[2026.03.16-23.34.48:139][ 86]LogAudioMixer: Display: 	Max Channels (voices):				  32
[2026.03.16-23.34.48:139][ 86]LogAudioMixer: Display: 	Number of Async Source Workers:		  0
[2026.03.16-23.34.48:139][ 86]LogAudio: Display: AudioDevice MaxSources: 32
[2026.03.16-23.34.48:139][ 86]LogAudio: Display: Audio Spatialization Plugin: None (built-in).
[2026.03.16-23.34.48:139][ 86]LogAudio: Display: Audio Reverb Plugin: None (built-in).
[2026.03.16-23.34.48:139][ 86]LogAudio: Display: Audio Occlusion Plugin: None (built-in).
[2026.03.16-23.34.48:139][ 86]LogAudioMixer: Display: Initializing audio mixer.
[2026.03.16-23.34.48:145][ 86]LogAudioMixer: Display: 0: FrontLeft
[2026.03.16-23.34.48:145][ 86]LogAudioMixer: Display: 1: FrontRight
[2026.03.16-23.34.48:158][ 86]LogAudioMixer: Display: Using Audio Device Realtek HD Audio 2nd output (Realtek(R) Audio)
[2026.03.16-23.34.48:158][ 86]LogAudioMixer: Display: Initializing Sound Submixes...
[2026.03.16-23.34.48:158][ 86]LogAudioMixer: Display: Creating Master Submix 'MasterSubmixDefault'
[2026.03.16-23.34.48:158][ 86]LogAudioMixer: Display: Creating Master Submix 'MasterReverbSubmixDefault'
[2026.03.16-23.34.48:160][ 86]LogAudioMixer: Display: Creating Master Submix 'MasterEQSubmixDefault'
[2026.03.16-23.34.48:160][ 86]LogAudioMixer: FMixerPlatformXAudio2::StartAudioStream() called
[2026.03.16-23.34.48:160][ 86]LogAudioMixer: Display: Output buffers initialized: Frames=1024, Channels=2, Samples=2048
[2026.03.16-23.34.48:160][ 86]LogAudioMixer: Display: Starting AudioMixerPlatformInterface::RunInternal()
[2026.03.16-23.34.48:160][ 86]LogAudioMixer: Display: FMixerPlatformXAudio2::SubmitBuffer() called for the first time
[2026.03.16-23.34.48:160][ 86]LogInit: FAudioDevice initialized.
[2026.03.16-23.34.48:160][ 86]LogAudio: Display: Audio Device (ID: 5) registered with world 'K_AI_Main_Screen'.
[2026.03.16-23.34.48:207][ 86]LogSlate: Updating window title bar state: overlay mode, drag disabled, window buttons hidden, title bar hidden
[2026.03.16-23.34.48:209][ 86]LogLoad: Game class is 'Husband_Game_Mode_C'
[2026.03.16-23.34.48:209][ 86]LogWorld: Bringing World /Game/Maps/UEDPIE_0_K_AI_Main_Screen.K_AI_Main_Screen up for play (max tick rate 0) at 2026.03.16-18.34.48
[2026.03.16-23.34.48:209][ 86]LogWorld: Bringing up level for play took: 0.000342
[2026.03.16-23.34.48:209][ 86]LogOnline: OSS: Creating online subsystem instance for: :Context_19
[2026.03.16-23.34.48:212][ 86]LogViewport: Display: Viewport MouseLockMode Changed, LockOnCapture -> DoNotLock
[2026.03.16-23.34.48:212][ 86]LogViewport: Display: Viewport MouseCaptureMode Changed, CapturePermanently_IncludingInitialMouseDown -> CaptureDuringMouseDown
[2026.03.16-23.34.48:214][ 86]PIE: Server logged in
[2026.03.16-23.34.48:215][ 86]PIE: Play in editor total start time 0.112 seconds.
[2026.03.16-23.34.53:989][773]LogSlate: Window 'WeirdBox Preview [NetMode: Standalone]  (64-bit/Windows) ' being destroyed
[2026.03.16-23.34.53:996][773]LogWorld: BeginTearingDown for /Game/Maps/UEDPIE_0_K_AI_Main_Screen
[2026.03.16-23.34.54:024][773]LogWorld: UWorld::CleanupWorld for K_AI_Main_Screen, bSessionEnded=true, bCleanupResources=true
[2026.03.16-23.34.54:024][773]LogSlate: InvalidateAllWidgets triggered.  All widgets were invalidated
[2026.03.16-23.34.54:031][773]LogPlayLevel: Display: Shutting down PIE online subsystems
[2026.03.16-23.34.54:036][773]LogSlate: InvalidateAllWidgets triggered.  All widgets were invalidated
[2026.03.16-23.34.54:055][773]LogAudio: Display: Audio Device unregistered from world 'None'.
[2026.03.16-23.34.54:055][773]LogAudioMixer: FMixerPlatformXAudio2::StopAudioStream() called
[2026.03.16-23.34.54:055][773]LogAudioMixer: FMixerPlatformXAudio2::StopAudioStream() called
[2026.03.16-23.34.54:060][773]LogUObjectHash: Compacting FUObjectHashTables data took   2.26ms
[2026.03.16-23.34.54:090][776]LogPlayLevel: Display: Destroying online subsystem :Context_19
[2026.03.16-23.35.05:576][128]LogAssetEditorSubsystem: Opening Asset editor for WidgetBlueprint /Game/Husband/Cam_Features.Cam_Features
[2026.03.16-23.35.26:214][560]BlueprintLog: New page: Compile Husband_Character_BP
[2026.03.16-23.35.26:251][560]LogUObjectHash: Compacting FUObjectHashTables data took   2.46ms
[2026.03.16-23.35.26:877][628]Cmd: OBJ SAVEPACKAGE PACKAGE="/Game/Husband/Husband_Character_BP" FILE="../../../../../UnrealProjects/CyberKittysWeirdBox/Content/Husband/Husband_Character_BP.uasset" SILENT=true
[2026.03.16-23.35.26:881][628]LogSavePackage: Moving '../../../../../UnrealProjects/CyberKittysWeirdBox/Saved/Husband_Character_BPA5419A6F451C9DD591924C9F5081EE72.tmp' to '../../../../../UnrealProjects/CyberKittysWeirdBox/Content/Husband/Husband_Character_BP.uasset'
[2026.03.16-23.35.26:894][628]AssetCheck: New page: Asset Save: Husband_Character_BP
[2026.03.16-23.35.26:894][628]LogContentValidation: Display: Validating Blueprint /Game/Husband/Husband_Character_BP.Husband_Character_BP
[2026.03.16-23.35.29:238][895]LogTemp: Repeating last play command: New Editor Window (PIE)
[2026.03.16-23.35.29:243][895]LogPlayLevel: PlayLevel: No blueprints needed recompiling
[2026.03.16-23.35.29:243][895]PIE: New page: PIE session: K_AI_Main_Screen (Mar 16, 2026, 1:35:29 PM)
[2026.03.16-23.35.29:243][895]LogPlayLevel: Creating play world package: /Game/Maps/UEDPIE_0_K_AI_Main_Screen
[2026.03.16-23.35.29:243][895]LogPlayLevel: PIE: StaticDuplicateObject took: (0.000561s)
[2026.03.16-23.35.29:244][895]LogAIModule: Creating AISystem for world K_AI_Main_Screen
[2026.03.16-23.35.29:245][895]LogPlayLevel: PIE: World Init took: (0.000767s)
[2026.03.16-23.35.29:245][895]LogPlayLevel: PIE: Created PIE world by copying editor world from /Game/Maps/K_AI_Main_Screen.K_AI_Main_Screen to /Game/Maps/UEDPIE_0_K_AI_Main_Screen.K_AI_Main_Screen (0.001398s)
[2026.03.16-23.35.29:268][895]LogUObjectHash: Compacting FUObjectHashTables data took   2.79ms
[2026.03.16-23.35.29:269][895]LogAudio: Display: Creating Audio Device:                 Id: 6, Scope: Unique, Realtime: True
[2026.03.16-23.35.29:269][895]LogAudioMixer: Display: Audio Mixer Platform Settings:
[2026.03.16-23.35.29:269][895]LogAudioMixer: Display: 	Sample Rate:						  48000
[2026.03.16-23.35.29:269][895]LogAudioMixer: Display: 	Callback Buffer Frame Size Requested: 1024
[2026.03.16-23.35.29:269][895]LogAudioMixer: Display: 	Callback Buffer Frame Size To Use:	  1024
[2026.03.16-23.35.29:269][895]LogAudioMixer: Display: 	Number of buffers to queue:			  2
[2026.03.16-23.35.29:269][895]LogAudioMixer: Display: 	Max Channels (voices):				  32
[2026.03.16-23.35.29:269][895]LogAudioMixer: Display: 	Number of Async Source Workers:		  0
[2026.03.16-23.35.29:269][895]LogAudio: Display: AudioDevice MaxSources: 32
[2026.03.16-23.35.29:269][895]LogAudio: Display: Audio Spatialization Plugin: None (built-in).
[2026.03.16-23.35.29:269][895]LogAudio: Display: Audio Reverb Plugin: None (built-in).
[2026.03.16-23.35.29:269][895]LogAudio: Display: Audio Occlusion Plugin: None (built-in).
[2026.03.16-23.35.29:269][895]LogAudioMixer: Display: Initializing audio mixer.
[2026.03.16-23.35.29:275][895]LogAudioMixer: Display: 0: FrontLeft
[2026.03.16-23.35.29:275][895]LogAudioMixer: Display: 1: FrontRight
[2026.03.16-23.35.29:289][895]LogAudioMixer: Display: Using Audio Device Realtek HD Audio 2nd output (Realtek(R) Audio)
[2026.03.16-23.35.29:289][895]LogAudioMixer: Display: Initializing Sound Submixes...
[2026.03.16-23.35.29:289][895]LogAudioMixer: Display: Creating Master Submix 'MasterSubmixDefault'
[2026.03.16-23.35.29:289][895]LogAudioMixer: Display: Creating Master Submix 'MasterReverbSubmixDefault'
[2026.03.16-23.35.29:289][895]LogAudioMixer: Display: Creating Master Submix 'MasterEQSubmixDefault'
[2026.03.16-23.35.29:289][895]LogAudioMixer: FMixerPlatformXAudio2::StartAudioStream() called
[2026.03.16-23.35.29:289][895]LogAudioMixer: Display: Output buffers initialized: Frames=1024, Channels=2, Samples=2048
[2026.03.16-23.35.29:290][895]LogAudioMixer: Display: Starting AudioMixerPlatformInterface::RunInternal()
[2026.03.16-23.35.29:290][895]LogAudioMixer: Display: FMixerPlatformXAudio2::SubmitBuffer() called for the first time
[2026.03.16-23.35.29:290][895]LogInit: FAudioDevice initialized.
[2026.03.16-23.35.29:290][895]LogAudio: Display: Audio Device (ID: 6) registered with world 'K_AI_Main_Screen'.
[2026.03.16-23.35.29:325][895]LogSlate: Updating window title bar state: overlay mode, drag disabled, window buttons hidden, title bar hidden
[2026.03.16-23.35.29:325][895]LogLoad: Game class is 'Husband_Game_Mode_C'
[2026.03.16-23.35.29:325][895]LogWorld: Bringing World /Game/Maps/UEDPIE_0_K_AI_Main_Screen.K_AI_Main_Screen up for play (max tick rate 0) at 2026.03.16-18.35.29
[2026.03.16-23.35.29:325][895]LogWorld: Bringing up level for play took: 0.000353
[2026.03.16-23.35.29:325][895]LogOnline: OSS: Creating online subsystem instance for: :Context_22
[2026.03.16-23.35.29:327][895]LogViewport: Display: Viewport MouseLockMode Changed, LockOnCapture -> DoNotLock
[2026.03.16-23.35.29:327][895]LogViewport: Display: Viewport MouseCaptureMode Changed, CapturePermanently_IncludingInitialMouseDown -> CaptureDuringMouseDown
[2026.03.16-23.35.29:330][895]PIE: Server logged in
[2026.03.16-23.35.29:330][895]PIE: Play in editor total start time 0.089 seconds.
[2026.03.16-23.35.35:676][648]LogSlate: Window 'WeirdBox Preview [NetMode: Standalone]  (64-bit/Windows) ' being destroyed
[2026.03.16-23.35.35:682][648]LogWorld: BeginTearingDown for /Game/Maps/UEDPIE_0_K_AI_Main_Screen
[2026.03.16-23.35.35:715][648]LogWorld: UWorld::CleanupWorld for K_AI_Main_Screen, bSessionEnded=true, bCleanupResources=true
[2026.03.16-23.35.35:715][648]LogSlate: InvalidateAllWidgets triggered.  All widgets were invalidated
[2026.03.16-23.35.35:725][648]LogPlayLevel: Display: Shutting down PIE online subsystems
[2026.03.16-23.35.35:729][648]LogSlate: InvalidateAllWidgets triggered.  All widgets were invalidated
[2026.03.16-23.35.35:751][648]LogAudio: Display: Audio Device unregistered from world 'None'.
[2026.03.16-23.35.35:751][648]LogAudioMixer: FMixerPlatformXAudio2::StopAudioStream() called
[2026.03.16-23.35.35:753][648]LogAudioMixer: FMixerPlatformXAudio2::StopAudioStream() called
[2026.03.16-23.35.35:757][648]LogUObjectHash: Compacting FUObjectHashTables data took   2.24ms
[2026.03.16-23.35.35:780][650]LogPlayLevel: Display: Destroying online subsystem :Context_22
[2026.03.16-23.36.57:207][398]LogUObjectHash: Compacting FUObjectHashTables data took   2.70ms
[2026.03.16-23.36.57:227][398]LogAssetEditorSubsystem: Opening Asset editor for World /Game/Maps/K_AI_Main_Screen.K_AI_Main_Screen
[2026.03.16-23.36.57:227][398]Cmd: MAP LOAD FILE="../../../../../UnrealProjects/CyberKittysWeirdBox/Content/Maps/K_AI_Main_Screen.umap" TEMPLATE=0 SHOWPROGRESS=1 FEATURELEVEL=3
[2026.03.16-23.36.57:227][398]LightingResults: New page: Lighting Build
[2026.03.16-23.36.57:227][398]LoadErrors: New page: Loading map: K_AI_Main_Screen.umap
[2026.03.16-23.36.57:267][398]LogWorld: UWorld::CleanupWorld for K_AI_Main_Screen, bSessionEnded=true, bCleanupResources=true
[2026.03.16-23.36.57:267][398]LogSlate: InvalidateAllWidgets triggered.  All widgets were invalidated
[2026.03.16-23.36.57:267][398]MapCheck: New page: Map Check
[2026.03.16-23.36.57:267][398]LightingResults: New page: Lighting Build
[2026.03.16-23.36.57:290][398]LogAudio: Display: Audio Device unregistered from world 'None'.
[2026.03.16-23.36.57:293][398]LogUObjectHash: Compacting FUObjectHashTables data took   2.54ms
[2026.03.16-23.36.57:300][398]LogAudio: Display: Audio Device (ID: 1) registered with world 'K_AI_Main_Screen'.
[2026.03.16-23.36.57:300][398]LogAIModule: Creating AISystem for world K_AI_Main_Screen
[2026.03.16-23.36.57:320][398]LogEditorServer: Finished looking for orphan Actors (0.000 secs)
[2026.03.16-23.36.57:344][398]LogUObjectHash: Compacting FUObjectHashTables data took   2.19ms
[2026.03.16-23.36.57:347][398]Cmd: MAP CHECKDEP NOCLEARLOG
[2026.03.16-23.36.57:348][398]MapCheck: Map check complete: 0 Error(s), 0 Warning(s), took 0.052ms to complete.
[2026.03.16-23.36.57:348][398]LogFileHelpers: Loading map 'K_AI_Main_Screen' took 0.121
[2026.03.16-23.36.58:987][588]LogUObjectHash: Compacting FUObjectHashTables data took   0.54ms
[2026.03.16-23.36.59:012][588]LogAssetEditorSubsystem: Opening Asset editor for World /Game/Maps/Menu_Level.Menu_Level
[2026.03.16-23.36.59:012][588]Cmd: MAP LOAD FILE="../../../../../UnrealProjects/CyberKittysWeirdBox/Content/Maps/Menu_Level.umap" TEMPLATE=0 SHOWPROGRESS=1 FEATURELEVEL=3
[2026.03.16-23.36.59:012][588]LightingResults: New page: Lighting Build
[2026.03.16-23.36.59:012][588]LoadErrors: New page: Loading map: Menu_Level.umap
[2026.03.16-23.36.59:057][588]LogWorld: UWorld::CleanupWorld for K_AI_Main_Screen, bSessionEnded=true, bCleanupResources=true
[2026.03.16-23.36.59:057][588]LogSlate: InvalidateAllWidgets triggered.  All widgets were invalidated
[2026.03.16-23.36.59:057][588]MapCheck: New page: Map Check
[2026.03.16-23.36.59:057][588]LightingResults: New page: Lighting Build
[2026.03.16-23.36.59:079][588]LogAudio: Display: Audio Device unregistered from world 'None'.
[2026.03.16-23.36.59:083][588]LogUObjectHash: Compacting FUObjectHashTables data took   2.46ms
[2026.03.16-23.36.59:083][588]LogAudio: Display: Audio Device (ID: 1) registered with world 'Menu_Level'.
[2026.03.16-23.36.59:100][588]LogEditorServer: Finished looking for orphan Actors (0.000 secs)
[2026.03.16-23.36.59:100][588]LogAIModule: Creating AISystem for world Menu_Level
[2026.03.16-23.36.59:125][588]LogUObjectHash: Compacting FUObjectHashTables data took   2.20ms
[2026.03.16-23.36.59:127][588]Cmd: MAP CHECKDEP NOCLEARLOG
[2026.03.16-23.36.59:127][588]MapCheck: Map check complete: 0 Error(s), 0 Warning(s), took 0.059ms to complete.
[2026.03.16-23.36.59:127][588]LogFileHelpers: Loading map 'Menu_Level' took 0.114
[2026.03.16-23.37.00:219][712]LogUObjectHash: Compacting FUObjectHashTables data took   0.56ms
[2026.03.16-23.37.00:248][712]LogLinker: Warning: [AssetLog] D:\UnrealProjects\CyberKittysWeirdBox\Content\Maps\Side_Camera_Test.umap: Failed to load '/Game/Cameras/Side_Camera': Can't find file.
[2026.03.16-23.37.00:248][712]LogLinker: Warning: [AssetLog] D:\UnrealProjects\CyberKittysWeirdBox\Content\Maps\Side_Camera_Test.umap: Failed to load '/Game/Cameras/Side_Camera': Can't find file.
[2026.03.16-23.37.00:251][712]LogLinker: Warning: [AssetLog] D:\UnrealProjects\CyberKittysWeirdBox\Content\Maps\Side_Camera_Test.umap: Failed to load '/Game/Cameras/Side_Camera': Can't find file.
[2026.03.16-23.37.00:253][712]LogLinker: Warning: [AssetLog] D:\UnrealProjects\CyberKittysWeirdBox\Content\Maps\Side_Camera_Test.umap: Failed to load '/Game/Cameras/Side_Camera': Can't find file.
[2026.03.16-23.37.00:253][712]LogLinker: Warning: [AssetLog] D:\UnrealProjects\CyberKittysWeirdBox\Content\Maps\Side_Camera_Test.umap: Failed to load '/Game/Cameras/Side_Camera': Can't find file.
[2026.03.16-23.37.00:253][712]LogLinker: Warning: [AssetLog] D:\UnrealProjects\CyberKittysWeirdBox\Content\Maps\Side_Camera_Test.umap: Failed to load '/Game/Cameras/Side_Camera': Can't find file.
[2026.03.16-23.37.00:253][712]LogLinker: Warning: Failed to load '/Game/Cameras/Side_Camera': Can't find file.
[2026.03.16-23.37.00:253][712]LogLinker: Warning: Failed to load '/Game/Cameras/Side_Camera': Can't find file.
[2026.03.16-23.37.00:253][712]LogLinker: Warning: Failed to load '/Game/Cameras/Side_Camera': Can't find file.
[2026.03.16-23.37.00:253][712]LogLinker: Warning: Failed to load '/Game/Cameras/Side_Camera': Can't find file.
[2026.03.16-23.37.00:253][712]LogLinker: Warning: Failed to load '/Game/Cameras/Side_Camera': Can't find file.
[2026.03.16-23.37.00:254][712]LogLinker: Warning: Failed to load '/Game/Cameras/Side_Camera': Can't find file.
[2026.03.16-23.37.00:254][712]LogLinker: Warning: Failed to load '/Game/Cameras/Side_Camera': Can't find file.
[2026.03.16-23.37.00:275][712]LogAssetEditorSubsystem: Opening Asset editor for World /Game/Maps/Side_Camera_Test.Side_Camera_Test
[2026.03.16-23.37.00:275][712]Cmd: MAP LOAD FILE="../../../../../UnrealProjects/CyberKittysWeirdBox/Content/Maps/Side_Camera_Test.umap" TEMPLATE=0 SHOWPROGRESS=1 FEATURELEVEL=3
[2026.03.16-23.37.00:275][712]LightingResults: New page: Lighting Build
[2026.03.16-23.37.00:275][712]LoadErrors: New page: Loading map: Side_Camera_Test.umap
[2026.03.16-23.37.00:276][712]LogWorld: UWorld::CleanupWorld for Menu_Level, bSessionEnded=true, bCleanupResources=true
[2026.03.16-23.37.00:276][712]LogSlate: InvalidateAllWidgets triggered.  All widgets were invalidated
[2026.03.16-23.37.00:276][712]MapCheck: New page: Map Check
[2026.03.16-23.37.00:276][712]LightingResults: New page: Lighting Build
[2026.03.16-23.37.00:297][712]LogAudio: Display: Audio Device unregistered from world 'None'.
[2026.03.16-23.37.00:300][712]LogUObjectHash: Compacting FUObjectHashTables data took   2.43ms
[2026.03.16-23.37.00:301][712]LogAudio: Display: Audio Device (ID: 1) registered with world 'Side_Camera_Test'.
[2026.03.16-23.37.00:362][712]LogEditorServer: Finished looking for orphan Actors (0.000 secs)
[2026.03.16-23.37.00:362][712]LogAIModule: Creating AISystem for world Side_Camera_Test
[2026.03.16-23.37.00:386][712]LogUObjectHash: Compacting FUObjectHashTables data took   2.37ms
[2026.03.16-23.37.00:389][712]Cmd: MAP CHECKDEP NOCLEARLOG
[2026.03.16-23.37.00:389][712]MapCheck: Map check complete: 0 Error(s), 0 Warning(s), took 0.054ms to complete.
[2026.03.16-23.37.00:389][712]LogFileHelpers: Loading map 'Side_Camera_Test' took 0.114
[2026.03.16-23.37.00:411][712]LoadErrors: Warning: CreateExport: Failed to load Outer for resource 'CameraComponent': Side_Camera_C /Game/Maps/Side_Camera_Test.Side_Camera_Test:PersistentLevel.Side_Camera_2
[2026.03.16-23.37.00:411][712]LoadErrors: Warning: CreateExport: Failed to load Outer for resource 'SceneComponent': Side_Camera_C /Game/Maps/Side_Camera_Test.Side_Camera_Test:PersistentLevel.Side_Camera_2
[2026.03.16-23.37.03:038][ 20]LogUObjectHash: Compacting FUObjectHashTables data took   0.54ms
[2026.03.16-23.37.03:083][ 20]LogAssetEditorSubsystem: Opening Asset editor for World /Game/Maps/Top_Down_Drone_test.Top_Down_Drone_test
[2026.03.16-23.37.03:083][ 20]Cmd: MAP LOAD FILE="../../../../../UnrealProjects/CyberKittysWeirdBox/Content/Maps/Top_Down_Drone_test.umap" TEMPLATE=0 SHOWPROGRESS=1 FEATURELEVEL=3
[2026.03.16-23.37.03:083][ 20]LightingResults: New page: Lighting Build
[2026.03.16-23.37.03:083][ 20]LoadErrors: New page: Loading map: Top_Down_Drone_test.umap
[2026.03.16-23.37.03:109][ 20]LogWorld: UWorld::CleanupWorld for Side_Camera_Test, bSessionEnded=true, bCleanupResources=true
[2026.03.16-23.37.03:109][ 20]LogSlate: InvalidateAllWidgets triggered.  All widgets were invalidated
[2026.03.16-23.37.03:109][ 20]MapCheck: New page: Map Check
[2026.03.16-23.37.03:109][ 20]LightingResults: New page: Lighting Build
[2026.03.16-23.37.03:130][ 20]LogAudio: Display: Audio Device unregistered from world 'None'.
[2026.03.16-23.37.03:133][ 20]LogUObjectHash: Compacting FUObjectHashTables data took   2.44ms
[2026.03.16-23.37.03:135][ 20]LogAudio: Display: Audio Device (ID: 1) registered with world 'Top_Down_Drone_test'.
[2026.03.16-23.37.03:193][ 20]LogEditorServer: Finished looking for orphan Actors (0.000 secs)
[2026.03.16-23.37.03:193][ 20]LogAIModule: Creating AISystem for world Top_Down_Drone_test
[2026.03.16-23.37.03:217][ 20]LogUObjectHash: Compacting FUObjectHashTables data took   2.40ms
[2026.03.16-23.37.03:220][ 20]Cmd: MAP CHECKDEP NOCLEARLOG
[2026.03.16-23.37.03:220][ 20]MapCheck: Map check complete: 0 Error(s), 0 Warning(s), took 0.055ms to complete.
[2026.03.16-23.37.03:220][ 20]LogFileHelpers: Loading map 'Top_Down_Drone_test' took 0.137
[2026.03.16-23.37.05:578][292]LogUObjectHash: Compacting FUObjectHashTables data took   0.56ms
[2026.03.16-23.37.05:615][292]LogAssetEditorSubsystem: Opening Asset editor for World /Game/Maps/Angled_Camera_Test.Angled_Camera_Test
[2026.03.16-23.37.05:615][292]Cmd: MAP LOAD FILE="../../../../../UnrealProjects/CyberKittysWeirdBox/Content/Maps/Angled_Camera_Test.umap" TEMPLATE=0 SHOWPROGRESS=1 FEATURELEVEL=3
[2026.03.16-23.37.05:615][292]LightingResults: New page: Lighting Build
[2026.03.16-23.37.05:615][292]LoadErrors: New page: Loading map: Angled_Camera_Test.umap
[2026.03.16-23.37.05:648][292]LogWorld: UWorld::CleanupWorld for Top_Down_Drone_test, bSessionEnded=true, bCleanupResources=true
[2026.03.16-23.37.05:648][292]LogSlate: InvalidateAllWidgets triggered.  All widgets were invalidated
[2026.03.16-23.37.05:648][292]MapCheck: New page: Map Check
[2026.03.16-23.37.05:648][292]LightingResults: New page: Lighting Build
[2026.03.16-23.37.05:669][292]LogAudio: Display: Audio Device unregistered from world 'None'.
[2026.03.16-23.37.05:673][292]LogUObjectHash: Compacting FUObjectHashTables data took   2.44ms
[2026.03.16-23.37.05:673][292]LogAudio: Display: Audio Device (ID: 1) registered with world 'Angled_Camera_Test'.
[2026.03.16-23.37.05:730][292]LogEditorServer: Finished looking for orphan Actors (0.000 secs)
[2026.03.16-23.37.05:730][292]LogAIModule: Creating AISystem for world Angled_Camera_Test
[2026.03.16-23.37.05:758][292]LogUObjectHash: Compacting FUObjectHashTables data took   2.26ms
[2026.03.16-23.37.05:759][292]Cmd: MAP CHECKDEP NOCLEARLOG
[2026.03.16-23.37.05:759][292]MapCheck: Map check complete: 0 Error(s), 0 Warning(s), took 0.056ms to complete.
[2026.03.16-23.37.05:759][292]LogFileHelpers: Loading map 'Angled_Camera_Test' took 0.145
[2026.03.16-23.37.10:062][800]LogUObjectHash: Compacting FUObjectHashTables data took   0.55ms
[2026.03.16-23.37.10:079][800]LogAssetEditorSubsystem: Opening Asset editor for World /Game/Maps/K_AI_Main_Screen.K_AI_Main_Screen
[2026.03.16-23.37.10:079][800]Cmd: MAP LOAD FILE="../../../../../UnrealProjects/CyberKittysWeirdBox/Content/Maps/K_AI_Main_Screen.umap" TEMPLATE=0 SHOWPROGRESS=1 FEATURELEVEL=3
[2026.03.16-23.37.10:079][800]LightingResults: New page: Lighting Build
[2026.03.16-23.37.10:079][800]LoadErrors: New page: Loading map: K_AI_Main_Screen.umap
[2026.03.16-23.37.10:108][800]LogWorld: UWorld::CleanupWorld for Angled_Camera_Test, bSessionEnded=true, bCleanupResources=true
[2026.03.16-23.37.10:108][800]LogSlate: InvalidateAllWidgets triggered.  All widgets were invalidated
[2026.03.16-23.37.10:108][800]MapCheck: New page: Map Check
[2026.03.16-23.37.10:108][800]LightingResults: New page: Lighting Build
[2026.03.16-23.37.10:129][800]LogAudio: Display: Audio Device unregistered from world 'None'.
[2026.03.16-23.37.10:131][800]LogUObjectHash: Compacting FUObjectHashTables data took   2.31ms
[2026.03.16-23.37.10:131][800]LogAudio: Display: Audio Device (ID: 1) registered with world 'K_AI_Main_Screen'.
[2026.03.16-23.37.10:163][800]LogEditorServer: Finished looking for orphan Actors (0.000 secs)
[2026.03.16-23.37.10:163][800]LogAIModule: Creating AISystem for world K_AI_Main_Screen
[2026.03.16-23.37.10:189][800]LogUObjectHash: Compacting FUObjectHashTables data took   2.21ms
[2026.03.16-23.37.10:191][800]Cmd: MAP CHECKDEP NOCLEARLOG
[2026.03.16-23.37.10:191][800]MapCheck: Map check complete: 0 Error(s), 0 Warning(s), took 0.049ms to complete.
[2026.03.16-23.37.10:191][800]LogFileHelpers: Loading map 'K_AI_Main_Screen' took 0.112
[2026.03.16-23.37.15:964][480]LogSlate: Prevented a slow task dialog from being summoned while a context menu was open
[2026.03.16-23.37.15:982][480]LogEditorClassViewer: Warning: Class /Engine/Tutorial/InWorldBlueprintEditing/TutorialAssets/IWBE_Blutility.IWBE_Blutility_C has parent /Script/Blutility.PlacedEditorUtilityBase, but this parent is not found. The Class will not be shown in ClassViewer.
[2026.03.16-23.37.29:377][ 70]LogAssetEditorSubsystem: Opening Asset editor for Blueprint /Game/KAI_Screen_mode.KAI_Screen_mode
[2026.03.16-23.37.49:248][376]LogUObjectHash: Compacting FUObjectHashTables data took   2.37ms
[2026.03.16-23.37.49:260][376]LogAssetEditorSubsystem: Opening Asset editor for World /Game/Maps/K_AI_Main_Screen.K_AI_Main_Screen
[2026.03.16-23.37.49:260][376]Cmd: MAP LOAD FILE="../../../../../UnrealProjects/CyberKittysWeirdBox/Content/Maps/K_AI_Main_Screen.umap" TEMPLATE=0 SHOWPROGRESS=1 FEATURELEVEL=3
[2026.03.16-23.37.49:260][376]LightingResults: New page: Lighting Build
[2026.03.16-23.37.49:260][376]LoadErrors: New page: Loading map: K_AI_Main_Screen.umap
[2026.03.16-23.37.49:261][376]LogWorld: UWorld::CleanupWorld for K_AI_Main_Screen, bSessionEnded=true, bCleanupResources=true
[2026.03.16-23.37.49:261][376]LogSlate: InvalidateAllWidgets triggered.  All widgets were invalidated
[2026.03.16-23.37.49:261][376]MapCheck: New page: Map Check
[2026.03.16-23.37.49:261][376]LightingResults: New page: Lighting Build
[2026.03.16-23.37.49:284][376]LogAudio: Display: Audio Device unregistered from world 'None'.
[2026.03.16-23.37.49:287][376]LogUObjectHash: Compacting FUObjectHashTables data took   2.26ms
[2026.03.16-23.37.49:289][376]LogAudio: Display: Audio Device (ID: 1) registered with world 'K_AI_Main_Screen'.
[2026.03.16-23.37.49:289][376]LogAIModule: Creating AISystem for world K_AI_Main_Screen
[2026.03.16-23.37.49:305][376]LogEditorServer: Finished looking for orphan Actors (0.000 secs)
[2026.03.16-23.37.49:332][376]LogUObjectHash: Compacting FUObjectHashTables data took   2.20ms
[2026.03.16-23.37.49:333][376]Cmd: MAP CHECKDEP NOCLEARLOG
[2026.03.16-23.37.49:333][376]MapCheck: Map check complete: 0 Error(s), 0 Warning(s), took 0.05ms to complete.
[2026.03.16-23.37.49:333][376]LogFileHelpers: Loading map 'K_AI_Main_Screen' took 0.073
[2026.03.16-23.37.50:897][555]LogSlate: Prevented a slow task dialog from being summoned while a context menu was open
[2026.03.16-23.37.50:916][555]LogEditorClassViewer: Warning: Class /Engine/Tutorial/InWorldBlueprintEditing/TutorialAssets/IWBE_Blutility.IWBE_Blutility_C has parent /Script/Blutility.PlacedEditorUtilityBase, but this parent is not found. The Class will not be shown in ClassViewer.
[2026.03.16-23.37.58:245][382]Cmd: OBJ SAVEPACKAGE PACKAGE="/Game/Maps/K_AI_Main_Screen" FILE="../../../../../UnrealProjects/CyberKittysWeirdBox/Content/Maps/K_AI_Main_Screen.umap" SILENT=true AUTOSAVING=false KEEPDIRTY=false
[2026.03.16-23.37.58:270][382]LogUObjectHash: Compacting FUObjectHashTables data took   1.92ms
[2026.03.16-23.37.58:273][382]LogSavePackage: Moving '../../../../../UnrealProjects/CyberKittysWeirdBox/Saved/K_AI_Main_ScreenE869A4074329896ACAE09BAE99F06CD1.tmp' to '../../../../../UnrealProjects/CyberKittysWeirdBox/Content/Maps/K_AI_Main_Screen.umap'
[2026.03.16-23.37.58:275][382]LogFileHelpers: Saving map 'K_AI_Main_Screen' took 0.031
[2026.03.16-23.37.58:288][382]AssetCheck: New page: Asset Save: K_AI_Main_Screen
[2026.03.16-23.37.58:288][382]LogContentValidation: Display: Validating World /Game/Maps/K_AI_Main_Screen.K_AI_Main_Screen
[2026.03.16-23.37.59:343][505]Cmd: OBJ SAVEPACKAGE PACKAGE="/Game/Maps/K_AI_Main_Screen" FILE="../../../../../UnrealProjects/CyberKittysWeirdBox/Content/Maps/K_AI_Main_Screen.umap" SILENT=true AUTOSAVING=false KEEPDIRTY=false
[2026.03.16-23.37.59:368][505]LogUObjectHash: Compacting FUObjectHashTables data took   1.93ms
[2026.03.16-23.37.59:370][505]LogSavePackage: Moving '../../../../../UnrealProjects/CyberKittysWeirdBox/Saved/K_AI_Main_Screen1BA739A14B33593F9937BD857F0C04B7.tmp' to '../../../../../UnrealProjects/CyberKittysWeirdBox/Content/Maps/K_AI_Main_Screen.umap'
[2026.03.16-23.37.59:383][505]AssetCheck: New page: Asset Save: K_AI_Main_Screen
[2026.03.16-23.37.59:383][505]LogContentValidation: Display: Validating World /Game/Maps/K_AI_Main_Screen.K_AI_Main_Screen
[2026.03.16-23.38.00:791][665]LogTemp: Repeating last play command: New Editor Window (PIE)
[2026.03.16-23.38.00:795][665]LogPlayLevel: PlayLevel: No blueprints needed recompiling
[2026.03.16-23.38.00:795][665]PIE: New page: PIE session: K_AI_Main_Screen (Mar 16, 2026, 1:38:00 PM)
[2026.03.16-23.38.00:795][665]LogPlayLevel: Creating play world package: /Game/Maps/UEDPIE_0_K_AI_Main_Screen
[2026.03.16-23.38.00:795][665]LogPlayLevel: PIE: StaticDuplicateObject took: (0.000585s)
[2026.03.16-23.38.00:797][665]LogAIModule: Creating AISystem for world K_AI_Main_Screen
[2026.03.16-23.38.00:797][665]LogPlayLevel: PIE: World Init took: (0.000719s)
[2026.03.16-23.38.00:797][665]LogPlayLevel: PIE: Created PIE world by copying editor world from /Game/Maps/K_AI_Main_Screen.K_AI_Main_Screen to /Game/Maps/UEDPIE_0_K_AI_Main_Screen.K_AI_Main_Screen (0.001395s)
[2026.03.16-23.38.00:823][665]LogUObjectHash: Compacting FUObjectHashTables data took   2.23ms
[2026.03.16-23.38.00:824][665]LogAudio: Display: Creating Audio Device:                 Id: 7, Scope: Unique, Realtime: True
[2026.03.16-23.38.00:824][665]LogAudioMixer: Display: Audio Mixer Platform Settings:
[2026.03.16-23.38.00:824][665]LogAudioMixer: Display: 	Sample Rate:						  48000
[2026.03.16-23.38.00:824][665]LogAudioMixer: Display: 	Callback Buffer Frame Size Requested: 1024
[2026.03.16-23.38.00:824][665]LogAudioMixer: Display: 	Callback Buffer Frame Size To Use:	  1024
[2026.03.16-23.38.00:824][665]LogAudioMixer: Display: 	Number of buffers to queue:			  2
[2026.03.16-23.38.00:824][665]LogAudioMixer: Display: 	Max Channels (voices):				  32
[2026.03.16-23.38.00:824][665]LogAudioMixer: Display: 	Number of Async Source Workers:		  0
[2026.03.16-23.38.00:824][665]LogAudio: Display: AudioDevice MaxSources: 32
[2026.03.16-23.38.00:824][665]LogAudio: Display: Audio Spatialization Plugin: None (built-in).
[2026.03.16-23.38.00:824][665]LogAudio: Display: Audio Reverb Plugin: None (built-in).
[2026.03.16-23.38.00:824][665]LogAudio: Display: Audio Occlusion Plugin: None (built-in).
[2026.03.16-23.38.00:824][665]LogAudioMixer: Display: Initializing audio mixer.
[2026.03.16-23.38.00:831][665]LogAudioMixer: Display: 0: FrontLeft
[2026.03.16-23.38.00:831][665]LogAudioMixer: Display: 1: FrontRight
[2026.03.16-23.38.00:844][665]LogAudioMixer: Display: Using Audio Device Realtek HD Audio 2nd output (Realtek(R) Audio)
[2026.03.16-23.38.00:844][665]LogAudioMixer: Display: Initializing Sound Submixes...
[2026.03.16-23.38.00:844][665]LogAudioMixer: Display: Creating Master Submix 'MasterSubmixDefault'
[2026.03.16-23.38.00:844][665]LogAudioMixer: Display: Creating Master Submix 'MasterReverbSubmixDefault'
[2026.03.16-23.38.00:844][665]LogAudioMixer: Display: Creating Master Submix 'MasterEQSubmixDefault'
[2026.03.16-23.38.00:844][665]LogAudioMixer: FMixerPlatformXAudio2::StartAudioStream() called
[2026.03.16-23.38.00:844][665]LogAudioMixer: Display: Output buffers initialized: Frames=1024, Channels=2, Samples=2048
[2026.03.16-23.38.00:846][665]LogAudioMixer: Display: Starting AudioMixerPlatformInterface::RunInternal()
[2026.03.16-23.38.00:846][665]LogAudioMixer: Display: FMixerPlatformXAudio2::SubmitBuffer() called for the first time
[2026.03.16-23.38.00:846][665]LogInit: FAudioDevice initialized.
[2026.03.16-23.38.00:846][665]LogAudio: Display: Audio Device (ID: 7) registered with world 'K_AI_Main_Screen'.
[2026.03.16-23.38.00:891][665]LogSlate: Updating window title bar state: overlay mode, drag disabled, window buttons hidden, title bar hidden
[2026.03.16-23.38.00:891][665]LogLoad: Game class is 'KAI_Screen_mode_C'
[2026.03.16-23.38.00:891][665]LogWorld: Bringing World /Game/Maps/UEDPIE_0_K_AI_Main_Screen.K_AI_Main_Screen up for play (max tick rate 0) at 2026.03.16-18.38.00
[2026.03.16-23.38.00:892][665]LogWorld: Bringing up level for play took: 0.000324
[2026.03.16-23.38.00:892][665]LogOnline: OSS: Creating online subsystem instance for: :Context_24
[2026.03.16-23.38.00:895][665]PIE: Server logged in
[2026.03.16-23.38.00:897][665]PIE: Play in editor total start time 0.102 seconds.
[2026.03.16-23.38.02:234][823]LogNet: Browse: /Game/Maps/Side_Camera_Test
[2026.03.16-23.38.02:234][823]LogLoad: LoadMap: /Game/Maps/Side_Camera_Test
[2026.03.16-23.38.02:234][823]LogWorld: BeginTearingDown for /Game/Maps/UEDPIE_0_K_AI_Main_Screen
[2026.03.16-23.38.02:234][823]LogWorld: UWorld::CleanupWorld for K_AI_Main_Screen, bSessionEnded=true, bCleanupResources=true
[2026.03.16-23.38.02:234][823]LogSlate: InvalidateAllWidgets triggered.  All widgets were invalidated
[2026.03.16-23.38.02:292][823]LogAudio: Display: Audio Device unregistered from world 'None'.
[2026.03.16-23.38.02:295][823]LogUObjectHash: Compacting FUObjectHashTables data took   2.28ms
[2026.03.16-23.38.02:297][823]LogLinker: Warning: [AssetLog] D:\UnrealProjects\CyberKittysWeirdBox\Content\Maps\Side_Camera_Test.umap: Failed to load '/Game/Cameras/Side_Camera': Can't find file.
[2026.03.16-23.38.02:297][823]LogLinker: Warning: [AssetLog] D:\UnrealProjects\CyberKittysWeirdBox\Content\Maps\Side_Camera_Test.umap: Failed to load '/Game/Cameras/Side_Camera': Can't find file.
[2026.03.16-23.38.02:297][823]LogLinker: Warning: [AssetLog] D:\UnrealProjects\CyberKittysWeirdBox\Content\Maps\Side_Camera_Test.umap: Failed to load '/Game/Cameras/Side_Camera': Can't find file.
[2026.03.16-23.38.02:298][823]LogLinker: Warning: [AssetLog] D:\UnrealProjects\CyberKittysWeirdBox\Content\Maps\Side_Camera_Test.umap: Failed to load '/Game/Cameras/Side_Camera': Can't find file.
[2026.03.16-23.38.02:298][823]LogLinker: Warning: [AssetLog] D:\UnrealProjects\CyberKittysWeirdBox\Content\Maps\Side_Camera_Test.umap: Failed to load '/Game/Cameras/Side_Camera': Can't find file.
[2026.03.16-23.38.02:298][823]LogLinker: Warning: [AssetLog] D:\UnrealProjects\CyberKittysWeirdBox\Content\Maps\Side_Camera_Test.umap: Failed to load '/Game/Cameras/Side_Camera': Can't find file.
[2026.03.16-23.38.02:298][823]LogLinker: Warning: Failed to load '/Game/Cameras/Side_Camera': Can't find file.
[2026.03.16-23.38.02:298][823]LogLinker: Warning: Failed to load '/Game/Cameras/Side_Camera': Can't find file.
[2026.03.16-23.38.02:298][823]LogLinker: Warning: Failed to load '/Game/Cameras/Side_Camera': Can't find file.
[2026.03.16-23.38.02:298][823]LogLinker: Warning: Failed to load '/Game/Cameras/Side_Camera': Can't find file.
[2026.03.16-23.38.02:298][823]LogLinker: Warning: Failed to load '/Game/Cameras/Side_Camera': Can't find file.
[2026.03.16-23.38.02:300][823]LogLinker: Warning: Failed to load '/Game/Cameras/Side_Camera': Can't find file.
[2026.03.16-23.38.02:300][823]LogLinker: Warning: Failed to load '/Game/Cameras/Side_Camera': Can't find file.
[2026.03.16-23.38.02:303][823]LogAudio: Display: Audio Device (ID: 7) registered with world 'Side_Camera_Test'.
[2026.03.16-23.38.02:304][823]LogAIModule: Creating AISystem for world Side_Camera_Test
[2026.03.16-23.38.02:304][823]LogLoad: Game class is 'KAI_Game_Mode_C'
[2026.03.16-23.38.02:304][823]LogWorld: Bringing World /Game/Maps/UEDPIE_0_Side_Camera_Test.Side_Camera_Test up for play (max tick rate 0) at 2026.03.16-18.38.02
[2026.03.16-23.38.02:304][823]LogWorld: Bringing up level for play took: 0.000742
[2026.03.16-23.38.02:318][823]LogLoad: Took 0.084881 seconds to LoadMap(/Game/Maps/Side_Camera_Test)
[2026.03.16-23.38.02:337][824]LoadErrors: Warning: CreateExport: Failed to load Outer for resource 'CameraComponent': Side_Camera_C /Game/Maps/Side_Camera_Test.Side_Camera_Test:PersistentLevel.Side_Camera_2
[2026.03.16-23.38.02:337][824]LoadErrors: Warning: CreateExport: Failed to load Outer for resource 'SceneComponent': Side_Camera_C /Game/Maps/Side_Camera_Test.Side_Camera_Test:PersistentLevel.Side_Camera_2
[2026.03.16-23.38.05:499][198]LogSlate: Updating window title bar state: overlay mode, drag disabled, window buttons hidden, title bar hidden
[2026.03.16-23.38.05:499][198]LogWorld: BeginTearingDown for /Game/Maps/UEDPIE_0_Side_Camera_Test
[2026.03.16-23.38.05:499][198]LogSlate: Window 'WeirdBox Preview [NetMode: Standalone]  (64-bit/Windows) ' being destroyed
[2026.03.16-23.38.05:505][198]LogWorld: UWorld::CleanupWorld for Side_Camera_Test, bSessionEnded=true, bCleanupResources=true
[2026.03.16-23.38.05:506][198]LogSlate: InvalidateAllWidgets triggered.  All widgets were invalidated
[2026.03.16-23.38.05:511][198]LogPlayLevel: Display: Shutting down PIE online subsystems
[2026.03.16-23.38.05:514][198]LogSlate: InvalidateAllWidgets triggered.  All widgets were invalidated
[2026.03.16-23.38.05:538][198]LogAudioMixer: FMixerPlatformXAudio2::StopAudioStream() called
[2026.03.16-23.38.05:539][198]LogAudioMixer: FMixerPlatformXAudio2::StopAudioStream() called
[2026.03.16-23.38.05:544][198]LogUObjectHash: Compacting FUObjectHashTables data took   2.26ms
[2026.03.16-23.38.05:556][199]LogPlayLevel: Display: Destroying online subsystem :Context_24
[2026.03.16-23.39.39:754][ 59]BlueprintLog: New page: Compile Husband_Character_BP
[2026.03.16-23.39.39:755][ 59]LogBlueprint: Error: [AssetLog] D:\UnrealProjects\CyberKittysWeirdBox\Content\Husband\Husband_Character_BP.uasset: [Compiler] Spawn node  Create Widget  must have a class specified.
[2026.03.16-23.39.39:796][ 59]LogUObjectHash: Compacting FUObjectHashTables data took   2.73ms
[2026.03.16-23.39.40:261][110]Cmd: OBJ SAVEPACKAGE PACKAGE="/Game/Husband/Husband_Character_BP" FILE="../../../../../UnrealProjects/CyberKittysWeirdBox/Content/Husband/Husband_Character_BP.uasset" SILENT=true
[2026.03.16-23.39.40:266][110]LogSavePackage: Moving '../../../../../UnrealProjects/CyberKittysWeirdBox/Saved/Husband_Character_BP2221764A43BAFE8F836108A2862CB824.tmp' to '../../../../../UnrealProjects/CyberKittysWeirdBox/Content/Husband/Husband_Character_BP.uasset'
[2026.03.16-23.39.40:279][110]AssetCheck: New page: Asset Save: Husband_Character_BP
[2026.03.16-23.39.40:279][110]LogContentValidation: Display: Validating Blueprint /Game/Husband/Husband_Character_BP.Husband_Character_BP
[2026.03.16-23.39.41:371][237]LogSlate: Prevented a slow task dialog from being summoned while a context menu was open
[2026.03.16-23.39.41:389][237]LogEditorClassViewer: Warning: Class /Engine/Tutorial/InWorldBlueprintEditing/TutorialAssets/IWBE_Blutility.IWBE_Blutility_C has parent /Script/Blutility.PlacedEditorUtilityBase, but this parent is not found. The Class will not be shown in ClassViewer.
[2026.03.16-23.39.48:905][121]BlueprintLog: New page: Compile Husband_Character_BP
[2026.03.16-23.39.48:948][121]LogUObjectHash: Compacting FUObjectHashTables data took   3.20ms
[2026.03.16-23.39.50:611][308]Cmd: OBJ SAVEPACKAGE PACKAGE="/Game/Husband/Husband_Character_BP" FILE="../../../../../UnrealProjects/CyberKittysWeirdBox/Content/Husband/Husband_Character_BP.uasset" SILENT=true
[2026.03.16-23.39.50:614][308]LogSavePackage: Moving '../../../../../UnrealProjects/CyberKittysWeirdBox/Saved/Husband_Character_BP1B25150A4E62704550B31C858EC4B0A8.tmp' to '../../../../../UnrealProjects/CyberKittysWeirdBox/Content/Husband/Husband_Character_BP.uasset'
[2026.03.16-23.39.50:627][308]AssetCheck: New page: Asset Save: Husband_Character_BP
[2026.03.16-23.39.50:627][308]LogContentValidation: Display: Validating Blueprint /Game/Husband/Husband_Character_BP.Husband_Character_BP
[2026.03.16-23.40.02:087][673]BlueprintLog: New page: Compile Husband_Character_BP
[2026.03.16-23.40.02:132][673]LogUObjectHash: Compacting FUObjectHashTables data took   3.08ms
[2026.03.16-23.40.47:065][ 20]BlueprintLog: New page: Compile Cam_Features
[2026.03.16-23.40.47:096][ 20]LogUObjectHash: Compacting FUObjectHashTables data took   3.03ms
[2026.03.16-23.41.30:849][ 15]BlueprintLog: New page: Compile Cam_Features
[2026.03.16-23.41.30:880][ 15]LogUObjectHash: Compacting FUObjectHashTables data took   3.08ms
[2026.03.16-23.41.43:859][546]LogAssetEditorSubsystem: Opening Asset editor for WidgetBlueprint /Game/Cameras/House_Camera_Widget_BP.House_Camera_Widget_BP
[2026.03.16-23.42.10:849][696]BlueprintLog: New page: Compile Cam_Features
[2026.03.16-23.42.10:883][696]LogUObjectHash: Compacting FUObjectHashTables data took   3.57ms
[2026.03.16-23.42.29:504][891]BlueprintLog: New page: Compile Cam_Features
[2026.03.16-23.42.29:543][891]LogUObjectHash: Compacting FUObjectHashTables data took   3.30ms
[2026.03.16-23.42.30:026][941]Cmd: OBJ SAVEPACKAGE PACKAGE="/Game/Husband/Cam_Features" FILE="../../../../../UnrealProjects/CyberKittysWeirdBox/Content/Husband/Cam_Features.uasset" SILENT=true
[2026.03.16-23.42.30:029][941]LogSavePackage: Moving '../../../../../UnrealProjects/CyberKittysWeirdBox/Saved/Cam_Features1F6AC7D04520B24FB1C9F48290856B1E.tmp' to '../../../../../UnrealProjects/CyberKittysWeirdBox/Content/Husband/Cam_Features.uasset'
[2026.03.16-23.42.30:043][941]AssetCheck: New page: Asset Save: Cam_Features
[2026.03.16-23.42.30:043][941]LogContentValidation: Display: Validating WidgetBlueprint /Game/Husband/Cam_Features.Cam_Features
[2026.03.16-23.43.23:321][295]LogContentBrowser: Attempting asset rename: K_AI_Main_Screen -> K_AI_Main_Screen
[2026.03.16-23.43.27:431][769]LogContentBrowser: Attempting asset rename: K_AI_Main_Screen -> K_AI_Main_Screen
[2026.03.16-23.43.37:630][975]BlueprintLog: New page: Compile Cam_Features
[2026.03.16-23.43.37:680][975]LogUObjectHash: Compacting FUObjectHashTables data took   3.10ms
[2026.03.16-23.43.38:242][ 36]Cmd: OBJ SAVEPACKAGE PACKAGE="/Game/Husband/Cam_Features" FILE="../../../../../UnrealProjects/CyberKittysWeirdBox/Content/Husband/Cam_Features.uasset" SILENT=true
[2026.03.16-23.43.38:245][ 36]LogSavePackage: Moving '../../../../../UnrealProjects/CyberKittysWeirdBox/Saved/Cam_Features9E6899314FC9E4B3878A33B7B9C0838C.tmp' to '../../../../../UnrealProjects/CyberKittysWeirdBox/Content/Husband/Cam_Features.uasset'
[2026.03.16-23.43.38:259][ 36]AssetCheck: New page: Asset Save: Cam_Features
[2026.03.16-23.43.38:259][ 36]LogContentValidation: Display: Validating WidgetBlueprint /Game/Husband/Cam_Features.Cam_Features
[2026.03.16-23.43.42:441][516]LogWorld: UWorld::CleanupWorld for World_11, bSessionEnded=true, bCleanupResources=true
[2026.03.16-23.43.42:441][516]LogSlate: InvalidateAllWidgets triggered.  All widgets were invalidated
[2026.03.16-23.43.45:399][861]LogActorComponent: UnregisterComponent: (/Engine/Transient.EditorFloorComp) Not registered. Aborting.
[2026.03.16-23.43.45:399][861]LogWorld: UWorld::CleanupWorld for World_20, bSessionEnded=true, bCleanupResources=true
[2026.03.16-23.43.45:399][861]LogSlate: InvalidateAllWidgets triggered.  All widgets were invalidated
[2026.03.16-23.43.49:367][331]LogWorld: UWorld::CleanupWorld for World_22, bSessionEnded=true, bCleanupResources=true
[2026.03.16-23.43.49:367][331]LogSlate: InvalidateAllWidgets triggered.  All widgets were invalidated
[2026.03.16-23.43.49:372][331]LogWorld: UWorld::CleanupWorld for World_21, bSessionEnded=true, bCleanupResources=true
[2026.03.16-23.43.49:372][331]LogSlate: InvalidateAllWidgets triggered.  All widgets were invalidated
[2026.03.16-23.44.21:505][120]LogSlate: Window 'Color Picker' being destroyed
[2026.03.16-23.44.46:873][125]LogSlate: Window 'Color Picker' being destroyed
[2026.03.16-23.44.48:589][329]BlueprintLog: New page: Compile Cam_Features
[2026.03.16-23.44.48:634][329]LogUObjectHash: Compacting FUObjectHashTables data took   3.40ms
[2026.03.16-23.45.59:689][654]LogSlate: Window 'Color Picker' being destroyed
[2026.03.16-23.46.14:604][430]BlueprintLog: New page: Compile Cam_Features
[2026.03.16-23.46.14:639][430]LogUObjectHash: Compacting FUObjectHashTables data took   3.05ms
[2026.03.16-23.46.15:408][516]Cmd: OBJ SAVEPACKAGE PACKAGE="/Game/Husband/Cam_Features" FILE="../../../../../UnrealProjects/CyberKittysWeirdBox/Content/Husband/Cam_Features.uasset" SILENT=true
[2026.03.16-23.46.15:411][516]LogSavePackage: Moving '../../../../../UnrealProjects/CyberKittysWeirdBox/Saved/Cam_FeaturesF69B31444622594976747785127AC503.tmp' to '../../../../../UnrealProjects/CyberKittysWeirdBox/Content/Husband/Cam_Features.uasset'
[2026.03.16-23.46.15:424][516]AssetCheck: New page: Asset Save: Cam_Features
[2026.03.16-23.46.15:424][516]LogContentValidation: Display: Validating WidgetBlueprint /Game/Husband/Cam_Features.Cam_Features
[2026.03.16-23.46.26:404][806]LogTemp: Repeating last play command: New Editor Window (PIE)
[2026.03.16-23.46.26:407][806]LogPlayLevel: PlayLevel: No blueprints needed recompiling
[2026.03.16-23.46.26:407][806]PIE: New page: PIE session: K_AI_Main_Screen (Mar 16, 2026, 1:46:26 PM)
[2026.03.16-23.46.26:407][806]LogPlayLevel: Creating play world package: /Game/Maps/UEDPIE_0_K_AI_Main_Screen
[2026.03.16-23.46.26:409][806]LogPlayLevel: PIE: StaticDuplicateObject took: (0.000569s)
[2026.03.16-23.46.26:409][806]LogAIModule: Creating AISystem for world K_AI_Main_Screen
[2026.03.16-23.46.26:409][806]LogPlayLevel: PIE: World Init took: (0.000756s)
[2026.03.16-23.46.26:409][806]LogPlayLevel: PIE: Created PIE world by copying editor world from /Game/Maps/K_AI_Main_Screen.K_AI_Main_Screen to /Game/Maps/UEDPIE_0_K_AI_Main_Screen.K_AI_Main_Screen (0.001405s)
[2026.03.16-23.46.26:434][806]LogUObjectHash: Compacting FUObjectHashTables data took   2.96ms
[2026.03.16-23.46.26:435][806]LogAudio: Display: Creating Audio Device:                 Id: 8, Scope: Unique, Realtime: True
[2026.03.16-23.46.26:435][806]LogAudioMixer: Display: Audio Mixer Platform Settings:
[2026.03.16-23.46.26:435][806]LogAudioMixer: Display: 	Sample Rate:						  48000
[2026.03.16-23.46.26:435][806]LogAudioMixer: Display: 	Callback Buffer Frame Size Requested: 1024
[2026.03.16-23.46.26:435][806]LogAudioMixer: Display: 	Callback Buffer Frame Size To Use:	  1024
[2026.03.16-23.46.26:435][806]LogAudioMixer: Display: 	Number of buffers to queue:			  2
[2026.03.16-23.46.26:435][806]LogAudioMixer: Display: 	Max Channels (voices):				  32
[2026.03.16-23.46.26:435][806]LogAudioMixer: Display: 	Number of Async Source Workers:		  0
[2026.03.16-23.46.26:435][806]LogAudio: Display: AudioDevice MaxSources: 32
[2026.03.16-23.46.26:435][806]LogAudio: Display: Audio Spatialization Plugin: None (built-in).
[2026.03.16-23.46.26:435][806]LogAudio: Display: Audio Reverb Plugin: None (built-in).
[2026.03.16-23.46.26:435][806]LogAudio: Display: Audio Occlusion Plugin: None (built-in).
[2026.03.16-23.46.26:435][806]LogAudioMixer: Display: Initializing audio mixer.
[2026.03.16-23.46.26:442][806]LogAudioMixer: Display: 0: FrontLeft
[2026.03.16-23.46.26:442][806]LogAudioMixer: Display: 1: FrontRight
[2026.03.16-23.46.26:455][806]LogAudioMixer: Display: Using Audio Device Realtek HD Audio 2nd output (Realtek(R) Audio)
[2026.03.16-23.46.26:455][806]LogAudioMixer: Display: Initializing Sound Submixes...
[2026.03.16-23.46.26:455][806]LogAudioMixer: Display: Creating Master Submix 'MasterSubmixDefault'
[2026.03.16-23.46.26:455][806]LogAudioMixer: Display: Creating Master Submix 'MasterReverbSubmixDefault'
[2026.03.16-23.46.26:455][806]LogAudioMixer: Display: Creating Master Submix 'MasterEQSubmixDefault'
[2026.03.16-23.46.26:455][806]LogAudioMixer: FMixerPlatformXAudio2::StartAudioStream() called
[2026.03.16-23.46.26:455][806]LogAudioMixer: Display: Output buffers initialized: Frames=1024, Channels=2, Samples=2048
[2026.03.16-23.46.26:458][806]LogAudioMixer: Display: Starting AudioMixerPlatformInterface::RunInternal()
[2026.03.16-23.46.26:458][806]LogAudioMixer: Display: FMixerPlatformXAudio2::SubmitBuffer() called for the first time
[2026.03.16-23.46.26:458][806]LogInit: FAudioDevice initialized.
[2026.03.16-23.46.26:458][806]LogAudio: Display: Audio Device (ID: 8) registered with world 'K_AI_Main_Screen'.
[2026.03.16-23.46.26:506][806]LogSlate: Updating window title bar state: overlay mode, drag disabled, window buttons hidden, title bar hidden
[2026.03.16-23.46.26:506][806]LogLoad: Game class is 'KAI_Screen_mode_C'
[2026.03.16-23.46.26:506][806]LogWorld: Bringing World /Game/Maps/UEDPIE_0_K_AI_Main_Screen.K_AI_Main_Screen up for play (max tick rate 0) at 2026.03.16-18.46.26
[2026.03.16-23.46.26:506][806]LogWorld: Bringing up level for play took: 0.000321
[2026.03.16-23.46.26:508][806]LogOnline: OSS: Creating online subsystem instance for: :Context_27
[2026.03.16-23.46.26:512][806]PIE: Server logged in
[2026.03.16-23.46.26:512][806]PIE: Play in editor total start time 0.106 seconds.
[2026.03.16-23.46.27:748][950]LogNet: Browse: /Game/Maps/Side_Camera_Test
[2026.03.16-23.46.27:748][950]LogLoad: LoadMap: /Game/Maps/Side_Camera_Test
[2026.03.16-23.46.27:748][950]LogWorld: BeginTearingDown for /Game/Maps/UEDPIE_0_K_AI_Main_Screen
[2026.03.16-23.46.27:748][950]LogWorld: UWorld::CleanupWorld for K_AI_Main_Screen, bSessionEnded=true, bCleanupResources=true
[2026.03.16-23.46.27:748][950]LogSlate: InvalidateAllWidgets triggered.  All widgets were invalidated
[2026.03.16-23.46.27:798][950]LogAudio: Display: Audio Device unregistered from world 'None'.
[2026.03.16-23.46.27:801][950]LogUObjectHash: Compacting FUObjectHashTables data took   2.28ms
[2026.03.16-23.46.27:802][950]LogLinker: Warning: [AssetLog] D:\UnrealProjects\CyberKittysWeirdBox\Content\Maps\Side_Camera_Test.umap: Failed to load '/Game/Cameras/Side_Camera': Can't find file.
[2026.03.16-23.46.27:802][950]LogLinker: Warning: [AssetLog] D:\UnrealProjects\CyberKittysWeirdBox\Content\Maps\Side_Camera_Test.umap: Failed to load '/Game/Cameras/Side_Camera': Can't find file.
[2026.03.16-23.46.27:802][950]LogLinker: Warning: [AssetLog] D:\UnrealProjects\CyberKittysWeirdBox\Content\Maps\Side_Camera_Test.umap: Failed to load '/Game/Cameras/Side_Camera': Can't find file.
[2026.03.16-23.46.27:802][950]LogLinker: Warning: [AssetLog] D:\UnrealProjects\CyberKittysWeirdBox\Content\Maps\Side_Camera_Test.umap: Failed to load '/Game/Cameras/Side_Camera': Can't find file.
[2026.03.16-23.46.27:802][950]LogLinker: Warning: [AssetLog] D:\UnrealProjects\CyberKittysWeirdBox\Content\Maps\Side_Camera_Test.umap: Failed to load '/Game/Cameras/Side_Camera': Can't find file.
[2026.03.16-23.46.27:802][950]LogLinker: Warning: [AssetLog] D:\UnrealProjects\CyberKittysWeirdBox\Content\Maps\Side_Camera_Test.umap: Failed to load '/Game/Cameras/Side_Camera': Can't find file.
[2026.03.16-23.46.27:802][950]LogLinker: Warning: Failed to load '/Game/Cameras/Side_Camera': Can't find file.
[2026.03.16-23.46.27:802][950]LogLinker: Warning: Failed to load '/Game/Cameras/Side_Camera': Can't find file.
[2026.03.16-23.46.27:802][950]LogLinker: Warning: Failed to load '/Game/Cameras/Side_Camera': Can't find file.
[2026.03.16-23.46.27:804][950]LogLinker: Warning: Failed to load '/Game/Cameras/Side_Camera': Can't find file.
[2026.03.16-23.46.27:804][950]LogLinker: Warning: Failed to load '/Game/Cameras/Side_Camera': Can't find file.
[2026.03.16-23.46.27:805][950]LogLinker: Warning: Failed to load '/Game/Cameras/Side_Camera': Can't find file.
[2026.03.16-23.46.27:805][950]LogLinker: Warning: Failed to load '/Game/Cameras/Side_Camera': Can't find file.
[2026.03.16-23.46.27:807][950]LogAudio: Display: Audio Device (ID: 8) registered with world 'Side_Camera_Test'.
[2026.03.16-23.46.27:808][950]LogAIModule: Creating AISystem for world Side_Camera_Test
[2026.03.16-23.46.27:808][950]LogLoad: Game class is 'KAI_Game_Mode_C'
[2026.03.16-23.46.27:808][950]LogWorld: Bringing World /Game/Maps/UEDPIE_0_Side_Camera_Test.Side_Camera_Test up for play (max tick rate 0) at 2026.03.16-18.46.27
[2026.03.16-23.46.27:808][950]LogWorld: Bringing up level for play took: 0.000723
[2026.03.16-23.46.27:809][950]LogLoad: Took 0.061136 seconds to LoadMap(/Game/Maps/Side_Camera_Test)
[2026.03.16-23.46.29:920][202]LogNet: Browse: /Game/Maps/K_AI_Main_Screen
[2026.03.16-23.46.29:920][202]LogLoad: LoadMap: /Game/Maps/K_AI_Main_Screen
[2026.03.16-23.46.29:920][202]LogWorld: BeginTearingDown for /Game/Maps/UEDPIE_0_Side_Camera_Test
[2026.03.16-23.46.29:921][202]LogWorld: UWorld::CleanupWorld for Side_Camera_Test, bSessionEnded=true, bCleanupResources=true
[2026.03.16-23.46.29:921][202]LogSlate: InvalidateAllWidgets triggered.  All widgets were invalidated
[2026.03.16-23.46.29:969][202]LogAudio: Display: Audio Device unregistered from world 'None'.
[2026.03.16-23.46.29:971][202]LogUObjectHash: Compacting FUObjectHashTables data took   2.26ms
[2026.03.16-23.46.29:972][202]LogPlayLevel: Creating play world package: /Game/Maps/UEDPIE_0_K_AI_Main_Screen
[2026.03.16-23.46.29:972][202]LogPlayLevel: PIE: StaticDuplicateObject took: (0.000586s)
[2026.03.16-23.46.29:974][202]LogAIModule: Creating AISystem for world K_AI_Main_Screen
[2026.03.16-23.46.29:974][202]LogPlayLevel: PIE: World Init took: (0.000697s)
[2026.03.16-23.46.29:974][202]LogPlayLevel: PIE: Created PIE world by copying editor world from /Game/Maps/K_AI_Main_Screen.K_AI_Main_Screen to /Game/Maps/UEDPIE_0_K_AI_Main_Screen.K_AI_Main_Screen (0.001379s)
[2026.03.16-23.46.29:974][202]LogAudio: Display: Audio Device (ID: 8) registered with world 'K_AI_Main_Screen'.
[2026.03.16-23.46.29:974][202]LogLoad: Game class is 'KAI_Screen_mode_C'
[2026.03.16-23.46.29:974][202]LogWorld: Bringing World /Game/Maps/UEDPIE_0_K_AI_Main_Screen.K_AI_Main_Screen up for play (max tick rate 0) at 2026.03.16-18.46.29
[2026.03.16-23.46.29:974][202]LogWorld: Bringing up level for play took: 0.000213
[2026.03.16-23.46.29:974][202]LogGameMode: FindPlayerStart: PATHS NOT DEFINED or NO PLAYERSTART with positive rating
[2026.03.16-23.46.29:976][202]LogLoad: Took 0.055407 seconds to LoadMap(/Game/Maps/UEDPIE_0_K_AI_Main_Screen)
[2026.03.16-23.46.30:960][319]LogNet: Browse: /Game/Maps/Angled_Camera_Test
[2026.03.16-23.46.30:961][319]LogLoad: LoadMap: /Game/Maps/Angled_Camera_Test
[2026.03.16-23.46.30:961][319]LogWorld: BeginTearingDown for /Game/Maps/UEDPIE_0_K_AI_Main_Screen
[2026.03.16-23.46.30:961][319]LogWorld: UWorld::CleanupWorld for K_AI_Main_Screen, bSessionEnded=true, bCleanupResources=true
[2026.03.16-23.46.30:961][319]LogSlate: InvalidateAllWidgets triggered.  All widgets were invalidated
[2026.03.16-23.46.31:019][319]LogAudio: Display: Audio Device unregistered from world 'None'.
[2026.03.16-23.46.31:021][319]LogUObjectHash: Compacting FUObjectHashTables data took   2.26ms
[2026.03.16-23.46.31:026][319]LogAudio: Display: Audio Device (ID: 8) registered with world 'Angled_Camera_Test'.
[2026.03.16-23.46.31:026][319]LogAIModule: Creating AISystem for world Angled_Camera_Test
[2026.03.16-23.46.31:026][319]LogLoad: Game class is 'KAI_Game_Mode_C'
[2026.03.16-23.46.31:028][319]LogWorld: Bringing World /Game/Maps/UEDPIE_0_Angled_Camera_Test.Angled_Camera_Test up for play (max tick rate 0) at 2026.03.16-18.46.31
[2026.03.16-23.46.31:028][319]LogWorld: Bringing up level for play took: 0.000839
[2026.03.16-23.46.31:029][319]LogLoad: Took 0.068490 seconds to LoadMap(/Game/Maps/Angled_Camera_Test)
[2026.03.16-23.46.32:690][517]LogNet: Browse: /Game/Maps/K_AI_Main_Screen
[2026.03.16-23.46.32:690][517]LogLoad: LoadMap: /Game/Maps/K_AI_Main_Screen
[2026.03.16-23.46.32:690][517]LogWorld: BeginTearingDown for /Game/Maps/UEDPIE_0_Angled_Camera_Test
[2026.03.16-23.46.32:690][517]LogWorld: UWorld::CleanupWorld for Angled_Camera_Test, bSessionEnded=true, bCleanupResources=true
[2026.03.16-23.46.32:691][517]LogSlate: InvalidateAllWidgets triggered.  All widgets were invalidated
[2026.03.16-23.46.32:749][517]LogAudio: Display: Audio Device unregistered from world 'None'.
[2026.03.16-23.46.32:751][517]LogUObjectHash: Compacting FUObjectHashTables data took   2.26ms
[2026.03.16-23.46.32:753][517]LogPlayLevel: Creating play world package: /Game/Maps/UEDPIE_0_K_AI_Main_Screen
[2026.03.16-23.46.32:753][517]LogPlayLevel: PIE: StaticDuplicateObject took: (0.000579s)
[2026.03.16-23.46.32:754][517]LogAIModule: Creating AISystem for world K_AI_Main_Screen
[2026.03.16-23.46.32:754][517]LogPlayLevel: PIE: World Init took: (0.000758s)
[2026.03.16-23.46.32:754][517]LogPlayLevel: PIE: Created PIE world by copying editor world from /Game/Maps/K_AI_Main_Screen.K_AI_Main_Screen to /Game/Maps/UEDPIE_0_K_AI_Main_Screen.K_AI_Main_Screen (0.001446s)
[2026.03.16-23.46.32:754][517]LogAudio: Display: Audio Device (ID: 8) registered with world 'K_AI_Main_Screen'.
[2026.03.16-23.46.32:754][517]LogLoad: Game class is 'KAI_Screen_mode_C'
[2026.03.16-23.46.32:754][517]LogWorld: Bringing World /Game/Maps/UEDPIE_0_K_AI_Main_Screen.K_AI_Main_Screen up for play (max tick rate 0) at 2026.03.16-18.46.32
[2026.03.16-23.46.32:754][517]LogWorld: Bringing up level for play took: 0.000257
[2026.03.16-23.46.32:754][517]LogGameMode: FindPlayerStart: PATHS NOT DEFINED or NO PLAYERSTART with positive rating
[2026.03.16-23.46.32:756][517]LogLoad: Took 0.066316 seconds to LoadMap(/Game/Maps/UEDPIE_0_K_AI_Main_Screen)
[2026.03.16-23.46.33:708][630]LogNet: Browse: /Game/Maps/Top_Down_Drone_test
[2026.03.16-23.46.33:708][630]LogLoad: LoadMap: /Game/Maps/Top_Down_Drone_test
[2026.03.16-23.46.33:708][630]LogWorld: BeginTearingDown for /Game/Maps/UEDPIE_0_K_AI_Main_Screen
[2026.03.16-23.46.33:708][630]LogWorld: UWorld::CleanupWorld for K_AI_Main_Screen, bSessionEnded=true, bCleanupResources=true
[2026.03.16-23.46.33:708][630]LogSlate: InvalidateAllWidgets triggered.  All widgets were invalidated
[2026.03.16-23.46.33:749][630]LogAudio: Display: Audio Device unregistered from world 'None'.
[2026.03.16-23.46.33:752][630]LogUObjectHash: Compacting FUObjectHashTables data took   2.27ms
[2026.03.16-23.46.33:755][630]LogAudio: Display: Audio Device (ID: 8) registered with world 'Top_Down_Drone_test'.
[2026.03.16-23.46.33:756][630]LogAIModule: Creating AISystem for world Top_Down_Drone_test
[2026.03.16-23.46.33:756][630]LogLoad: Game class is 'KAI_Game_Mode_C'
[2026.03.16-23.46.33:758][630]LogWorld: Bringing World /Game/Maps/UEDPIE_0_Top_Down_Drone_test.Top_Down_Drone_test up for play (max tick rate 0) at 2026.03.16-18.46.33
[2026.03.16-23.46.33:758][630]LogWorld: Bringing up level for play took: 0.000757
[2026.03.16-23.46.33:759][630]LogLoad: Took 0.051009 seconds to LoadMap(/Game/Maps/Top_Down_Drone_test)
[2026.03.16-23.46.36:436][950]LogNet: Browse: /Game/Maps/K_AI_Main_Screen
[2026.03.16-23.46.36:436][950]LogLoad: LoadMap: /Game/Maps/K_AI_Main_Screen
[2026.03.16-23.46.36:436][950]LogWorld: BeginTearingDown for /Game/Maps/UEDPIE_0_Top_Down_Drone_test
[2026.03.16-23.46.36:438][950]LogWorld: UWorld::CleanupWorld for Top_Down_Drone_test, bSessionEnded=true, bCleanupResources=true
[2026.03.16-23.46.36:438][950]LogSlate: InvalidateAllWidgets triggered.  All widgets were invalidated
[2026.03.16-23.46.36:478][950]LogAudio: Display: Audio Device unregistered from world 'None'.
[2026.03.16-23.46.36:481][950]LogUObjectHash: Compacting FUObjectHashTables data took   2.25ms
[2026.03.16-23.46.36:483][950]LogPlayLevel: Creating play world package: /Game/Maps/UEDPIE_0_K_AI_Main_Screen
[2026.03.16-23.46.36:483][950]LogPlayLevel: PIE: StaticDuplicateObject took: (0.000625s)
[2026.03.16-23.46.36:483][950]LogAIModule: Creating AISystem for world K_AI_Main_Screen
[2026.03.16-23.46.36:484][950]LogPlayLevel: PIE: World Init took: (0.000742s)
[2026.03.16-23.46.36:484][950]LogPlayLevel: PIE: Created PIE world by copying editor world from /Game/Maps/K_AI_Main_Screen.K_AI_Main_Screen to /Game/Maps/UEDPIE_0_K_AI_Main_Screen.K_AI_Main_Screen (0.001474s)
[2026.03.16-23.46.36:484][950]LogAudio: Display: Audio Device (ID: 8) registered with world 'K_AI_Main_Screen'.
[2026.03.16-23.46.36:484][950]LogLoad: Game class is 'KAI_Screen_mode_C'
[2026.03.16-23.46.36:484][950]LogWorld: Bringing World /Game/Maps/UEDPIE_0_K_AI_Main_Screen.K_AI_Main_Screen up for play (max tick rate 0) at 2026.03.16-18.46.36
[2026.03.16-23.46.36:484][950]LogWorld: Bringing up level for play took: 0.000294
[2026.03.16-23.46.36:484][950]LogGameMode: FindPlayerStart: PATHS NOT DEFINED or NO PLAYERSTART with positive rating
[2026.03.16-23.46.36:486][950]LogLoad: Took 0.048492 seconds to LoadMap(/Game/Maps/UEDPIE_0_K_AI_Main_Screen)
[2026.03.16-23.46.38:571][198]LogSlate: Window 'WeirdBox Preview [NetMode: Standalone]  (64-bit/Windows) ' being destroyed
[2026.03.16-23.46.38:575][198]LogWorld: BeginTearingDown for /Game/Maps/UEDPIE_0_K_AI_Main_Screen
[2026.03.16-23.46.38:608][198]LogWorld: UWorld::CleanupWorld for K_AI_Main_Screen, bSessionEnded=true, bCleanupResources=true
[2026.03.16-23.46.38:608][198]LogSlate: InvalidateAllWidgets triggered.  All widgets were invalidated
[2026.03.16-23.46.38:618][198]LogPlayLevel: Display: Shutting down PIE online subsystems
[2026.03.16-23.46.38:621][198]LogSlate: InvalidateAllWidgets triggered.  All widgets were invalidated
[2026.03.16-23.46.38:641][198]LogAudio: Display: Audio Device unregistered from world 'None'.
[2026.03.16-23.46.38:641][198]LogAudioMixer: FMixerPlatformXAudio2::StopAudioStream() called
[2026.03.16-23.46.38:643][198]LogAudioMixer: FMixerPlatformXAudio2::StopAudioStream() called
[2026.03.16-23.46.38:647][198]LogUObjectHash: Compacting FUObjectHashTables data took   2.30ms
[2026.03.16-23.46.38:677][201]LogPlayLevel: Display: Destroying online subsystem :Context_27
[2026.03.16-23.48.27:539][656]LogUObjectHash: Compacting FUObjectHashTables data took   2.88ms
[2026.03.16-23.48.27:542][656]LogFileHelpers: Editor autosave (incl. external actors) for '/Game/Maps/K_AI_Main_Screen' took 0.032
[2026.03.16-23.48.27:542][656]OBJ SavePackage: Generating thumbnails for [0] asset(s) in package [/Game/Husband/Husband_Character_BP] ([2] browsable assets)...
[2026.03.16-23.48.27:542][656]OBJ SavePackage: Finished generating thumbnails for package [/Game/Husband/Husband_Character_BP]
[2026.03.16-23.48.27:548][656]LogSavePackage: Moving '../../../../../UnrealProjects/CyberKittysWeirdBox/Saved/Husband_Character_BP_Auto1CEF93F52465C3339BCC37B8D63D391FB.tmp' to '../../../../../UnrealProjects/CyberKittysWeirdBox/Saved/Autosaves/Game/Husband/Husband_Character_BP_Auto1.uasset'
[2026.03.16-23.48.27:548][656]LogFileHelpers: Auto-saving content packages took 0.006
[2026.03.17-00.06.29:000][425]BlueprintLog: New page: Compile Husband_Character_BP
[2026.03.17-00.06.29:037][425]LogUObjectHash: Compacting FUObjectHashTables data took   3.33ms
[2026.03.17-00.06.32:038][762]LogAssetEditorSubsystem: Opening Asset editor for Blueprint /Game/K_AI/K_AI_Screen_Actor.K_AI_Screen_Actor
[2026.03.17-00.06.34:884][ 50]LogUObjectHash: Compacting FUObjectHashTables data took   3.04ms
[2026.03.17-00.06.34:884][ 50]LogFileHelpers: Editor autosave (incl. external actors) for '/Game/Maps/K_AI_Main_Screen' took 0.027
[2026.03.17-00.06.34:884][ 50]OBJ SavePackage: Generating thumbnails for [0] asset(s) in package [/Game/Husband/Husband_Character_BP] ([2] browsable assets)...
[2026.03.17-00.06.34:884][ 50]OBJ SavePackage: Finished generating thumbnails for package [/Game/Husband/Husband_Character_BP]
[2026.03.17-00.06.34:890][ 50]LogSavePackage: Moving '../../../../../UnrealProjects/CyberKittysWeirdBox/Saved/Husband_Character_BP_Auto2CAEE95DE45E2B2E758EABA96E2184E6F.tmp' to '../../../../../UnrealProjects/CyberKittysWeirdBox/Saved/Autosaves/Game/Husband/Husband_Character_BP_Auto2.uasset'
[2026.03.17-00.06.34:890][ 50]LogFileHelpers: Auto-saving content packages took 0.005
[2026.03.17-00.07.06:204][685]Cmd: OBJ SAVEPACKAGE PACKAGE="/Game/K_AI/K_AI_Screen_Actor" FILE="../../../../../UnrealProjects/CyberKittysWeirdBox/Content/K_AI/K_AI_Screen_Actor.uasset" SILENT=true
[2026.03.17-00.07.06:208][685]LogSavePackage: Moving '../../../../../UnrealProjects/CyberKittysWeirdBox/Saved/K_AI_Screen_Actor93D795F743EAF64361E9C1A0DE29FE0F.tmp' to '../../../../../UnrealProjects/CyberKittysWeirdBox/Content/K_AI/K_AI_Screen_Actor.uasset'
[2026.03.17-00.07.06:219][685]AssetCheck: New page: Asset Save: K_AI_Screen_Actor
[2026.03.17-00.07.06:219][685]LogContentValidation: Display: Validating Blueprint /Game/K_AI/K_AI_Screen_Actor.K_AI_Screen_Actor
[2026.03.17-00.07.51:341][ 21]BlueprintLog: New page: Compile Husband_Character_BP
[2026.03.17-00.07.51:381][ 21]LogUObjectHash: Compacting FUObjectHashTables data took   3.06ms
[2026.03.17-00.07.53:919][305]LogSlate: Took 0.018232 seconds to synchronously load lazily loaded font '../../../Engine/Content/Slate/Fonts/Roboto-BoldCondensedItalic.ttf' (160K)
[2026.03.17-00.08.48:201][776]BlueprintLog: New page: Compile Husband_Character_BP
[2026.03.17-00.08.48:203][776]LogClass: Warning: Type mismatch in Camera of Husband_Character_BP_C - Previous (BoolProperty) Current(ObjectProperty) for package:  FObjectReader
[2026.03.17-00.08.48:240][776]LogUObjectHash: Compacting FUObjectHashTables data took   3.08ms
[2026.03.17-00.08.48:937][853]Cmd: OBJ SAVEPACKAGE PACKAGE="/Game/Husband/Husband_Character_BP" FILE="../../../../../UnrealProjects/CyberKittysWeirdBox/Content/Husband/Husband_Character_BP.uasset" SILENT=true
[2026.03.17-00.08.48:962][853]LogSavePackage: Moving '../../../../../UnrealProjects/CyberKittysWeirdBox/Saved/Husband_Character_BP9AB25CAC4D54D8EB8017B6AC6FEC4ACD.tmp' to '../../../../../UnrealProjects/CyberKittysWeirdBox/Content/Husband/Husband_Character_BP.uasset'
[2026.03.17-00.08.48:975][853]AssetCheck: New page: Asset Save: Husband_Character_BP
[2026.03.17-00.08.48:975][853]LogContentValidation: Display: Validating Blueprint /Game/Husband/Husband_Character_BP.Husband_Character_BP
[2026.03.17-00.08.59:797][129]LogWorld: UWorld::CleanupWorld for World_19, bSessionEnded=true, bCleanupResources=true
[2026.03.17-00.08.59:797][129]LogSlate: InvalidateAllWidgets triggered.  All widgets were invalidated
[2026.03.17-00.08.59:802][129]LogWorld: UWorld::CleanupWorld for World_18, bSessionEnded=true, bCleanupResources=true
[2026.03.17-00.08.59:802][129]LogSlate: InvalidateAllWidgets triggered.  All widgets were invalidated
[2026.03.17-00.09.43:418][296]LogUObjectHash: Compacting FUObjectHashTables data took   3.03ms
[2026.03.17-00.09.43:443][296]LogAssetEditorSubsystem: Opening Asset editor for World /Game/Maps/Angled_Camera_Test.Angled_Camera_Test
[2026.03.17-00.09.43:443][296]Cmd: MAP LOAD FILE="../../../../../UnrealProjects/CyberKittysWeirdBox/Content/Maps/Angled_Camera_Test.umap" TEMPLATE=0 SHOWPROGRESS=1 FEATURELEVEL=3
[2026.03.17-00.09.43:443][296]LightingResults: New page: Lighting Build
[2026.03.17-00.09.43:443][296]LoadErrors: New page: Loading map: Angled_Camera_Test.umap
[2026.03.17-00.09.43:468][296]LogWorld: UWorld::CleanupWorld for K_AI_Main_Screen, bSessionEnded=true, bCleanupResources=true
[2026.03.17-00.09.43:468][296]LogSlate: InvalidateAllWidgets triggered.  All widgets were invalidated
[2026.03.17-00.09.43:468][296]MapCheck: New page: Map Check
[2026.03.17-00.09.43:468][296]LightingResults: New page: Lighting Build
[2026.03.17-00.09.43:489][296]LogAudio: Display: Audio Device unregistered from world 'None'.
[2026.03.17-00.09.43:493][296]LogUObjectHash: Compacting FUObjectHashTables data took   2.71ms
[2026.03.17-00.09.43:493][296]LogAudio: Display: Audio Device (ID: 1) registered with world 'Angled_Camera_Test'.
[2026.03.17-00.09.43:557][296]LogEditorServer: Finished looking for orphan Actors (0.000 secs)
[2026.03.17-00.09.43:557][296]LogAIModule: Creating AISystem for world Angled_Camera_Test
[2026.03.17-00.09.43:581][296]LogUObjectHash: Compacting FUObjectHashTables data took   2.25ms
[2026.03.17-00.09.43:583][296]Cmd: MAP CHECKDEP NOCLEARLOG
[2026.03.17-00.09.43:583][296]MapCheck: Map check complete: 0 Error(s), 0 Warning(s), took 0.053ms to complete.
[2026.03.17-00.09.43:583][296]LogFileHelpers: Loading map 'Angled_Camera_Test' took 0.141
[2026.03.17-00.09.47:458][757]LogEditorViewport: Clicking on Actor (LMB): CameraActor (Camera_3)
[2026.03.17-00.09.50:368][ 98]Cmd: DELETE
[2026.03.17-00.09.50:368][ 98]Cmd: ACTOR DELETE
[2026.03.17-00.09.50:461][ 98]LogEditorActor: Deleted Actor: CameraActor
[2026.03.17-00.09.50:489][ 98]LogUObjectHash: Compacting FUObjectHashTables data took   0.56ms
[2026.03.17-00.09.50:492][ 98]LogEditorActor: Deleted 1 Actors (0.059 secs)
[2026.03.17-00.10.14:983][ 11]LogEditorViewport: Clicking on Actor (context menu): K_AI_Camera_C (K_AI_Camera)
[2026.03.17-00.10.46:093][667]Cmd: TRANSACTION UNDO
[2026.03.17-00.10.46:093][667]LogEditorTransaction: Undo Set Rotation
[2026.03.17-00.10.48:361][891]Cmd: TRANSACTION UNDO
[2026.03.17-00.10.48:361][891]LogEditorTransaction: Undo Set Rotation
[2026.03.17-00.11.00:170][294]Cmd: OBJ SAVEPACKAGE PACKAGE="/Game/Maps/Angled_Camera_Test" FILE="../../../../../UnrealProjects/CyberKittysWeirdBox/Content/Maps/Angled_Camera_Test.umap" SILENT=true AUTOSAVING=false KEEPDIRTY=false
[2026.03.17-00.11.00:193][294]LogUObjectHash: Compacting FUObjectHashTables data took   2.32ms
[2026.03.17-00.11.00:215][294]LogSavePackage: Moving '../../../../../UnrealProjects/CyberKittysWeirdBox/Saved/Angled_Camera_Test08C0158A48D36F3F6C5B4184FD24002F.tmp' to '../../../../../UnrealProjects/CyberKittysWeirdBox/Content/Maps/Angled_Camera_Test.umap'
[2026.03.17-00.11.00:219][294]Cmd: OBJ SAVEPACKAGE PACKAGE="/Game/Maps/Angled_Camera_Test_BuiltData" FILE="../../../../../UnrealProjects/CyberKittysWeirdBox/Content/Maps/Angled_Camera_Test_BuiltData.uasset" SILENT=true
[2026.03.17-00.11.00:235][294]LogSavePackage: Moving '../../../../../UnrealProjects/CyberKittysWeirdBox/Saved/Angled_Camera_Test_BuiltData8E7C850B4A7107CC3A7E99AB78288222.tmp' to '../../../../../UnrealProjects/CyberKittysWeirdBox/Content/Maps/Angled_Camera_Test_BuiltData.uasset'
[2026.03.17-00.11.00:246][294]AssetCheck: New page: Asset Save: multiple assets
[2026.03.17-00.11.00:247][294]LogContentValidation: Display: Validating World /Game/Maps/Angled_Camera_Test.Angled_Camera_Test
[2026.03.17-00.11.00:247][294]LogContentValidation: Display: Validating MapBuildDataRegistry /Game/Maps/Angled_Camera_Test_BuiltData.Angled_Camera_Test_BuiltData
[2026.03.17-00.11.08:434][251]LogUObjectHash: Compacting FUObjectHashTables data took   1.96ms
[2026.03.17-00.11.08:456][251]LogLinker: Warning: [AssetLog] D:\UnrealProjects\CyberKittysWeirdBox\Content\Maps\Side_Camera_Test.umap: Failed to load '/Game/Cameras/Side_Camera': Can't find file.
[2026.03.17-00.11.08:456][251]LogLinker: Warning: [AssetLog] D:\UnrealProjects\CyberKittysWeirdBox\Content\Maps\Side_Camera_Test.umap: Failed to load '/Game/Cameras/Side_Camera': Can't find file.
[2026.03.17-00.11.08:456][251]LogLinker: Warning: [AssetLog] D:\UnrealProjects\CyberKittysWeirdBox\Content\Maps\Side_Camera_Test.umap: Failed to load '/Game/Cameras/Side_Camera': Can't find file.
[2026.03.17-00.11.08:456][251]LogLinker: Warning: [AssetLog] D:\UnrealProjects\CyberKittysWeirdBox\Content\Maps\Side_Camera_Test.umap: Failed to load '/Game/Cameras/Side_Camera': Can't find file.
[2026.03.17-00.11.08:456][251]LogLinker: Warning: [AssetLog] D:\UnrealProjects\CyberKittysWeirdBox\Content\Maps\Side_Camera_Test.umap: Failed to load '/Game/Cameras/Side_Camera': Can't find file.
[2026.03.17-00.11.08:456][251]LogLinker: Warning: [AssetLog] D:\UnrealProjects\CyberKittysWeirdBox\Content\Maps\Side_Camera_Test.umap: Failed to load '/Game/Cameras/Side_Camera': Can't find file.
[2026.03.17-00.11.08:457][251]LogLinker: Warning: Failed to load '/Game/Cameras/Side_Camera': Can't find file.
[2026.03.17-00.11.08:457][251]LogLinker: Warning: Failed to load '/Game/Cameras/Side_Camera': Can't find file.
[2026.03.17-00.11.08:457][251]LogLinker: Warning: Failed to load '/Game/Cameras/Side_Camera': Can't find file.
[2026.03.17-00.11.08:457][251]LogLinker: Warning: Failed to load '/Game/Cameras/Side_Camera': Can't find file.
[2026.03.17-00.11.08:457][251]LogLinker: Warning: Failed to load '/Game/Cameras/Side_Camera': Can't find file.
[2026.03.17-00.11.08:458][251]LogLinker: Warning: Failed to load '/Game/Cameras/Side_Camera': Can't find file.
[2026.03.17-00.11.08:458][251]LogLinker: Warning: Failed to load '/Game/Cameras/Side_Camera': Can't find file.
[2026.03.17-00.11.08:462][251]LogAssetEditorSubsystem: Opening Asset editor for World /Game/Maps/Side_Camera_Test.Side_Camera_Test
[2026.03.17-00.11.08:462][251]Cmd: MAP LOAD FILE="../../../../../UnrealProjects/CyberKittysWeirdBox/Content/Maps/Side_Camera_Test.umap" TEMPLATE=0 SHOWPROGRESS=1 FEATURELEVEL=3
[2026.03.17-00.11.08:462][251]LightingResults: New page: Lighting Build
[2026.03.17-00.11.08:462][251]LoadErrors: New page: Loading map: Side_Camera_Test.umap
[2026.03.17-00.11.08:463][251]LogWorld: UWorld::CleanupWorld for Angled_Camera_Test, bSessionEnded=true, bCleanupResources=true
[2026.03.17-00.11.08:463][251]LogSlate: InvalidateAllWidgets triggered.  All widgets were invalidated
[2026.03.17-00.11.08:463][251]MapCheck: New page: Map Check
[2026.03.17-00.11.08:463][251]LightingResults: New page: Lighting Build
[2026.03.17-00.11.08:483][251]LogAudio: Display: Audio Device unregistered from world 'None'.
[2026.03.17-00.11.08:486][251]LogUObjectHash: Compacting FUObjectHashTables data took   2.53ms
[2026.03.17-00.11.08:486][251]LogAudio: Display: Audio Device (ID: 1) registered with world 'Side_Camera_Test'.
[2026.03.17-00.11.08:549][251]LogEditorServer: Finished looking for orphan Actors (0.000 secs)
[2026.03.17-00.11.08:549][251]LogAIModule: Creating AISystem for world Side_Camera_Test
[2026.03.17-00.11.08:572][251]LogUObjectHash: Compacting FUObjectHashTables data took   2.34ms
[2026.03.17-00.11.08:575][251]Cmd: MAP CHECKDEP NOCLEARLOG
[2026.03.17-00.11.08:575][251]MapCheck: Map check complete: 0 Error(s), 0 Warning(s), took 0.059ms to complete.
[2026.03.17-00.11.08:575][251]LogFileHelpers: Loading map 'Side_Camera_Test' took 0.114
[2026.03.17-00.11.08:597][251]LoadErrors: Warning: CreateExport: Failed to load Outer for resource 'CameraComponent': Side_Camera_C /Game/Maps/Side_Camera_Test.Side_Camera_Test:PersistentLevel.Side_Camera_2
[2026.03.17-00.11.08:597][251]LoadErrors: Warning: CreateExport: Failed to load Outer for resource 'SceneComponent': Side_Camera_C /Game/Maps/Side_Camera_Test.Side_Camera_Test:PersistentLevel.Side_Camera_2
[2026.03.17-00.11.26:369][346]Cmd: OBJ SAVEPACKAGE PACKAGE="/Game/Maps/Side_Camera_Test" FILE="../../../../../UnrealProjects/CyberKittysWeirdBox/Content/Maps/Side_Camera_Test.umap" SILENT=true AUTOSAVING=false KEEPDIRTY=false
[2026.03.17-00.11.26:393][346]LogUObjectHash: Compacting FUObjectHashTables data took   2.27ms
[2026.03.17-00.11.26:403][346]LogSavePackage: Moving '../../../../../UnrealProjects/CyberKittysWeirdBox/Saved/Side_Camera_Test75DF74CF457C32F49FF2AC9EA30FFD18.tmp' to '../../../../../UnrealProjects/CyberKittysWeirdBox/Content/Maps/Side_Camera_Test.umap'
[2026.03.17-00.11.26:416][346]Cmd: OBJ SAVEPACKAGE PACKAGE="/Game/Maps/Side_Camera_Test_BuiltData" FILE="../../../../../UnrealProjects/CyberKittysWeirdBox/Content/Maps/Side_Camera_Test_BuiltData.uasset" SILENT=true
[2026.03.17-00.11.26:419][346]LogSavePackage: Moving '../../../../../UnrealProjects/CyberKittysWeirdBox/Saved/Side_Camera_Test_BuiltData343D55D64BF4A96070F74A8E046FC4BA.tmp' to '../../../../../UnrealProjects/CyberKittysWeirdBox/Content/Maps/Side_Camera_Test_BuiltData.uasset'
[2026.03.17-00.11.26:429][346]AssetCheck: New page: Asset Save: multiple assets
[2026.03.17-00.11.26:429][346]LogContentValidation: Display: Validating World /Game/Maps/Side_Camera_Test.Side_Camera_Test
[2026.03.17-00.11.26:429][346]LogContentValidation: Display: Validating MapBuildDataRegistry /Game/Maps/Side_Camera_Test_BuiltData.Side_Camera_Test_BuiltData
[2026.03.17-00.11.27:715][496]LogUObjectHash: Compacting FUObjectHashTables data took   0.62ms
[2026.03.17-00.11.27:742][496]LogAssetEditorSubsystem: Opening Asset editor for World /Game/Maps/Top_Down_Drone_test.Top_Down_Drone_test
[2026.03.17-00.11.27:742][496]Cmd: MAP LOAD FILE="../../../../../UnrealProjects/CyberKittysWeirdBox/Content/Maps/Top_Down_Drone_test.umap" TEMPLATE=0 SHOWPROGRESS=1 FEATURELEVEL=3
[2026.03.17-00.11.27:742][496]LightingResults: New page: Lighting Build
[2026.03.17-00.11.27:742][496]LoadErrors: New page: Loading map: Top_Down_Drone_test.umap
[2026.03.17-00.11.27:744][496]LogWorld: UWorld::CleanupWorld for Side_Camera_Test, bSessionEnded=true, bCleanupResources=true
[2026.03.17-00.11.27:744][496]LogSlate: InvalidateAllWidgets triggered.  All widgets were invalidated
[2026.03.17-00.11.27:744][496]MapCheck: New page: Map Check
[2026.03.17-00.11.27:744][496]LightingResults: New page: Lighting Build
[2026.03.17-00.11.27:764][496]LogAudio: Display: Audio Device unregistered from world 'None'.
[2026.03.17-00.11.27:767][496]LogUObjectHash: Compacting FUObjectHashTables data took   2.30ms
[2026.03.17-00.11.27:767][496]LogAudio: Display: Audio Device (ID: 1) registered with world 'Top_Down_Drone_test'.
[2026.03.17-00.11.27:829][496]LogEditorServer: Finished looking for orphan Actors (0.000 secs)
[2026.03.17-00.11.27:829][496]LogAIModule: Creating AISystem for world Top_Down_Drone_test
[2026.03.17-00.11.27:854][496]LogUObjectHash: Compacting FUObjectHashTables data took   2.29ms
[2026.03.17-00.11.27:856][496]Cmd: MAP CHECKDEP NOCLEARLOG
[2026.03.17-00.11.27:856][496]MapCheck: Map check complete: 0 Error(s), 0 Warning(s), took 0.056ms to complete.
[2026.03.17-00.11.27:856][496]LogFileHelpers: Loading map 'Top_Down_Drone_test' took 0.114
[2026.03.17-00.11.29:552][694]LogEditorViewport: Clicking on Actor (LMB): CameraActor (Camera_1)
[2026.03.17-00.11.30:648][819]Cmd: DELETE
[2026.03.17-00.11.30:648][819]Cmd: ACTOR DELETE
[2026.03.17-00.11.30:648][819]LogEditorActor: Deleted Actor: CameraActor
[2026.03.17-00.11.30:680][819]LogUObjectHash: Compacting FUObjectHashTables data took   2.56ms
[2026.03.17-00.11.30:683][819]LogEditorActor: Deleted 1 Actors (0.035 secs)
[2026.03.17-00.11.59:624][244]LogEditorViewport: Clicking on Actor (LMB): K_AI_Camera_C (K_AI_Camera)
[2026.03.17-00.12.03:203][663]Cmd: OBJ SAVEPACKAGE PACKAGE="/Game/Maps/Top_Down_Drone_test" FILE="../../../../../UnrealProjects/CyberKittysWeirdBox/Content/Maps/Top_Down_Drone_test.umap" SILENT=true AUTOSAVING=false KEEPDIRTY=false
[2026.03.17-00.12.03:226][663]LogUObjectHash: Compacting FUObjectHashTables data took   2.27ms
[2026.03.17-00.12.03:240][663]LogSavePackage: Moving '../../../../../UnrealProjects/CyberKittysWeirdBox/Saved/Top_Down_Drone_test412F6E1F459E7D8F030DB9B79D365E5D.tmp' to '../../../../../UnrealProjects/CyberKittysWeirdBox/Content/Maps/Top_Down_Drone_test.umap'
[2026.03.17-00.12.03:252][663]Cmd: OBJ SAVEPACKAGE PACKAGE="/Game/Maps/Top_Down_Drone_test_BuiltData" FILE="../../../../../UnrealProjects/CyberKittysWeirdBox/Content/Maps/Top_Down_Drone_test_BuiltData.uasset" SILENT=true
[2026.03.17-00.12.03:257][663]LogSavePackage: Moving '../../../../../UnrealProjects/CyberKittysWeirdBox/Saved/Top_Down_Drone_test_BuiltData6072287D4C9044A772420A89E974E88C.tmp' to '../../../../../UnrealProjects/CyberKittysWeirdBox/Content/Maps/Top_Down_Drone_test_BuiltData.uasset'
[2026.03.17-00.12.03:266][663]AssetCheck: New page: Asset Save: multiple assets
[2026.03.17-00.12.03:266][663]LogContentValidation: Display: Validating World /Game/Maps/Top_Down_Drone_test.Top_Down_Drone_test
[2026.03.17-00.12.03:266][663]LogContentValidation: Display: Validating MapBuildDataRegistry /Game/Maps/Top_Down_Drone_test_BuiltData.Top_Down_Drone_test_BuiltData
[2026.03.17-00.12.08:135][231]LogUObjectHash: Compacting FUObjectHashTables data took   2.38ms
[2026.03.17-00.12.08:158][231]LogAssetEditorSubsystem: Opening Asset editor for World /Game/Maps/K_AI_Main_Screen.K_AI_Main_Screen
[2026.03.17-00.12.08:158][231]Cmd: MAP LOAD FILE="../../../../../UnrealProjects/CyberKittysWeirdBox/Content/Maps/K_AI_Main_Screen.umap" TEMPLATE=0 SHOWPROGRESS=1 FEATURELEVEL=3
[2026.03.17-00.12.08:158][231]LightingResults: New page: Lighting Build
[2026.03.17-00.12.08:158][231]LoadErrors: New page: Loading map: K_AI_Main_Screen.umap
[2026.03.17-00.12.08:200][231]LogWorld: UWorld::CleanupWorld for Top_Down_Drone_test, bSessionEnded=true, bCleanupResources=true
[2026.03.17-00.12.08:200][231]LogSlate: InvalidateAllWidgets triggered.  All widgets were invalidated
[2026.03.17-00.12.08:200][231]MapCheck: New page: Map Check
[2026.03.17-00.12.08:200][231]LightingResults: New page: Lighting Build
[2026.03.17-00.12.08:221][231]LogAudio: Display: Audio Device unregistered from world 'None'.
[2026.03.17-00.12.08:224][231]LogUObjectHash: Compacting FUObjectHashTables data took   2.29ms
[2026.03.17-00.12.08:224][231]LogAudio: Display: Audio Device (ID: 1) registered with world 'K_AI_Main_Screen'.
[2026.03.17-00.12.08:242][231]LogEditorServer: Finished looking for orphan Actors (0.000 secs)
[2026.03.17-00.12.08:242][231]LogAIModule: Creating AISystem for world K_AI_Main_Screen
[2026.03.17-00.12.08:265][231]LogUObjectHash: Compacting FUObjectHashTables data took   2.22ms
[2026.03.17-00.12.08:266][231]Cmd: MAP CHECKDEP NOCLEARLOG
[2026.03.17-00.12.08:266][231]MapCheck: Map check complete: 0 Error(s), 0 Warning(s), took 0.054ms to complete.
[2026.03.17-00.12.08:266][231]LogFileHelpers: Loading map 'K_AI_Main_Screen' took 0.109
[2026.03.17-00.12.10:266][465]LogTemp: Repeating last play command: New Editor Window (PIE)
[2026.03.17-00.12.10:272][465]LogPlayLevel: PlayLevel: No blueprints needed recompiling
[2026.03.17-00.12.10:272][465]PIE: New page: PIE session: K_AI_Main_Screen (Mar 16, 2026, 2:12:10 PM)
[2026.03.17-00.12.10:272][465]LogPlayLevel: Creating play world package: /Game/Maps/UEDPIE_0_K_AI_Main_Screen
[2026.03.17-00.12.10:272][465]LogPlayLevel: PIE: StaticDuplicateObject took: (0.000585s)
[2026.03.17-00.12.10:274][465]LogAIModule: Creating AISystem for world K_AI_Main_Screen
[2026.03.17-00.12.10:274][465]LogPlayLevel: PIE: World Init took: (0.000801s)
[2026.03.17-00.12.10:274][465]LogPlayLevel: PIE: Created PIE world by copying editor world from /Game/Maps/K_AI_Main_Screen.K_AI_Main_Screen to /Game/Maps/UEDPIE_0_K_AI_Main_Screen.K_AI_Main_Screen (0.001460s)
[2026.03.17-00.12.10:297][465]LogUObjectHash: Compacting FUObjectHashTables data took   2.26ms
[2026.03.17-00.12.10:298][465]LogAudio: Display: Creating Audio Device:                 Id: 9, Scope: Unique, Realtime: True
[2026.03.17-00.12.10:298][465]LogAudioMixer: Display: Audio Mixer Platform Settings:
[2026.03.17-00.12.10:298][465]LogAudioMixer: Display: 	Sample Rate:						  48000
[2026.03.17-00.12.10:298][465]LogAudioMixer: Display: 	Callback Buffer Frame Size Requested: 1024
[2026.03.17-00.12.10:298][465]LogAudioMixer: Display: 	Callback Buffer Frame Size To Use:	  1024
[2026.03.17-00.12.10:298][465]LogAudioMixer: Display: 	Number of buffers to queue:			  2
[2026.03.17-00.12.10:298][465]LogAudioMixer: Display: 	Max Channels (voices):				  32
[2026.03.17-00.12.10:298][465]LogAudioMixer: Display: 	Number of Async Source Workers:		  0
[2026.03.17-00.12.10:298][465]LogAudio: Display: AudioDevice MaxSources: 32
[2026.03.17-00.12.10:298][465]LogAudio: Display: Audio Spatialization Plugin: None (built-in).
[2026.03.17-00.12.10:298][465]LogAudio: Display: Audio Reverb Plugin: None (built-in).
[2026.03.17-00.12.10:298][465]LogAudio: Display: Audio Occlusion Plugin: None (built-in).
[2026.03.17-00.12.10:298][465]LogAudioMixer: Display: Initializing audio mixer.
[2026.03.17-00.12.10:305][465]LogAudioMixer: Display: 0: FrontLeft
[2026.03.17-00.12.10:305][465]LogAudioMixer: Display: 1: FrontRight
[2026.03.17-00.12.10:317][465]LogAudioMixer: Display: Using Audio Device Realtek HD Audio 2nd output (Realtek(R) Audio)
[2026.03.17-00.12.10:319][465]LogAudioMixer: Display: Initializing Sound Submixes...
[2026.03.17-00.12.10:319][465]LogAudioMixer: Display: Creating Master Submix 'MasterSubmixDefault'
[2026.03.17-00.12.10:319][465]LogAudioMixer: Display: Creating Master Submix 'MasterReverbSubmixDefault'
[2026.03.17-00.12.10:319][465]LogAudioMixer: Display: Creating Master Submix 'MasterEQSubmixDefault'
[2026.03.17-00.12.10:319][465]LogAudioMixer: FMixerPlatformXAudio2::StartAudioStream() called
[2026.03.17-00.12.10:319][465]LogAudioMixer: Display: Output buffers initialized: Frames=1024, Channels=2, Samples=2048
[2026.03.17-00.12.10:321][465]LogAudioMixer: Display: Starting AudioMixerPlatformInterface::RunInternal()
[2026.03.17-00.12.10:321][465]LogAudioMixer: Display: FMixerPlatformXAudio2::SubmitBuffer() called for the first time
[2026.03.17-00.12.10:321][465]LogInit: FAudioDevice initialized.
[2026.03.17-00.12.10:321][465]LogAudio: Display: Audio Device (ID: 9) registered with world 'K_AI_Main_Screen'.
[2026.03.17-00.12.10:369][465]LogSlate: Updating window title bar state: overlay mode, drag disabled, window buttons hidden, title bar hidden
[2026.03.17-00.12.10:369][465]LogLoad: Game class is 'KAI_Screen_mode_C'
[2026.03.17-00.12.10:370][465]LogWorld: Bringing World /Game/Maps/UEDPIE_0_K_AI_Main_Screen.K_AI_Main_Screen up for play (max tick rate 0) at 2026.03.16-19.12.10
[2026.03.17-00.12.10:370][465]LogWorld: Bringing up level for play took: 0.000344
[2026.03.17-00.12.10:370][465]LogOnline: OSS: Creating online subsystem instance for: :Context_29
[2026.03.17-00.12.10:374][465]PIE: Server logged in
[2026.03.17-00.12.10:375][465]PIE: Play in editor total start time 0.105 seconds.
[2026.03.17-00.12.11:542][601]LogNet: Browse: /Game/Maps/Side_Camera_Test
[2026.03.17-00.12.11:542][601]LogLoad: LoadMap: /Game/Maps/Side_Camera_Test
[2026.03.17-00.12.11:542][601]LogWorld: BeginTearingDown for /Game/Maps/UEDPIE_0_K_AI_Main_Screen
[2026.03.17-00.12.11:542][601]LogWorld: UWorld::CleanupWorld for K_AI_Main_Screen, bSessionEnded=true, bCleanupResources=true
[2026.03.17-00.12.11:542][601]LogSlate: InvalidateAllWidgets triggered.  All widgets were invalidated
[2026.03.17-00.12.11:600][601]LogAudio: Display: Audio Device unregistered from world 'None'.
[2026.03.17-00.12.11:601][601]LogUObjectHash: Compacting FUObjectHashTables data took   2.27ms
[2026.03.17-00.12.11:609][601]LogAudio: Display: Audio Device (ID: 9) registered with world 'Side_Camera_Test'.
[2026.03.17-00.12.11:609][601]LogAIModule: Creating AISystem for world Side_Camera_Test
[2026.03.17-00.12.11:609][601]LogLoad: Game class is 'KAI_Game_Mode_C'
[2026.03.17-00.12.11:611][601]LogWorld: Bringing World /Game/Maps/UEDPIE_0_Side_Camera_Test.Side_Camera_Test up for play (max tick rate 0) at 2026.03.16-19.12.11
[2026.03.17-00.12.11:611][601]LogWorld: Bringing up level for play took: 0.000825
[2026.03.17-00.12.11:611][601]LogLoad: Took 0.068579 seconds to LoadMap(/Game/Maps/Side_Camera_Test)
[2026.03.17-00.12.13:928][878]LogNet: Browse: /Game/Maps/K_AI_Main_Screen
[2026.03.17-00.12.13:928][878]LogLoad: LoadMap: /Game/Maps/K_AI_Main_Screen
[2026.03.17-00.12.13:928][878]LogWorld: BeginTearingDown for /Game/Maps/UEDPIE_0_Side_Camera_Test
[2026.03.17-00.12.13:928][878]LogWorld: UWorld::CleanupWorld for Side_Camera_Test, bSessionEnded=true, bCleanupResources=true
[2026.03.17-00.12.13:928][878]LogSlate: InvalidateAllWidgets triggered.  All widgets were invalidated
[2026.03.17-00.12.13:969][878]LogAudio: Display: Audio Device unregistered from world 'None'.
[2026.03.17-00.12.13:973][878]LogUObjectHash: Compacting FUObjectHashTables data took   2.27ms
[2026.03.17-00.12.13:974][878]LogPlayLevel: Creating play world package: /Game/Maps/UEDPIE_0_K_AI_Main_Screen
[2026.03.17-00.12.13:974][878]LogPlayLevel: PIE: StaticDuplicateObject took: (0.000573s)
[2026.03.17-00.12.13:974][878]LogAIModule: Creating AISystem for world K_AI_Main_Screen
[2026.03.17-00.12.13:974][878]LogPlayLevel: PIE: World Init took: (0.000702s)
[2026.03.17-00.12.13:974][878]LogPlayLevel: PIE: Created PIE world by copying editor world from /Game/Maps/K_AI_Main_Screen.K_AI_Main_Screen to /Game/Maps/UEDPIE_0_K_AI_Main_Screen.K_AI_Main_Screen (0.001373s)
[2026.03.17-00.12.13:974][878]LogAudio: Display: Audio Device (ID: 9) registered with world 'K_AI_Main_Screen'.
[2026.03.17-00.12.13:974][878]LogLoad: Game class is 'KAI_Screen_mode_C'
[2026.03.17-00.12.13:975][878]LogWorld: Bringing World /Game/Maps/UEDPIE_0_K_AI_Main_Screen.K_AI_Main_Screen up for play (max tick rate 0) at 2026.03.16-19.12.13
[2026.03.17-00.12.13:975][878]LogWorld: Bringing up level for play took: 0.000216
[2026.03.17-00.12.13:975][878]LogGameMode: FindPlayerStart: PATHS NOT DEFINED or NO PLAYERSTART with positive rating
[2026.03.17-00.12.13:977][878]LogLoad: Took 0.048014 seconds to LoadMap(/Game/Maps/UEDPIE_0_K_AI_Main_Screen)
[2026.03.17-00.12.15:109][ 13]LogNet: Browse: /Game/Maps/Top_Down_Drone_test
[2026.03.17-00.12.15:109][ 13]LogLoad: LoadMap: /Game/Maps/Top_Down_Drone_test
[2026.03.17-00.12.15:109][ 13]LogWorld: BeginTearingDown for /Game/Maps/UEDPIE_0_K_AI_Main_Screen
[2026.03.17-00.12.15:109][ 13]LogWorld: UWorld::CleanupWorld for K_AI_Main_Screen, bSessionEnded=true, bCleanupResources=true
[2026.03.17-00.12.15:109][ 13]LogSlate: InvalidateAllWidgets triggered.  All widgets were invalidated
[2026.03.17-00.12.15:169][ 13]LogAudio: Display: Audio Device unregistered from world 'None'.
[2026.03.17-00.12.15:172][ 13]LogUObjectHash: Compacting FUObjectHashTables data took   2.25ms
[2026.03.17-00.12.15:177][ 13]LogAudio: Display: Audio Device (ID: 9) registered with world 'Top_Down_Drone_test'.
[2026.03.17-00.12.15:177][ 13]LogAIModule: Creating AISystem for world Top_Down_Drone_test
[2026.03.17-00.12.15:178][ 13]LogLoad: Game class is 'KAI_Game_Mode_C'
[2026.03.17-00.12.15:179][ 13]LogWorld: Bringing World /Game/Maps/UEDPIE_0_Top_Down_Drone_test.Top_Down_Drone_test up for play (max tick rate 0) at 2026.03.16-19.12.15
[2026.03.17-00.12.15:179][ 13]LogWorld: Bringing up level for play took: 0.000719
[2026.03.17-00.12.15:180][ 13]LogLoad: Took 0.070242 seconds to LoadMap(/Game/Maps/Top_Down_Drone_test)
[2026.03.17-00.12.17:309][265]LogSlate: Window 'WeirdBox Preview [NetMode: Standalone]  (64-bit/Windows) ' being destroyed
[2026.03.17-00.12.17:314][265]LogWorld: BeginTearingDown for /Game/Maps/UEDPIE_0_Top_Down_Drone_test
[2026.03.17-00.12.17:340][265]LogWorld: UWorld::CleanupWorld for Top_Down_Drone_test, bSessionEnded=true, bCleanupResources=true
[2026.03.17-00.12.17:340][265]LogSlate: InvalidateAllWidgets triggered.  All widgets were invalidated
[2026.03.17-00.12.17:347][265]LogPlayLevel: Display: Shutting down PIE online subsystems
[2026.03.17-00.12.17:350][265]LogSlate: InvalidateAllWidgets triggered.  All widgets were invalidated
[2026.03.17-00.12.17:371][265]LogAudioMixer: FMixerPlatformXAudio2::StopAudioStream() called
[2026.03.17-00.12.17:373][265]LogAudioMixer: FMixerPlatformXAudio2::StopAudioStream() called
[2026.03.17-00.12.17:377][265]LogUObjectHash: Compacting FUObjectHashTables data took   2.36ms
[2026.03.17-00.12.17:415][269]LogPlayLevel: Display: Destroying online subsystem :Context_29
[2026.03.17-00.14.32:239][144]LogWorld: UWorld::CleanupWorld for World_26, bSessionEnded=true, bCleanupResources=true
[2026.03.17-00.14.32:239][144]LogSlate: InvalidateAllWidgets triggered.  All widgets were invalidated
[2026.03.17-00.15.02:584][731]BlueprintLog: New page: Compile Husband_Character_BP
[2026.03.17-00.15.02:617][731]LogUObjectHash: Compacting FUObjectHashTables data took   2.59ms
[2026.03.17-00.15.03:271][805]Cmd: OBJ SAVEPACKAGE PACKAGE="/Game/Husband/Husband_Character_BP" FILE="../../../../../UnrealProjects/CyberKittysWeirdBox/Content/Husband/Husband_Character_BP.uasset" SILENT=true
[2026.03.17-00.15.03:276][805]LogSavePackage: Moving '../../../../../UnrealProjects/CyberKittysWeirdBox/Saved/Husband_Character_BPF835B00C4CEE394AEFECCC9F78106260.tmp' to '../../../../../UnrealProjects/CyberKittysWeirdBox/Content/Husband/Husband_Character_BP.uasset'
[2026.03.17-00.15.03:289][805]AssetCheck: New page: Asset Save: Husband_Character_BP
[2026.03.17-00.15.03:289][805]LogContentValidation: Display: Validating Blueprint /Game/Husband/Husband_Character_BP.Husband_Character_BP
[2026.03.17-00.15.50:437][418]LogAssetEditorSubsystem: Opening Asset editor for Blueprint /Game/Cameras/K_AI_Camera.K_AI_Camera
[2026.03.17-00.15.50:688][419]LogRenderer: Reallocating scene render targets to support 1280x724 Format 10 NumSamples 1 (Frame:1).
[2026.03.17-00.19.08:432][375]LogUObjectHash: Compacting FUObjectHashTables data took   3.77ms
[2026.03.17-00.19.08:458][375]LogAssetEditorSubsystem: Opening Asset editor for World /Game/Maps/Angled_Camera_Test.Angled_Camera_Test
[2026.03.17-00.19.08:459][375]Cmd: MAP LOAD FILE="../../../../../UnrealProjects/CyberKittysWeirdBox/Content/Maps/Angled_Camera_Test.umap" TEMPLATE=0 SHOWPROGRESS=1 FEATURELEVEL=3
[2026.03.17-00.19.08:459][375]LightingResults: New page: Lighting Build
[2026.03.17-00.19.08:459][375]LoadErrors: New page: Loading map: Angled_Camera_Test.umap
[2026.03.17-00.19.08:489][375]LogWorld: UWorld::CleanupWorld for K_AI_Main_Screen, bSessionEnded=true, bCleanupResources=true
[2026.03.17-00.19.08:489][375]LogSlate: InvalidateAllWidgets triggered.  All widgets were invalidated
[2026.03.17-00.19.08:489][375]MapCheck: New page: Map Check
[2026.03.17-00.19.08:489][375]LightingResults: New page: Lighting Build
[2026.03.17-00.19.08:509][375]LogAudio: Display: Audio Device unregistered from world 'None'.
[2026.03.17-00.19.08:512][375]LogUObjectHash: Compacting FUObjectHashTables data took   2.52ms
[2026.03.17-00.19.08:512][375]LogAudio: Display: Audio Device (ID: 1) registered with world 'Angled_Camera_Test'.
[2026.03.17-00.19.08:574][375]LogEditorServer: Finished looking for orphan Actors (0.000 secs)
[2026.03.17-00.19.08:574][375]LogAIModule: Creating AISystem for world Angled_Camera_Test
[2026.03.17-00.19.08:598][375]LogUObjectHash: Compacting FUObjectHashTables data took   2.25ms
[2026.03.17-00.19.08:600][375]Cmd: MAP CHECKDEP NOCLEARLOG
[2026.03.17-00.19.08:600][375]MapCheck: Map check complete: 0 Error(s), 0 Warning(s), took 0.053ms to complete.
[2026.03.17-00.19.08:600][375]LogFileHelpers: Loading map 'Angled_Camera_Test' took 0.142
[2026.03.17-00.19.54:449][799]BlueprintLog: New page: Compile Husband_Character_BP
[2026.03.17-00.19.54:482][799]LogUObjectHash: Compacting FUObjectHashTables data took   2.51ms
[2026.03.17-00.20.44:641][672]BlueprintLog: New page: Compile Husband_Character_BP
[2026.03.17-00.20.44:676][672]LogUObjectHash: Compacting FUObjectHashTables data took   3.08ms
[2026.03.17-00.23.16:557][729]LogEditorTransaction: Undo Create Pin Link
[2026.03.17-00.23.16:949][741]LogEditorTransaction: Undo Move Node
[2026.03.17-00.23.17:806][832]LogEditorTransaction: Undo Add Node
[2026.03.17-00.23.18:999][971]LogEditorTransaction: Undo Move Nodes
[2026.03.17-00.23.27:781][  3]BlueprintLog: New page: Compile Husband_Character_BP
[2026.03.17-00.23.27:819][  3]LogUObjectHash: Compacting FUObjectHashTables data took   3.80ms
[2026.03.17-00.29.57:595][ 26]LogUObjectHash: Compacting FUObjectHashTables data took   3.98ms
[2026.03.17-00.29.57:597][ 26]LogFileHelpers: Editor autosave (incl. external actors) for '/Game/Maps/Angled_Camera_Test' took 0.029
[2026.03.17-00.29.57:597][ 26]OBJ SavePackage: Generating thumbnails for [0] asset(s) in package [/Game/Husband/Husband_Character_BP] ([2] browsable assets)...
[2026.03.17-00.29.57:597][ 26]OBJ SavePackage: Finished generating thumbnails for package [/Game/Husband/Husband_Character_BP]
[2026.03.17-00.29.57:603][ 26]LogSavePackage: Moving '../../../../../UnrealProjects/CyberKittysWeirdBox/Saved/Husband_Character_BP_Auto33D82ACFF4A6C326C93FFC69A5AB0D995.tmp' to '../../../../../UnrealProjects/CyberKittysWeirdBox/Saved/Autosaves/Game/Husband/Husband_Character_BP_Auto3.uasset'
[2026.03.17-00.29.57:605][ 26]LogFileHelpers: Auto-saving content packages took 0.007
[2026.03.17-00.30.50:571][432]BlueprintLog: New page: Compile Husband_Character_BP
[2026.03.17-00.30.50:609][432]LogUObjectHash: Compacting FUObjectHashTables data took   2.61ms
[2026.03.17-00.31.53:833][551]BlueprintLog: New page: Compile Husband_Character_BP
[2026.03.17-00.31.53:871][551]LogUObjectHash: Compacting FUObjectHashTables data took   3.12ms
[2026.03.17-00.33.50:680][295]BlueprintLog: New page: Compile Husband_Character_BP
[2026.03.17-00.33.50:716][295]LogUObjectHash: Compacting FUObjectHashTables data took   4.02ms
[2026.03.17-00.33.51:979][438]Cmd: OBJ SAVEPACKAGE PACKAGE="/Game/Husband/Husband_Character_BP" FILE="../../../../../UnrealProjects/CyberKittysWeirdBox/Content/Husband/Husband_Character_BP.uasset" SILENT=true
[2026.03.17-00.33.51:985][438]LogSavePackage: Moving '../../../../../UnrealProjects/CyberKittysWeirdBox/Saved/Husband_Character_BPD8EE5571445E31CF01A12E8E47D20621.tmp' to '../../../../../UnrealProjects/CyberKittysWeirdBox/Content/Husband/Husband_Character_BP.uasset'
[2026.03.17-00.33.51:999][438]AssetCheck: New page: Asset Save: Husband_Character_BP
[2026.03.17-00.33.51:999][438]LogContentValidation: Display: Validating Blueprint /Game/Husband/Husband_Character_BP.Husband_Character_BP
[2026.03.17-00.35.11:148][182]LogTemp: Repeating last play command: New Editor Window (PIE)
[2026.03.17-00.35.11:152][182]LogPlayLevel: PlayLevel: No blueprints needed recompiling
[2026.03.17-00.35.11:152][182]PIE: New page: PIE session: Angled_Camera_Test (Mar 16, 2026, 2:35:11 PM)
[2026.03.17-00.35.11:152][182]LogPlayLevel: Creating play world package: /Game/Maps/UEDPIE_0_Angled_Camera_Test
[2026.03.17-00.35.11:155][182]LogPlayLevel: PIE: StaticDuplicateObject took: (0.002539s)
[2026.03.17-00.35.11:155][182]LogAIModule: Creating AISystem for world Angled_Camera_Test
[2026.03.17-00.35.11:156][182]LogPlayLevel: PIE: World Init took: (0.000813s)
[2026.03.17-00.35.11:156][182]LogPlayLevel: PIE: Created PIE world by copying editor world from /Game/Maps/Angled_Camera_Test.Angled_Camera_Test to /Game/Maps/UEDPIE_0_Angled_Camera_Test.Angled_Camera_Test (0.003433s)
[2026.03.17-00.35.11:180][182]LogUObjectHash: Compacting FUObjectHashTables data took   3.06ms
[2026.03.17-00.35.11:182][182]LogAudio: Display: Creating Audio Device:                 Id: 10, Scope: Unique, Realtime: True
[2026.03.17-00.35.11:182][182]LogAudioMixer: Display: Audio Mixer Platform Settings:
[2026.03.17-00.35.11:182][182]LogAudioMixer: Display: 	Sample Rate:						  48000
[2026.03.17-00.35.11:182][182]LogAudioMixer: Display: 	Callback Buffer Frame Size Requested: 1024
[2026.03.17-00.35.11:182][182]LogAudioMixer: Display: 	Callback Buffer Frame Size To Use:	  1024
[2026.03.17-00.35.11:182][182]LogAudioMixer: Display: 	Number of buffers to queue:			  2
[2026.03.17-00.35.11:182][182]LogAudioMixer: Display: 	Max Channels (voices):				  32
[2026.03.17-00.35.11:183][182]LogAudioMixer: Display: 	Number of Async Source Workers:		  0
[2026.03.17-00.35.11:183][182]LogAudio: Display: AudioDevice MaxSources: 32
[2026.03.17-00.35.11:183][182]LogAudio: Display: Audio Spatialization Plugin: None (built-in).
[2026.03.17-00.35.11:183][182]LogAudio: Display: Audio Reverb Plugin: None (built-in).
[2026.03.17-00.35.11:183][182]LogAudio: Display: Audio Occlusion Plugin: None (built-in).
[2026.03.17-00.35.11:183][182]LogAudioMixer: Display: Initializing audio mixer.
[2026.03.17-00.35.11:189][182]LogAudioMixer: Display: 0: FrontLeft
[2026.03.17-00.35.11:189][182]LogAudioMixer: Display: 1: FrontRight
[2026.03.17-00.35.11:202][182]LogAudioMixer: Display: Using Audio Device Realtek HD Audio 2nd output (Realtek(R) Audio)
[2026.03.17-00.35.11:202][182]LogAudioMixer: Display: Initializing Sound Submixes...
[2026.03.17-00.35.11:202][182]LogAudioMixer: Display: Creating Master Submix 'MasterSubmixDefault'
[2026.03.17-00.35.11:202][182]LogAudioMixer: Display: Creating Master Submix 'MasterReverbSubmixDefault'
[2026.03.17-00.35.11:204][182]LogAudioMixer: Display: Creating Master Submix 'MasterEQSubmixDefault'
[2026.03.17-00.35.11:204][182]LogAudioMixer: FMixerPlatformXAudio2::StartAudioStream() called
[2026.03.17-00.35.11:204][182]LogAudioMixer: Display: Output buffers initialized: Frames=1024, Channels=2, Samples=2048
[2026.03.17-00.35.11:206][182]LogAudioMixer: Display: Starting AudioMixerPlatformInterface::RunInternal()
[2026.03.17-00.35.11:206][182]LogAudioMixer: Display: FMixerPlatformXAudio2::SubmitBuffer() called for the first time
[2026.03.17-00.35.11:206][182]LogInit: FAudioDevice initialized.
[2026.03.17-00.35.11:206][182]LogAudio: Display: Audio Device (ID: 10) registered with world 'Angled_Camera_Test'.
[2026.03.17-00.35.11:241][182]LogSlate: Updating window title bar state: overlay mode, drag disabled, window buttons hidden, title bar hidden
[2026.03.17-00.35.11:242][182]LogLoad: Game class is 'KAI_Game_Mode_C'
[2026.03.17-00.35.11:242][182]LogWorld: Bringing World /Game/Maps/UEDPIE_0_Angled_Camera_Test.Angled_Camera_Test up for play (max tick rate 0) at 2026.03.16-19.35.11
[2026.03.17-00.35.11:242][182]LogWorld: Bringing up level for play took: 0.000616
[2026.03.17-00.35.11:242][182]LogOnline: OSS: Creating online subsystem instance for: :Context_31
[2026.03.17-00.35.11:261][182]LogScript: Warning: Script Msg: Attempted to access index 0 from array 'CallFunc_GetAllActorsOfClass_OutActors' of length 0 in '/Game/Husband/Husband_Character_BP.Husband_Character_BP_C:ExecuteUbergraph_Husband_Character_BP'!
[2026.03.17-00.35.11:262][182]PIE: Server logged in
[2026.03.17-00.35.11:264][182]PIE: Play in editor total start time 0.112 seconds.
[2026.03.17-00.35.15:921][733]LogSlate: Updating window title bar state: overlay mode, drag disabled, window buttons hidden, title bar hidden
[2026.03.17-00.35.15:921][733]LogWorld: BeginTearingDown for /Game/Maps/UEDPIE_0_Angled_Camera_Test
[2026.03.17-00.35.15:922][733]LogSlate: Window 'WeirdBox Preview [NetMode: Standalone]  (64-bit/Windows) ' being destroyed
[2026.03.17-00.35.15:925][733]LogWorld: UWorld::CleanupWorld for Angled_Camera_Test, bSessionEnded=true, bCleanupResources=true
[2026.03.17-00.35.15:926][733]LogSlate: InvalidateAllWidgets triggered.  All widgets were invalidated
[2026.03.17-00.35.15:931][733]LogPlayLevel: Display: Shutting down PIE online subsystems
[2026.03.17-00.35.15:942][733]LogSlate: InvalidateAllWidgets triggered.  All widgets were invalidated
[2026.03.17-00.35.15:962][733]LogAudio: Display: Audio Device unregistered from world 'None'.
[2026.03.17-00.35.15:962][733]LogAudioMixer: FMixerPlatformXAudio2::StopAudioStream() called
[2026.03.17-00.35.15:963][733]LogAudioMixer: FMixerPlatformXAudio2::StopAudioStream() called
[2026.03.17-00.35.15:969][733]LogUObjectHash: Compacting FUObjectHashTables data took   2.33ms
[2026.03.17-00.35.15:999][735]LogPlayLevel: Display: Destroying online subsystem :Context_31
[2026.03.17-00.35.19:911][184]LogUObjectHash: Compacting FUObjectHashTables data took   2.42ms
[2026.03.17-00.35.19:928][184]LogAssetEditorSubsystem: Opening Asset editor for World /Game/Maps/K_AI_Main_Screen.K_AI_Main_Screen
[2026.03.17-00.35.19:928][184]Cmd: MAP LOAD FILE="../../../../../UnrealProjects/CyberKittysWeirdBox/Content/Maps/K_AI_Main_Screen.umap" TEMPLATE=0 SHOWPROGRESS=1 FEATURELEVEL=3
[2026.03.17-00.35.19:928][184]LightingResults: New page: Lighting Build
[2026.03.17-00.35.19:929][184]LoadErrors: New page: Loading map: K_AI_Main_Screen.umap
[2026.03.17-00.35.19:961][184]LogWorld: UWorld::CleanupWorld for Angled_Camera_Test, bSessionEnded=true, bCleanupResources=true
[2026.03.17-00.35.19:961][184]LogSlate: InvalidateAllWidgets triggered.  All widgets were invalidated
[2026.03.17-00.35.19:961][184]MapCheck: New page: Map Check
[2026.03.17-00.35.19:961][184]LightingResults: New page: Lighting Build
[2026.03.17-00.35.19:981][184]LogAudio: Display: Audio Device unregistered from world 'None'.
[2026.03.17-00.35.19:984][184]LogUObjectHash: Compacting FUObjectHashTables data took   2.53ms
[2026.03.17-00.35.19:984][184]LogAudio: Display: Audio Device (ID: 1) registered with world 'K_AI_Main_Screen'.
[2026.03.17-00.35.20:045][184]LogEditorServer: Finished looking for orphan Actors (0.000 secs)
[2026.03.17-00.35.20:045][184]LogAIModule: Creating AISystem for world K_AI_Main_Screen
[2026.03.17-00.35.20:070][184]LogUObjectHash: Compacting FUObjectHashTables data took   2.21ms
[2026.03.17-00.35.20:071][184]Cmd: MAP CHECKDEP NOCLEARLOG
[2026.03.17-00.35.20:071][184]MapCheck: Map check complete: 0 Error(s), 0 Warning(s), took 0.053ms to complete.
[2026.03.17-00.35.20:071][184]LogFileHelpers: Loading map 'K_AI_Main_Screen' took 0.144
[2026.03.17-00.35.24:012][631]LogTemp: Repeating last play command: New Editor Window (PIE)
[2026.03.17-00.35.24:017][631]LogPlayLevel: PlayLevel: No blueprints needed recompiling
[2026.03.17-00.35.24:017][631]PIE: New page: PIE session: K_AI_Main_Screen (Mar 16, 2026, 2:35:24 PM)
[2026.03.17-00.35.24:017][631]LogPlayLevel: Creating play world package: /Game/Maps/UEDPIE_0_K_AI_Main_Screen
[2026.03.17-00.35.24:018][631]LogPlayLevel: PIE: StaticDuplicateObject took: (0.000579s)
[2026.03.17-00.35.24:018][631]LogAIModule: Creating AISystem for world K_AI_Main_Screen
[2026.03.17-00.35.24:018][631]LogPlayLevel: PIE: World Init took: (0.000722s)
[2026.03.17-00.35.24:018][631]LogPlayLevel: PIE: Created PIE world by copying editor world from /Game/Maps/K_AI_Main_Screen.K_AI_Main_Screen to /Game/Maps/UEDPIE_0_K_AI_Main_Screen.K_AI_Main_Screen (0.001377s)
[2026.03.17-00.35.24:042][631]LogUObjectHash: Compacting FUObjectHashTables data took   2.27ms
[2026.03.17-00.35.24:043][631]LogAudio: Display: Creating Audio Device:                 Id: 11, Scope: Unique, Realtime: True
[2026.03.17-00.35.24:043][631]LogAudioMixer: Display: Audio Mixer Platform Settings:
[2026.03.17-00.35.24:043][631]LogAudioMixer: Display: 	Sample Rate:						  48000
[2026.03.17-00.35.24:043][631]LogAudioMixer: Display: 	Callback Buffer Frame Size Requested: 1024
[2026.03.17-00.35.24:043][631]LogAudioMixer: Display: 	Callback Buffer Frame Size To Use:	  1024
[2026.03.17-00.35.24:043][631]LogAudioMixer: Display: 	Number of buffers to queue:			  2
[2026.03.17-00.35.24:043][631]LogAudioMixer: Display: 	Max Channels (voices):				  32
[2026.03.17-00.35.24:043][631]LogAudioMixer: Display: 	Number of Async Source Workers:		  0
[2026.03.17-00.35.24:043][631]LogAudio: Display: AudioDevice MaxSources: 32
[2026.03.17-00.35.24:043][631]LogAudio: Display: Audio Spatialization Plugin: None (built-in).
[2026.03.17-00.35.24:043][631]LogAudio: Display: Audio Reverb Plugin: None (built-in).
[2026.03.17-00.35.24:043][631]LogAudio: Display: Audio Occlusion Plugin: None (built-in).
[2026.03.17-00.35.24:043][631]LogAudioMixer: Display: Initializing audio mixer.
[2026.03.17-00.35.24:049][631]LogAudioMixer: Display: 0: FrontLeft
[2026.03.17-00.35.24:049][631]LogAudioMixer: Display: 1: FrontRight
[2026.03.17-00.35.24:063][631]LogAudioMixer: Display: Using Audio Device Realtek HD Audio 2nd output (Realtek(R) Audio)
[2026.03.17-00.35.24:063][631]LogAudioMixer: Display: Initializing Sound Submixes...
[2026.03.17-00.35.24:063][631]LogAudioMixer: Display: Creating Master Submix 'MasterSubmixDefault'
[2026.03.17-00.35.24:063][631]LogAudioMixer: Display: Creating Master Submix 'MasterReverbSubmixDefault'
[2026.03.17-00.35.24:063][631]LogAudioMixer: Display: Creating Master Submix 'MasterEQSubmixDefault'
[2026.03.17-00.35.24:063][631]LogAudioMixer: FMixerPlatformXAudio2::StartAudioStream() called
[2026.03.17-00.35.24:063][631]LogAudioMixer: Display: Output buffers initialized: Frames=1024, Channels=2, Samples=2048
[2026.03.17-00.35.24:064][631]LogAudioMixer: Display: Starting AudioMixerPlatformInterface::RunInternal()
[2026.03.17-00.35.24:064][631]LogAudioMixer: Display: FMixerPlatformXAudio2::SubmitBuffer() called for the first time
[2026.03.17-00.35.24:064][631]LogInit: FAudioDevice initialized.
[2026.03.17-00.35.24:064][631]LogAudio: Display: Audio Device (ID: 11) registered with world 'K_AI_Main_Screen'.
[2026.03.17-00.35.24:107][631]LogSlate: Updating window title bar state: overlay mode, drag disabled, window buttons hidden, title bar hidden
[2026.03.17-00.35.24:107][631]LogLoad: Game class is 'KAI_Screen_mode_C'
[2026.03.17-00.35.24:108][631]LogWorld: Bringing World /Game/Maps/UEDPIE_0_K_AI_Main_Screen.K_AI_Main_Screen up for play (max tick rate 0) at 2026.03.16-19.35.24
[2026.03.17-00.35.24:108][631]LogWorld: Bringing up level for play took: 0.000314
[2026.03.17-00.35.24:109][631]LogOnline: OSS: Creating online subsystem instance for: :Context_32
[2026.03.17-00.35.24:113][631]PIE: Server logged in
[2026.03.17-00.35.24:114][631]PIE: Play in editor total start time 0.097 seconds.
[2026.03.17-00.35.25:025][736]LogNet: Browse: /Game/Maps/Side_Camera_Test
[2026.03.17-00.35.25:025][736]LogLoad: LoadMap: /Game/Maps/Side_Camera_Test
[2026.03.17-00.35.25:025][736]LogWorld: BeginTearingDown for /Game/Maps/UEDPIE_0_K_AI_Main_Screen
[2026.03.17-00.35.25:025][736]LogWorld: UWorld::CleanupWorld for K_AI_Main_Screen, bSessionEnded=true, bCleanupResources=true
[2026.03.17-00.35.25:025][736]LogSlate: InvalidateAllWidgets triggered.  All widgets were invalidated
[2026.03.17-00.35.25:090][736]LogAudio: Display: Audio Device unregistered from world 'None'.
[2026.03.17-00.35.25:093][736]LogUObjectHash: Compacting FUObjectHashTables data took   2.26ms
[2026.03.17-00.35.25:097][736]LogAudio: Display: Audio Device (ID: 11) registered with world 'Side_Camera_Test'.
[2026.03.17-00.35.25:099][736]LogAIModule: Creating AISystem for world Side_Camera_Test
[2026.03.17-00.35.25:099][736]LogLoad: Game class is 'KAI_Game_Mode_C'
[2026.03.17-00.35.25:100][736]LogWorld: Bringing World /Game/Maps/UEDPIE_0_Side_Camera_Test.Side_Camera_Test up for play (max tick rate 0) at 2026.03.16-19.35.25
[2026.03.17-00.35.25:100][736]LogWorld: Bringing up level for play took: 0.000743
[2026.03.17-00.35.25:100][736]LogScript: Warning: Script Msg: Attempted to access index 0 from array 'CallFunc_GetAllActorsOfClass_OutActors' of length 0 in '/Game/Husband/Husband_Character_BP.Husband_Character_BP_C:ExecuteUbergraph_Husband_Character_BP'!
[2026.03.17-00.35.25:100][736]LogLoad: Took 0.075625 seconds to LoadMap(/Game/Maps/Side_Camera_Test)
[2026.03.17-00.35.27:801][ 56]LogSlate: Updating window title bar state: overlay mode, drag disabled, window buttons hidden, title bar hidden
[2026.03.17-00.35.27:801][ 56]LogWorld: BeginTearingDown for /Game/Maps/UEDPIE_0_Side_Camera_Test
[2026.03.17-00.35.27:802][ 56]LogSlate: Window 'WeirdBox Preview [NetMode: Standalone]  (64-bit/Windows) ' being destroyed
[2026.03.17-00.35.27:805][ 56]LogWorld: UWorld::CleanupWorld for Side_Camera_Test, bSessionEnded=true, bCleanupResources=true
[2026.03.17-00.35.27:805][ 56]LogSlate: InvalidateAllWidgets triggered.  All widgets were invalidated
[2026.03.17-00.35.27:811][ 56]LogPlayLevel: Display: Shutting down PIE online subsystems
[2026.03.17-00.35.27:815][ 56]LogSlate: InvalidateAllWidgets triggered.  All widgets were invalidated
[2026.03.17-00.35.27:835][ 56]LogAudioMixer: FMixerPlatformXAudio2::StopAudioStream() called
[2026.03.17-00.35.27:836][ 56]LogAudioMixer: FMixerPlatformXAudio2::StopAudioStream() called
[2026.03.17-00.35.27:841][ 56]LogUObjectHash: Compacting FUObjectHashTables data took   2.26ms
[2026.03.17-00.35.27:880][ 59]LogPlayLevel: Display: Destroying online subsystem :Context_32
[2026.03.17-00.35.34:726][859]LogUObjectHash: Compacting FUObjectHashTables data took   2.41ms
[2026.03.17-00.35.34:747][859]LogAssetEditorSubsystem: Opening Asset editor for World /Game/Maps/Angled_Camera_Test.Angled_Camera_Test
[2026.03.17-00.35.34:747][859]Cmd: MAP LOAD FILE="../../../../../UnrealProjects/CyberKittysWeirdBox/Content/Maps/Angled_Camera_Test.umap" TEMPLATE=0 SHOWPROGRESS=1 FEATURELEVEL=3
[2026.03.17-00.35.34:747][859]LightingResults: New page: Lighting Build
[2026.03.17-00.35.34:748][859]LoadErrors: New page: Loading map: Angled_Camera_Test.umap
[2026.03.17-00.35.34:791][859]LogWorld: UWorld::CleanupWorld for K_AI_Main_Screen, bSessionEnded=true, bCleanupResources=true
[2026.03.17-00.35.34:791][859]LogSlate: InvalidateAllWidgets triggered.  All widgets were invalidated
[2026.03.17-00.35.34:791][859]MapCheck: New page: Map Check
[2026.03.17-00.35.34:791][859]LightingResults: New page: Lighting Build
[2026.03.17-00.35.34:810][859]LogAudio: Display: Audio Device unregistered from world 'None'.
[2026.03.17-00.35.34:813][859]LogUObjectHash: Compacting FUObjectHashTables data took   2.35ms
[2026.03.17-00.35.34:813][859]LogAudio: Display: Audio Device (ID: 1) registered with world 'Angled_Camera_Test'.
[2026.03.17-00.35.34:878][859]LogEditorServer: Finished looking for orphan Actors (0.000 secs)
[2026.03.17-00.35.34:878][859]LogAIModule: Creating AISystem for world Angled_Camera_Test
[2026.03.17-00.35.34:901][859]LogUObjectHash: Compacting FUObjectHashTables data took   2.25ms
[2026.03.17-00.35.34:904][859]Cmd: MAP CHECKDEP NOCLEARLOG
[2026.03.17-00.35.34:904][859]MapCheck: Map check complete: 0 Error(s), 0 Warning(s), took 0.058ms to complete.
[2026.03.17-00.35.34:904][859]LogFileHelpers: Loading map 'Angled_Camera_Test' took 0.157
[2026.03.17-00.35.37:813][205]LogEditorViewport: Clicking on Actor (LMB): K_AI_Camera_C (K_AI_Camera)
[2026.03.17-00.36.15:755][720]LogEditorTransaction: Undo Delete current selection
[2026.03.17-00.36.23:892][624]LogSlate: Prevented a slow task dialog from being summoned while a context menu was open
[2026.03.17-00.36.23:912][624]LogEditorClassViewer: Warning: Class /Engine/Tutorial/InWorldBlueprintEditing/TutorialAssets/IWBE_Blutility.IWBE_Blutility_C has parent /Script/Blutility.PlacedEditorUtilityBase, but this parent is not found. The Class will not be shown in ClassViewer.
[2026.03.17-00.36.33:920][810]BlueprintLog: New page: Compile Husband_Character_BP
[2026.03.17-00.36.33:957][810]LogUObjectHash: Compacting FUObjectHashTables data took   3.06ms
[2026.03.17-00.36.34:741][900]Cmd: OBJ SAVEPACKAGE PACKAGE="/Game/Husband/Husband_Character_BP" FILE="../../../../../UnrealProjects/CyberKittysWeirdBox/Content/Husband/Husband_Character_BP.uasset" SILENT=true
[2026.03.17-00.36.34:747][900]LogSavePackage: Moving '../../../../../UnrealProjects/CyberKittysWeirdBox/Saved/Husband_Character_BP32D4147B49F01CAC4C3D60B2A0D6D679.tmp' to '../../../../../UnrealProjects/CyberKittysWeirdBox/Content/Husband/Husband_Character_BP.uasset'
[2026.03.17-00.36.34:760][900]AssetCheck: New page: Asset Save: Husband_Character_BP
[2026.03.17-00.36.34:760][900]LogContentValidation: Display: Validating Blueprint /Game/Husband/Husband_Character_BP.Husband_Character_BP
[2026.03.17-00.36.37:530][216]LogUObjectHash: Compacting FUObjectHashTables data took   2.95ms
[2026.03.17-00.36.37:561][216]LogAssetEditorSubsystem: Opening Asset editor for World /Game/Maps/K_AI_Main_Screen.K_AI_Main_Screen
[2026.03.17-00.36.37:561][216]Cmd: MAP LOAD FILE="../../../../../UnrealProjects/CyberKittysWeirdBox/Content/Maps/K_AI_Main_Screen.umap" TEMPLATE=0 SHOWPROGRESS=1 FEATURELEVEL=3
[2026.03.17-00.36.37:561][216]LightingResults: New page: Lighting Build
[2026.03.17-00.36.37:561][216]LoadErrors: New page: Loading map: K_AI_Main_Screen.umap
[2026.03.17-00.36.37:562][216]LogWorld: UWorld::CleanupWorld for Angled_Camera_Test, bSessionEnded=true, bCleanupResources=true
[2026.03.17-00.36.37:562][216]LogSlate: InvalidateAllWidgets triggered.  All widgets were invalidated
[2026.03.17-00.36.37:562][216]MapCheck: New page: Map Check
[2026.03.17-00.36.37:562][216]LightingResults: New page: Lighting Build
[2026.03.17-00.36.37:582][216]LogAudio: Display: Audio Device unregistered from world 'None'.
[2026.03.17-00.36.37:586][216]LogUObjectHash: Compacting FUObjectHashTables data took   2.40ms
[2026.03.17-00.36.37:586][216]LogAudio: Display: Audio Device (ID: 1) registered with world 'K_AI_Main_Screen'.
[2026.03.17-00.36.37:652][216]LogEditorServer: Finished looking for orphan Actors (0.000 secs)
[2026.03.17-00.36.37:652][216]LogAIModule: Creating AISystem for world K_AI_Main_Screen
[2026.03.17-00.36.37:677][216]LogUObjectHash: Compacting FUObjectHashTables data took   2.09ms
[2026.03.17-00.36.37:679][216]Cmd: MAP CHECKDEP NOCLEARLOG
[2026.03.17-00.36.37:679][216]MapCheck: Map check complete: 0 Error(s), 0 Warning(s), took 0.062ms to complete.
[2026.03.17-00.36.37:679][216]LogFileHelpers: Loading map 'K_AI_Main_Screen' took 0.118
[2026.03.17-00.36.40:804][571]LogTemp: Repeating last play command: New Editor Window (PIE)
[2026.03.17-00.36.40:808][571]LogPlayLevel: PlayLevel: No blueprints needed recompiling
[2026.03.17-00.36.40:808][571]PIE: New page: PIE session: K_AI_Main_Screen (Mar 16, 2026, 2:36:40 PM)
[2026.03.17-00.36.40:808][571]LogPlayLevel: Creating play world package: /Game/Maps/UEDPIE_0_K_AI_Main_Screen
[2026.03.17-00.36.40:809][571]LogPlayLevel: PIE: StaticDuplicateObject took: (0.000580s)
[2026.03.17-00.36.40:809][571]LogAIModule: Creating AISystem for world K_AI_Main_Screen
[2026.03.17-00.36.40:810][571]LogPlayLevel: PIE: World Init took: (0.000784s)
[2026.03.17-00.36.40:810][571]LogPlayLevel: PIE: Created PIE world by copying editor world from /Game/Maps/K_AI_Main_Screen.K_AI_Main_Screen to /Game/Maps/UEDPIE_0_K_AI_Main_Screen.K_AI_Main_Screen (0.001442s)
[2026.03.17-00.36.40:833][571]LogUObjectHash: Compacting FUObjectHashTables data took   2.24ms
[2026.03.17-00.36.40:833][571]LogAudio: Display: Creating Audio Device:                 Id: 12, Scope: Unique, Realtime: True
[2026.03.17-00.36.40:833][571]LogAudioMixer: Display: Audio Mixer Platform Settings:
[2026.03.17-00.36.40:833][571]LogAudioMixer: Display: 	Sample Rate:						  48000
[2026.03.17-00.36.40:833][571]LogAudioMixer: Display: 	Callback Buffer Frame Size Requested: 1024
[2026.03.17-00.36.40:833][571]LogAudioMixer: Display: 	Callback Buffer Frame Size To Use:	  1024
[2026.03.17-00.36.40:833][571]LogAudioMixer: Display: 	Number of buffers to queue:			  2
[2026.03.17-00.36.40:833][571]LogAudioMixer: Display: 	Max Channels (voices):				  32
[2026.03.17-00.36.40:833][571]LogAudioMixer: Display: 	Number of Async Source Workers:		  0
[2026.03.17-00.36.40:833][571]LogAudio: Display: AudioDevice MaxSources: 32
[2026.03.17-00.36.40:833][571]LogAudio: Display: Audio Spatialization Plugin: None (built-in).
[2026.03.17-00.36.40:833][571]LogAudio: Display: Audio Reverb Plugin: None (built-in).
[2026.03.17-00.36.40:835][571]LogAudio: Display: Audio Occlusion Plugin: None (built-in).
[2026.03.17-00.36.40:835][571]LogAudioMixer: Display: Initializing audio mixer.
[2026.03.17-00.36.40:841][571]LogAudioMixer: Display: 0: FrontLeft
[2026.03.17-00.36.40:841][571]LogAudioMixer: Display: 1: FrontRight
[2026.03.17-00.36.40:853][571]LogAudioMixer: Display: Using Audio Device Realtek HD Audio 2nd output (Realtek(R) Audio)
[2026.03.17-00.36.40:853][571]LogAudioMixer: Display: Initializing Sound Submixes...
[2026.03.17-00.36.40:853][571]LogAudioMixer: Display: Creating Master Submix 'MasterSubmixDefault'
[2026.03.17-00.36.40:853][571]LogAudioMixer: Display: Creating Master Submix 'MasterReverbSubmixDefault'
[2026.03.17-00.36.40:853][571]LogAudioMixer: Display: Creating Master Submix 'MasterEQSubmixDefault'
[2026.03.17-00.36.40:853][571]LogAudioMixer: FMixerPlatformXAudio2::StartAudioStream() called
[2026.03.17-00.36.40:853][571]LogAudioMixer: Display: Output buffers initialized: Frames=1024, Channels=2, Samples=2048
[2026.03.17-00.36.40:855][571]LogAudioMixer: Display: Starting AudioMixerPlatformInterface::RunInternal()
[2026.03.17-00.36.40:855][571]LogAudioMixer: Display: FMixerPlatformXAudio2::SubmitBuffer() called for the first time
[2026.03.17-00.36.40:855][571]LogInit: FAudioDevice initialized.
[2026.03.17-00.36.40:855][571]LogAudio: Display: Audio Device (ID: 12) registered with world 'K_AI_Main_Screen'.
[2026.03.17-00.36.40:905][571]LogSlate: Updating window title bar state: overlay mode, drag disabled, window buttons hidden, title bar hidden
[2026.03.17-00.36.40:905][571]LogLoad: Game class is 'KAI_Screen_mode_C'
[2026.03.17-00.36.40:907][571]LogWorld: Bringing World /Game/Maps/UEDPIE_0_K_AI_Main_Screen.K_AI_Main_Screen up for play (max tick rate 0) at 2026.03.16-19.36.40
[2026.03.17-00.36.40:907][571]LogWorld: Bringing up level for play took: 0.000325
[2026.03.17-00.36.40:907][571]LogOnline: OSS: Creating online subsystem instance for: :Context_34
[2026.03.17-00.36.40:910][571]PIE: Server logged in
[2026.03.17-00.36.40:911][571]PIE: Play in editor total start time 0.105 seconds.
[2026.03.17-00.36.41:830][675]LogNet: Browse: /Game/Maps/Side_Camera_Test
[2026.03.17-00.36.41:830][675]LogLoad: LoadMap: /Game/Maps/Side_Camera_Test
[2026.03.17-00.36.41:830][675]LogWorld: BeginTearingDown for /Game/Maps/UEDPIE_0_K_AI_Main_Screen
[2026.03.17-00.36.41:831][675]LogWorld: UWorld::CleanupWorld for K_AI_Main_Screen, bSessionEnded=true, bCleanupResources=true
[2026.03.17-00.36.41:831][675]LogSlate: InvalidateAllWidgets triggered.  All widgets were invalidated
[2026.03.17-00.36.41:880][675]LogAudio: Display: Audio Device unregistered from world 'None'.
[2026.03.17-00.36.41:882][675]LogUObjectHash: Compacting FUObjectHashTables data took   2.27ms
[2026.03.17-00.36.41:888][675]LogAudio: Display: Audio Device (ID: 12) registered with world 'Side_Camera_Test'.
[2026.03.17-00.36.41:888][675]LogAIModule: Creating AISystem for world Side_Camera_Test
[2026.03.17-00.36.41:888][675]LogLoad: Game class is 'KAI_Game_Mode_C'
[2026.03.17-00.36.41:890][675]LogWorld: Bringing World /Game/Maps/UEDPIE_0_Side_Camera_Test.Side_Camera_Test up for play (max tick rate 0) at 2026.03.16-19.36.41
[2026.03.17-00.36.41:890][675]LogWorld: Bringing up level for play took: 0.000734
[2026.03.17-00.36.41:890][675]LogLoad: Took 0.060356 seconds to LoadMap(/Game/Maps/Side_Camera_Test)
[2026.03.17-00.36.46:512][225]LogSlate: Updating window title bar state: overlay mode, drag disabled, window buttons hidden, title bar hidden
[2026.03.17-00.36.46:512][225]LogWorld: BeginTearingDown for /Game/Maps/UEDPIE_0_Side_Camera_Test
[2026.03.17-00.36.46:512][225]LogSlate: Window 'WeirdBox Preview [NetMode: Standalone]  (64-bit/Windows) ' being destroyed
[2026.03.17-00.36.46:515][225]LogWorld: UWorld::CleanupWorld for Side_Camera_Test, bSessionEnded=true, bCleanupResources=true
[2026.03.17-00.36.46:515][225]LogSlate: InvalidateAllWidgets triggered.  All widgets were invalidated
[2026.03.17-00.36.46:521][225]LogPlayLevel: Display: Shutting down PIE online subsystems
[2026.03.17-00.36.46:526][225]LogSlate: InvalidateAllWidgets triggered.  All widgets were invalidated
[2026.03.17-00.36.46:547][225]LogAudioMixer: FMixerPlatformXAudio2::StopAudioStream() called
[2026.03.17-00.36.46:547][225]LogAudioMixer: FMixerPlatformXAudio2::StopAudioStream() called
[2026.03.17-00.36.46:552][225]LogUObjectHash: Compacting FUObjectHashTables data took   2.39ms
[2026.03.17-00.36.46:585][227]LogPlayLevel: Display: Destroying online subsystem :Context_34
[2026.03.17-00.36.49:625][574]LogTemp: Repeating last play command: New Editor Window (PIE)
[2026.03.17-00.36.49:631][574]LogPlayLevel: PlayLevel: No blueprints needed recompiling
[2026.03.17-00.36.49:631][574]PIE: New page: PIE session: K_AI_Main_Screen (Mar 16, 2026, 2:36:49 PM)
[2026.03.17-00.36.49:631][574]LogPlayLevel: Creating play world package: /Game/Maps/UEDPIE_0_K_AI_Main_Screen
[2026.03.17-00.36.49:631][574]LogPlayLevel: PIE: StaticDuplicateObject took: (0.000576s)
[2026.03.17-00.36.49:632][574]LogAIModule: Creating AISystem for world K_AI_Main_Screen
[2026.03.17-00.36.49:632][574]LogPlayLevel: PIE: World Init took: (0.000829s)
[2026.03.17-00.36.49:632][574]LogPlayLevel: PIE: Created PIE world by copying editor world from /Game/Maps/K_AI_Main_Screen.K_AI_Main_Screen to /Game/Maps/UEDPIE_0_K_AI_Main_Screen.K_AI_Main_Screen (0.001479s)
[2026.03.17-00.36.49:654][574]LogUObjectHash: Compacting FUObjectHashTables data took   2.24ms
[2026.03.17-00.36.49:655][574]LogAudio: Display: Creating Audio Device:                 Id: 13, Scope: Unique, Realtime: True
[2026.03.17-00.36.49:655][574]LogAudioMixer: Display: Audio Mixer Platform Settings:
[2026.03.17-00.36.49:655][574]LogAudioMixer: Display: 	Sample Rate:						  48000
[2026.03.17-00.36.49:655][574]LogAudioMixer: Display: 	Callback Buffer Frame Size Requested: 1024
[2026.03.17-00.36.49:655][574]LogAudioMixer: Display: 	Callback Buffer Frame Size To Use:	  1024
[2026.03.17-00.36.49:655][574]LogAudioMixer: Display: 	Number of buffers to queue:			  2
[2026.03.17-00.36.49:655][574]LogAudioMixer: Display: 	Max Channels (voices):				  32
[2026.03.17-00.36.49:655][574]LogAudioMixer: Display: 	Number of Async Source Workers:		  0
[2026.03.17-00.36.49:655][574]LogAudio: Display: AudioDevice MaxSources: 32
[2026.03.17-00.36.49:655][574]LogAudio: Display: Audio Spatialization Plugin: None (built-in).
[2026.03.17-00.36.49:655][574]LogAudio: Display: Audio Reverb Plugin: None (built-in).
[2026.03.17-00.36.49:655][574]LogAudio: Display: Audio Occlusion Plugin: None (built-in).
[2026.03.17-00.36.49:655][574]LogAudioMixer: Display: Initializing audio mixer.
[2026.03.17-00.36.49:662][574]LogAudioMixer: Display: 0: FrontLeft
[2026.03.17-00.36.49:662][574]LogAudioMixer: Display: 1: FrontRight
[2026.03.17-00.36.49:674][574]LogAudioMixer: Display: Using Audio Device Realtek HD Audio 2nd output (Realtek(R) Audio)
[2026.03.17-00.36.49:674][574]LogAudioMixer: Display: Initializing Sound Submixes...
[2026.03.17-00.36.49:674][574]LogAudioMixer: Display: Creating Master Submix 'MasterSubmixDefault'
[2026.03.17-00.36.49:674][574]LogAudioMixer: Display: Creating Master Submix 'MasterReverbSubmixDefault'
[2026.03.17-00.36.49:674][574]LogAudioMixer: Display: Creating Master Submix 'MasterEQSubmixDefault'
[2026.03.17-00.36.49:675][574]LogAudioMixer: FMixerPlatformXAudio2::StartAudioStream() called
[2026.03.17-00.36.49:675][574]LogAudioMixer: Display: Output buffers initialized: Frames=1024, Channels=2, Samples=2048
[2026.03.17-00.36.49:675][574]LogAudioMixer: Display: Starting AudioMixerPlatformInterface::RunInternal()
[2026.03.17-00.36.49:675][574]LogAudioMixer: Display: FMixerPlatformXAudio2::SubmitBuffer() called for the first time
[2026.03.17-00.36.49:675][574]LogInit: FAudioDevice initialized.
[2026.03.17-00.36.49:675][574]LogAudio: Display: Audio Device (ID: 13) registered with world 'K_AI_Main_Screen'.
[2026.03.17-00.36.49:722][574]LogSlate: Updating window title bar state: overlay mode, drag disabled, window buttons hidden, title bar hidden
[2026.03.17-00.36.49:724][574]LogLoad: Game class is 'KAI_Screen_mode_C'
[2026.03.17-00.36.49:724][574]LogWorld: Bringing World /Game/Maps/UEDPIE_0_K_AI_Main_Screen.K_AI_Main_Screen up for play (max tick rate 0) at 2026.03.16-19.36.49
[2026.03.17-00.36.49:724][574]LogWorld: Bringing up level for play took: 0.000345
[2026.03.17-00.36.49:724][574]LogOnline: OSS: Creating online subsystem instance for: :Context_35
[2026.03.17-00.36.49:728][574]PIE: Server logged in
[2026.03.17-00.36.49:728][574]PIE: Play in editor total start time 0.1 seconds.
[2026.03.17-00.36.50:789][697]LogNet: Browse: /Game/Maps/Angled_Camera_Test
[2026.03.17-00.36.50:790][697]LogLoad: LoadMap: /Game/Maps/Angled_Camera_Test
[2026.03.17-00.36.50:790][697]LogWorld: BeginTearingDown for /Game/Maps/UEDPIE_0_K_AI_Main_Screen
[2026.03.17-00.36.50:790][697]LogWorld: UWorld::CleanupWorld for K_AI_Main_Screen, bSessionEnded=true, bCleanupResources=true
[2026.03.17-00.36.50:790][697]LogSlate: InvalidateAllWidgets triggered.  All widgets were invalidated
[2026.03.17-00.36.50:851][697]LogAudio: Display: Audio Device unregistered from world 'None'.
[2026.03.17-00.36.50:854][697]LogUObjectHash: Compacting FUObjectHashTables data took   2.28ms
[2026.03.17-00.36.50:858][697]LogAudio: Display: Audio Device (ID: 13) registered with world 'Angled_Camera_Test'.
[2026.03.17-00.36.50:860][697]LogAIModule: Creating AISystem for world Angled_Camera_Test
[2026.03.17-00.36.50:860][697]LogLoad: Game class is 'KAI_Game_Mode_C'
[2026.03.17-00.36.50:862][697]LogWorld: Bringing World /Game/Maps/UEDPIE_0_Angled_Camera_Test.Angled_Camera_Test up for play (max tick rate 0) at 2026.03.16-19.36.50
[2026.03.17-00.36.50:862][697]LogWorld: Bringing up level for play took: 0.000804
[2026.03.17-00.36.50:862][697]LogLoad: Took 0.072713 seconds to LoadMap(/Game/Maps/Angled_Camera_Test)
[2026.03.17-00.39.49:259][287]LogNet: Browse: /Game/Maps/K_AI_Main_Screen
[2026.03.17-00.39.49:259][287]LogLoad: LoadMap: /Game/Maps/K_AI_Main_Screen
[2026.03.17-00.39.49:259][287]LogWorld: BeginTearingDown for /Game/Maps/UEDPIE_0_Angled_Camera_Test
[2026.03.17-00.39.49:260][287]LogWorld: UWorld::CleanupWorld for Angled_Camera_Test, bSessionEnded=true, bCleanupResources=true
[2026.03.17-00.39.49:260][287]LogSlate: InvalidateAllWidgets triggered.  All widgets were invalidated
[2026.03.17-00.39.49:305][287]LogAudio: Display: Audio Device unregistered from world 'None'.
[2026.03.17-00.39.49:308][287]LogUObjectHash: Compacting FUObjectHashTables data took   3.13ms
[2026.03.17-00.39.49:310][287]LogPlayLevel: Creating play world package: /Game/Maps/UEDPIE_0_K_AI_Main_Screen
[2026.03.17-00.39.49:310][287]LogPlayLevel: PIE: StaticDuplicateObject took: (0.000562s)
[2026.03.17-00.39.49:310][287]LogAIModule: Creating AISystem for world K_AI_Main_Screen
[2026.03.17-00.39.49:310][287]LogPlayLevel: PIE: World Init took: (0.000752s)
[2026.03.17-00.39.49:310][287]LogPlayLevel: PIE: Created PIE world by copying editor world from /Game/Maps/K_AI_Main_Screen.K_AI_Main_Screen to /Game/Maps/UEDPIE_0_K_AI_Main_Screen.K_AI_Main_Screen (0.001402s)
[2026.03.17-00.39.49:310][287]LogAudio: Display: Audio Device (ID: 13) registered with world 'K_AI_Main_Screen'.
[2026.03.17-00.39.49:310][287]LogLoad: Game class is 'KAI_Screen_mode_C'
[2026.03.17-00.39.49:312][287]LogWorld: Bringing World /Game/Maps/UEDPIE_0_K_AI_Main_Screen.K_AI_Main_Screen up for play (max tick rate 0) at 2026.03.16-19.39.49
[2026.03.17-00.39.49:312][287]LogWorld: Bringing up level for play took: 0.000265
[2026.03.17-00.39.49:312][287]LogGameMode: FindPlayerStart: PATHS NOT DEFINED or NO PLAYERSTART with positive rating
[2026.03.17-00.39.49:313][287]LogLoad: Took 0.053104 seconds to LoadMap(/Game/Maps/UEDPIE_0_K_AI_Main_Screen)
[2026.03.17-00.39.50:619][443]LogNet: Browse: /Game/Maps/Angled_Camera_Test
[2026.03.17-00.39.50:619][443]LogLoad: LoadMap: /Game/Maps/Angled_Camera_Test
[2026.03.17-00.39.50:619][443]LogWorld: BeginTearingDown for /Game/Maps/UEDPIE_0_K_AI_Main_Screen
[2026.03.17-00.39.50:620][443]LogWorld: UWorld::CleanupWorld for K_AI_Main_Screen, bSessionEnded=true, bCleanupResources=true
[2026.03.17-00.39.50:620][443]LogSlate: InvalidateAllWidgets triggered.  All widgets were invalidated
[2026.03.17-00.39.50:675][443]LogAudio: Display: Audio Device unregistered from world 'None'.
[2026.03.17-00.39.50:676][443]LogUObjectHash: Compacting FUObjectHashTables data took   2.24ms
[2026.03.17-00.39.50:681][443]LogAudio: Display: Audio Device (ID: 13) registered with world 'Angled_Camera_Test'.
[2026.03.17-00.39.50:681][443]LogAIModule: Creating AISystem for world Angled_Camera_Test
[2026.03.17-00.39.50:681][443]LogLoad: Game class is 'KAI_Game_Mode_C'
[2026.03.17-00.39.50:682][443]LogWorld: Bringing World /Game/Maps/UEDPIE_0_Angled_Camera_Test.Angled_Camera_Test up for play (max tick rate 0) at 2026.03.16-19.39.50
[2026.03.17-00.39.50:683][443]LogWorld: Bringing up level for play took: 0.000784
[2026.03.17-00.39.50:683][443]LogLoad: Took 0.064017 seconds to LoadMap(/Game/Maps/Angled_Camera_Test)
[2026.03.17-00.39.53:881][826]LogNet: Browse: /Game/Maps/K_AI_Main_Screen
[2026.03.17-00.39.53:881][826]LogLoad: LoadMap: /Game/Maps/K_AI_Main_Screen
[2026.03.17-00.39.53:881][826]LogWorld: BeginTearingDown for /Game/Maps/UEDPIE_0_Angled_Camera_Test
[2026.03.17-00.39.53:881][826]LogWorld: UWorld::CleanupWorld for Angled_Camera_Test, bSessionEnded=true, bCleanupResources=true
[2026.03.17-00.39.53:882][826]LogSlate: InvalidateAllWidgets triggered.  All widgets were invalidated
[2026.03.17-00.39.53:934][826]LogAudio: Display: Audio Device unregistered from world 'None'.
[2026.03.17-00.39.53:937][826]LogUObjectHash: Compacting FUObjectHashTables data took   2.25ms
[2026.03.17-00.39.53:938][826]LogPlayLevel: Creating play world package: /Game/Maps/UEDPIE_0_K_AI_Main_Screen
[2026.03.17-00.39.53:938][826]LogPlayLevel: PIE: StaticDuplicateObject took: (0.000542s)
[2026.03.17-00.39.53:940][826]LogAIModule: Creating AISystem for world K_AI_Main_Screen
[2026.03.17-00.39.53:940][826]LogPlayLevel: PIE: World Init took: (0.000742s)
[2026.03.17-00.39.53:940][826]LogPlayLevel: PIE: Created PIE world by copying editor world from /Game/Maps/K_AI_Main_Screen.K_AI_Main_Screen to /Game/Maps/UEDPIE_0_K_AI_Main_Screen.K_AI_Main_Screen (0.001372s)
[2026.03.17-00.39.53:940][826]LogAudio: Display: Audio Device (ID: 13) registered with world 'K_AI_Main_Screen'.
[2026.03.17-00.39.53:940][826]LogLoad: Game class is 'KAI_Screen_mode_C'
[2026.03.17-00.39.53:940][826]LogWorld: Bringing World /Game/Maps/UEDPIE_0_K_AI_Main_Screen.K_AI_Main_Screen up for play (max tick rate 0) at 2026.03.16-19.39.53
[2026.03.17-00.39.53:940][826]LogWorld: Bringing up level for play took: 0.000217
[2026.03.17-00.39.53:940][826]LogGameMode: FindPlayerStart: PATHS NOT DEFINED or NO PLAYERSTART with positive rating
[2026.03.17-00.39.53:941][826]LogLoad: Took 0.060168 seconds to LoadMap(/Game/Maps/UEDPIE_0_K_AI_Main_Screen)
[2026.03.17-00.39.54:681][914]LogNet: Browse: /Game/Maps/Side_Camera_Test
[2026.03.17-00.39.54:681][914]LogLoad: LoadMap: /Game/Maps/Side_Camera_Test
[2026.03.17-00.39.54:681][914]LogWorld: BeginTearingDown for /Game/Maps/UEDPIE_0_K_AI_Main_Screen
[2026.03.17-00.39.54:681][914]LogWorld: UWorld::CleanupWorld for K_AI_Main_Screen, bSessionEnded=true, bCleanupResources=true
[2026.03.17-00.39.54:681][914]LogSlate: InvalidateAllWidgets triggered.  All widgets were invalidated
[2026.03.17-00.39.54:725][914]LogAudio: Display: Audio Device unregistered from world 'None'.
[2026.03.17-00.39.54:728][914]LogUObjectHash: Compacting FUObjectHashTables data took   2.24ms
[2026.03.17-00.39.54:733][914]LogAudio: Display: Audio Device (ID: 13) registered with world 'Side_Camera_Test'.
[2026.03.17-00.39.54:733][914]LogAIModule: Creating AISystem for world Side_Camera_Test
[2026.03.17-00.39.54:733][914]LogLoad: Game class is 'KAI_Game_Mode_C'
[2026.03.17-00.39.54:734][914]LogWorld: Bringing World /Game/Maps/UEDPIE_0_Side_Camera_Test.Side_Camera_Test up for play (max tick rate 0) at 2026.03.16-19.39.54
[2026.03.17-00.39.54:734][914]LogWorld: Bringing up level for play took: 0.000837
[2026.03.17-00.39.54:736][914]LogLoad: Took 0.054341 seconds to LoadMap(/Game/Maps/Side_Camera_Test)
[2026.03.17-00.39.56:624][140]LogNet: Browse: /Game/Maps/K_AI_Main_Screen
[2026.03.17-00.39.56:624][140]LogLoad: LoadMap: /Game/Maps/K_AI_Main_Screen
[2026.03.17-00.39.56:624][140]LogWorld: BeginTearingDown for /Game/Maps/UEDPIE_0_Side_Camera_Test
[2026.03.17-00.39.56:624][140]LogWorld: UWorld::CleanupWorld for Side_Camera_Test, bSessionEnded=true, bCleanupResources=true
[2026.03.17-00.39.56:624][140]LogSlate: InvalidateAllWidgets triggered.  All widgets were invalidated
[2026.03.17-00.39.56:684][140]LogAudio: Display: Audio Device unregistered from world 'None'.
[2026.03.17-00.39.56:687][140]LogUObjectHash: Compacting FUObjectHashTables data took   2.28ms
[2026.03.17-00.39.56:689][140]LogPlayLevel: Creating play world package: /Game/Maps/UEDPIE_0_K_AI_Main_Screen
[2026.03.17-00.39.56:689][140]LogPlayLevel: PIE: StaticDuplicateObject took: (0.000565s)
[2026.03.17-00.39.56:690][140]LogAIModule: Creating AISystem for world K_AI_Main_Screen
[2026.03.17-00.39.56:690][140]LogPlayLevel: PIE: World Init took: (0.000724s)
[2026.03.17-00.39.56:690][140]LogPlayLevel: PIE: Created PIE world by copying editor world from /Game/Maps/K_AI_Main_Screen.K_AI_Main_Screen to /Game/Maps/UEDPIE_0_K_AI_Main_Screen.K_AI_Main_Screen (0.001384s)
[2026.03.17-00.39.56:690][140]LogAudio: Display: Audio Device (ID: 13) registered with world 'K_AI_Main_Screen'.
[2026.03.17-00.39.56:690][140]LogLoad: Game class is 'KAI_Screen_mode_C'
[2026.03.17-00.39.56:691][140]LogWorld: Bringing World /Game/Maps/UEDPIE_0_K_AI_Main_Screen.K_AI_Main_Screen up for play (max tick rate 0) at 2026.03.16-19.39.56
[2026.03.17-00.39.56:691][140]LogWorld: Bringing up level for play took: 0.000225
[2026.03.17-00.39.56:691][140]LogGameMode: FindPlayerStart: PATHS NOT DEFINED or NO PLAYERSTART with positive rating
[2026.03.17-00.39.56:692][140]LogLoad: Took 0.066579 seconds to LoadMap(/Game/Maps/UEDPIE_0_K_AI_Main_Screen)
[2026.03.17-00.39.57:648][254]LogNet: Browse: /Game/Maps/Top_Down_Drone_test
[2026.03.17-00.39.57:648][254]LogLoad: LoadMap: /Game/Maps/Top_Down_Drone_test
[2026.03.17-00.39.57:648][254]LogWorld: BeginTearingDown for /Game/Maps/UEDPIE_0_K_AI_Main_Screen
[2026.03.17-00.39.57:648][254]LogWorld: UWorld::CleanupWorld for K_AI_Main_Screen, bSessionEnded=true, bCleanupResources=true
[2026.03.17-00.39.57:648][254]LogSlate: InvalidateAllWidgets triggered.  All widgets were invalidated
[2026.03.17-00.39.57:714][254]LogAudio: Display: Audio Device unregistered from world 'None'.
[2026.03.17-00.39.57:716][254]LogUObjectHash: Compacting FUObjectHashTables data took   2.25ms
[2026.03.17-00.39.57:720][254]LogAudio: Display: Audio Device (ID: 13) registered with world 'Top_Down_Drone_test'.
[2026.03.17-00.39.57:721][254]LogAIModule: Creating AISystem for world Top_Down_Drone_test
[2026.03.17-00.39.57:721][254]LogLoad: Game class is 'KAI_Game_Mode_C'
[2026.03.17-00.39.57:722][254]LogWorld: Bringing World /Game/Maps/UEDPIE_0_Top_Down_Drone_test.Top_Down_Drone_test up for play (max tick rate 0) at 2026.03.16-19.39.57
[2026.03.17-00.39.57:722][254]LogWorld: Bringing up level for play took: 0.000724
[2026.03.17-00.39.57:722][254]LogLoad: Took 0.075122 seconds to LoadMap(/Game/Maps/Top_Down_Drone_test)
[2026.03.17-00.40.04:763][ 98]LogNet: Browse: /Game/Maps/K_AI_Main_Screen
[2026.03.17-00.40.04:763][ 98]LogLoad: LoadMap: /Game/Maps/K_AI_Main_Screen
[2026.03.17-00.40.04:763][ 98]LogWorld: BeginTearingDown for /Game/Maps/UEDPIE_0_Top_Down_Drone_test
[2026.03.17-00.40.04:763][ 98]LogWorld: UWorld::CleanupWorld for Top_Down_Drone_test, bSessionEnded=true, bCleanupResources=true
[2026.03.17-00.40.04:763][ 98]LogSlate: InvalidateAllWidgets triggered.  All widgets were invalidated
[2026.03.17-00.40.04:815][ 98]LogAudio: Display: Audio Device unregistered from world 'None'.
[2026.03.17-00.40.04:818][ 98]LogUObjectHash: Compacting FUObjectHashTables data took   2.24ms
[2026.03.17-00.40.04:819][ 98]LogPlayLevel: Creating play world package: /Game/Maps/UEDPIE_0_K_AI_Main_Screen
[2026.03.17-00.40.04:819][ 98]LogPlayLevel: PIE: StaticDuplicateObject took: (0.000543s)
[2026.03.17-00.40.04:819][ 98]LogAIModule: Creating AISystem for world K_AI_Main_Screen
[2026.03.17-00.40.04:821][ 98]LogPlayLevel: PIE: World Init took: (0.000714s)
[2026.03.17-00.40.04:821][ 98]LogPlayLevel: PIE: Created PIE world by copying editor world from /Game/Maps/K_AI_Main_Screen.K_AI_Main_Screen to /Game/Maps/UEDPIE_0_K_AI_Main_Screen.K_AI_Main_Screen (0.001346s)
[2026.03.17-00.40.04:821][ 98]LogAudio: Display: Audio Device (ID: 13) registered with world 'K_AI_Main_Screen'.
[2026.03.17-00.40.04:821][ 98]LogLoad: Game class is 'KAI_Screen_mode_C'
[2026.03.17-00.40.04:821][ 98]LogWorld: Bringing World /Game/Maps/UEDPIE_0_K_AI_Main_Screen.K_AI_Main_Screen up for play (max tick rate 0) at 2026.03.16-19.40.04
[2026.03.17-00.40.04:821][ 98]LogWorld: Bringing up level for play took: 0.000216
[2026.03.17-00.40.04:821][ 98]LogGameMode: FindPlayerStart: PATHS NOT DEFINED or NO PLAYERSTART with positive rating
[2026.03.17-00.40.04:822][ 98]LogLoad: Took 0.058775 seconds to LoadMap(/Game/Maps/UEDPIE_0_K_AI_Main_Screen)
[2026.03.17-00.43.01:231][510]LogNet: Browse: /Game/Maps/Side_Camera_Test
[2026.03.17-00.43.01:231][510]LogLoad: LoadMap: /Game/Maps/Side_Camera_Test
[2026.03.17-00.43.01:231][510]LogWorld: BeginTearingDown for /Game/Maps/UEDPIE_0_K_AI_Main_Screen
[2026.03.17-00.43.01:231][510]LogWorld: UWorld::CleanupWorld for K_AI_Main_Screen, bSessionEnded=true, bCleanupResources=true
[2026.03.17-00.43.01:231][510]LogSlate: InvalidateAllWidgets triggered.  All widgets were invalidated
[2026.03.17-00.43.01:253][510]LogAudio: Display: Audio Device unregistered from world 'None'.
[2026.03.17-00.43.01:256][510]LogUObjectHash: Compacting FUObjectHashTables data took   2.32ms
[2026.03.17-00.43.01:261][510]LogAudio: Display: Audio Device (ID: 13) registered with world 'Side_Camera_Test'.
[2026.03.17-00.43.01:262][510]LogAIModule: Creating AISystem for world Side_Camera_Test
[2026.03.17-00.43.01:263][510]LogLoad: Game class is 'KAI_Game_Mode_C'
[2026.03.17-00.43.01:264][510]LogWorld: Bringing World /Game/Maps/UEDPIE_0_Side_Camera_Test.Side_Camera_Test up for play (max tick rate 0) at 2026.03.16-19.43.01
[2026.03.17-00.43.01:264][510]LogWorld: Bringing up level for play took: 0.000764
[2026.03.17-00.43.01:264][510]LogLoad: Took 0.032820 seconds to LoadMap(/Game/Maps/Side_Camera_Test)
[2026.03.17-00.43.02:780][677]LogNet: Browse: /Game/Maps/K_AI_Main_Screen
[2026.03.17-00.43.02:780][677]LogLoad: LoadMap: /Game/Maps/K_AI_Main_Screen
[2026.03.17-00.43.02:780][677]LogWorld: BeginTearingDown for /Game/Maps/UEDPIE_0_Side_Camera_Test
[2026.03.17-00.43.02:780][677]LogWorld: UWorld::CleanupWorld for Side_Camera_Test, bSessionEnded=true, bCleanupResources=true
[2026.03.17-00.43.02:780][677]LogSlate: InvalidateAllWidgets triggered.  All widgets were invalidated
[2026.03.17-00.43.02:848][677]LogAudio: Display: Audio Device unregistered from world 'None'.
[2026.03.17-00.43.02:851][677]LogUObjectHash: Compacting FUObjectHashTables data took   2.28ms
[2026.03.17-00.43.02:853][677]LogPlayLevel: Creating play world package: /Game/Maps/UEDPIE_0_K_AI_Main_Screen
[2026.03.17-00.43.02:853][677]LogPlayLevel: PIE: StaticDuplicateObject took: (0.000560s)
[2026.03.17-00.43.02:853][677]LogAIModule: Creating AISystem for world K_AI_Main_Screen
[2026.03.17-00.43.02:854][677]LogPlayLevel: PIE: World Init took: (0.000731s)
[2026.03.17-00.43.02:854][677]LogPlayLevel: PIE: Created PIE world by copying editor world from /Game/Maps/K_AI_Main_Screen.K_AI_Main_Screen to /Game/Maps/UEDPIE_0_K_AI_Main_Screen.K_AI_Main_Screen (0.001384s)
[2026.03.17-00.43.02:854][677]LogAudio: Display: Audio Device (ID: 13) registered with world 'K_AI_Main_Screen'.
[2026.03.17-00.43.02:854][677]LogLoad: Game class is 'KAI_Screen_mode_C'
[2026.03.17-00.43.02:854][677]LogWorld: Bringing World /Game/Maps/UEDPIE_0_K_AI_Main_Screen.K_AI_Main_Screen up for play (max tick rate 0) at 2026.03.16-19.43.02
[2026.03.17-00.43.02:854][677]LogWorld: Bringing up level for play took: 0.000221
[2026.03.17-00.43.02:854][677]LogGameMode: FindPlayerStart: PATHS NOT DEFINED or NO PLAYERSTART with positive rating
[2026.03.17-00.43.02:856][677]LogLoad: Took 0.075619 seconds to LoadMap(/Game/Maps/UEDPIE_0_K_AI_Main_Screen)
[2026.03.17-00.43.03:455][748]LogNet: Browse: /Game/Maps/Angled_Camera_Test
[2026.03.17-00.43.03:455][748]LogLoad: LoadMap: /Game/Maps/Angled_Camera_Test
[2026.03.17-00.43.03:455][748]LogWorld: BeginTearingDown for /Game/Maps/UEDPIE_0_K_AI_Main_Screen
[2026.03.17-00.43.03:455][748]LogWorld: UWorld::CleanupWorld for K_AI_Main_Screen, bSessionEnded=true, bCleanupResources=true
[2026.03.17-00.43.03:456][748]LogSlate: InvalidateAllWidgets triggered.  All widgets were invalidated
[2026.03.17-00.43.03:511][748]LogAudio: Display: Audio Device unregistered from world 'None'.
[2026.03.17-00.43.03:512][748]LogUObjectHash: Compacting FUObjectHashTables data took   2.34ms
[2026.03.17-00.43.03:517][748]LogAudio: Display: Audio Device (ID: 13) registered with world 'Angled_Camera_Test'.
[2026.03.17-00.43.03:517][748]LogAIModule: Creating AISystem for world Angled_Camera_Test
[2026.03.17-00.43.03:517][748]LogLoad: Game class is 'KAI_Game_Mode_C'
[2026.03.17-00.43.03:518][748]LogWorld: Bringing World /Game/Maps/UEDPIE_0_Angled_Camera_Test.Angled_Camera_Test up for play (max tick rate 0) at 2026.03.16-19.43.03
[2026.03.17-00.43.03:518][748]LogWorld: Bringing up level for play took: 0.000697
[2026.03.17-00.43.03:518][748]LogLoad: Took 0.064244 seconds to LoadMap(/Game/Maps/Angled_Camera_Test)
[2026.03.17-00.43.04:666][885]LogNet: Browse: /Game/Maps/K_AI_Main_Screen
[2026.03.17-00.43.04:668][885]LogLoad: LoadMap: /Game/Maps/K_AI_Main_Screen
[2026.03.17-00.43.04:668][885]LogWorld: BeginTearingDown for /Game/Maps/UEDPIE_0_Angled_Camera_Test
[2026.03.17-00.43.04:668][885]LogWorld: UWorld::CleanupWorld for Angled_Camera_Test, bSessionEnded=true, bCleanupResources=true
[2026.03.17-00.43.04:668][885]LogSlate: InvalidateAllWidgets triggered.  All widgets were invalidated
[2026.03.17-00.43.04:719][885]LogAudio: Display: Audio Device unregistered from world 'None'.
[2026.03.17-00.43.04:723][885]LogUObjectHash: Compacting FUObjectHashTables data took   2.33ms
[2026.03.17-00.43.04:723][885]LogPlayLevel: Creating play world package: /Game/Maps/UEDPIE_0_K_AI_Main_Screen
[2026.03.17-00.43.04:723][885]LogPlayLevel: PIE: StaticDuplicateObject took: (0.000585s)
[2026.03.17-00.43.04:724][885]LogAIModule: Creating AISystem for world K_AI_Main_Screen
[2026.03.17-00.43.04:724][885]LogPlayLevel: PIE: World Init took: (0.000729s)
[2026.03.17-00.43.04:724][885]LogPlayLevel: PIE: Created PIE world by copying editor world from /Game/Maps/K_AI_Main_Screen.K_AI_Main_Screen to /Game/Maps/UEDPIE_0_K_AI_Main_Screen.K_AI_Main_Screen (0.001409s)
[2026.03.17-00.43.04:724][885]LogAudio: Display: Audio Device (ID: 13) registered with world 'K_AI_Main_Screen'.
[2026.03.17-00.43.04:724][885]LogLoad: Game class is 'KAI_Screen_mode_C'
[2026.03.17-00.43.04:725][885]LogWorld: Bringing World /Game/Maps/UEDPIE_0_K_AI_Main_Screen.K_AI_Main_Screen up for play (max tick rate 0) at 2026.03.16-19.43.04
[2026.03.17-00.43.04:725][885]LogWorld: Bringing up level for play took: 0.000236
[2026.03.17-00.43.04:725][885]LogGameMode: FindPlayerStart: PATHS NOT DEFINED or NO PLAYERSTART with positive rating
[2026.03.17-00.43.04:726][885]LogLoad: Took 0.059144 seconds to LoadMap(/Game/Maps/UEDPIE_0_K_AI_Main_Screen)
[2026.03.17-00.43.05:233][945]LogNet: Browse: /Game/Maps/Top_Down_Drone_test
[2026.03.17-00.43.05:233][945]LogLoad: LoadMap: /Game/Maps/Top_Down_Drone_test
[2026.03.17-00.43.05:233][945]LogWorld: BeginTearingDown for /Game/Maps/UEDPIE_0_K_AI_Main_Screen
[2026.03.17-00.43.05:233][945]LogWorld: UWorld::CleanupWorld for K_AI_Main_Screen, bSessionEnded=true, bCleanupResources=true
[2026.03.17-00.43.05:233][945]LogSlate: InvalidateAllWidgets triggered.  All widgets were invalidated
[2026.03.17-00.43.05:278][945]LogAudio: Display: Audio Device unregistered from world 'None'.
[2026.03.17-00.43.05:281][945]LogUObjectHash: Compacting FUObjectHashTables data took   2.24ms
[2026.03.17-00.43.05:284][945]LogAudio: Display: Audio Device (ID: 13) registered with world 'Top_Down_Drone_test'.
[2026.03.17-00.43.05:285][945]LogAIModule: Creating AISystem for world Top_Down_Drone_test
[2026.03.17-00.43.05:285][945]LogLoad: Game class is 'KAI_Game_Mode_C'
[2026.03.17-00.43.05:287][945]LogWorld: Bringing World /Game/Maps/UEDPIE_0_Top_Down_Drone_test.Top_Down_Drone_test up for play (max tick rate 0) at 2026.03.16-19.43.05
[2026.03.17-00.43.05:287][945]LogWorld: Bringing up level for play took: 0.000911
[2026.03.17-00.43.05:288][945]LogLoad: Took 0.054990 seconds to LoadMap(/Game/Maps/Top_Down_Drone_test)
[2026.03.17-00.43.06:599][101]LogNet: Browse: /Game/Maps/K_AI_Main_Screen
[2026.03.17-00.43.06:599][101]LogLoad: LoadMap: /Game/Maps/K_AI_Main_Screen
[2026.03.17-00.43.06:599][101]LogWorld: BeginTearingDown for /Game/Maps/UEDPIE_0_Top_Down_Drone_test
[2026.03.17-00.43.06:599][101]LogWorld: UWorld::CleanupWorld for Top_Down_Drone_test, bSessionEnded=true, bCleanupResources=true
[2026.03.17-00.43.06:599][101]LogSlate: InvalidateAllWidgets triggered.  All widgets were invalidated
[2026.03.17-00.43.06:662][101]LogAudio: Display: Audio Device unregistered from world 'None'.
[2026.03.17-00.43.06:665][101]LogUObjectHash: Compacting FUObjectHashTables data took   2.32ms
[2026.03.17-00.43.06:665][101]LogPlayLevel: Creating play world package: /Game/Maps/UEDPIE_0_K_AI_Main_Screen
[2026.03.17-00.43.06:667][101]LogPlayLevel: PIE: StaticDuplicateObject took: (0.000585s)
[2026.03.17-00.43.06:667][101]LogAIModule: Creating AISystem for world K_AI_Main_Screen
[2026.03.17-00.43.06:667][101]LogPlayLevel: PIE: World Init took: (0.000723s)
[2026.03.17-00.43.06:667][101]LogPlayLevel: PIE: Created PIE world by copying editor world from /Game/Maps/K_AI_Main_Screen.K_AI_Main_Screen to /Game/Maps/UEDPIE_0_K_AI_Main_Screen.K_AI_Main_Screen (0.001400s)
[2026.03.17-00.43.06:667][101]LogAudio: Display: Audio Device (ID: 13) registered with world 'K_AI_Main_Screen'.
[2026.03.17-00.43.06:667][101]LogLoad: Game class is 'KAI_Screen_mode_C'
[2026.03.17-00.43.06:668][101]LogWorld: Bringing World /Game/Maps/UEDPIE_0_K_AI_Main_Screen.K_AI_Main_Screen up for play (max tick rate 0) at 2026.03.16-19.43.06
[2026.03.17-00.43.06:668][101]LogWorld: Bringing up level for play took: 0.000266
[2026.03.17-00.43.06:668][101]LogGameMode: FindPlayerStart: PATHS NOT DEFINED or NO PLAYERSTART with positive rating
[2026.03.17-00.43.06:668][101]LogLoad: Took 0.070123 seconds to LoadMap(/Game/Maps/UEDPIE_0_K_AI_Main_Screen)
[2026.03.17-00.43.07:234][168]LogNet: Browse: /Game/Maps/Angled_Camera_Test
[2026.03.17-00.43.07:234][168]LogLoad: LoadMap: /Game/Maps/Angled_Camera_Test
[2026.03.17-00.43.07:234][168]LogWorld: BeginTearingDown for /Game/Maps/UEDPIE_0_K_AI_Main_Screen
[2026.03.17-00.43.07:234][168]LogWorld: UWorld::CleanupWorld for K_AI_Main_Screen, bSessionEnded=true, bCleanupResources=true
[2026.03.17-00.43.07:234][168]LogSlate: InvalidateAllWidgets triggered.  All widgets were invalidated
[2026.03.17-00.43.07:284][168]LogAudio: Display: Audio Device unregistered from world 'None'.
[2026.03.17-00.43.07:288][168]LogUObjectHash: Compacting FUObjectHashTables data took   3.32ms
[2026.03.17-00.43.07:293][168]LogAudio: Display: Audio Device (ID: 13) registered with world 'Angled_Camera_Test'.
[2026.03.17-00.43.07:293][168]LogAIModule: Creating AISystem for world Angled_Camera_Test
[2026.03.17-00.43.07:293][168]LogLoad: Game class is 'KAI_Game_Mode_C'
[2026.03.17-00.43.07:296][168]LogWorld: Bringing World /Game/Maps/UEDPIE_0_Angled_Camera_Test.Angled_Camera_Test up for play (max tick rate 0) at 2026.03.16-19.43.07
[2026.03.17-00.43.07:296][168]LogWorld: Bringing up level for play took: 0.001164
[2026.03.17-00.43.07:298][168]LogLoad: Took 0.063670 seconds to LoadMap(/Game/Maps/Angled_Camera_Test)
[2026.03.17-00.53.54:700][271]Cmd: OBJ SAVEPACKAGE PACKAGE="/Game/Maps/K_AI_Main_Screen" FILE="../../../../../UnrealProjects/CyberKittysWeirdBox/Content/Maps/K_AI_Main_Screen.umap" SILENT=true AUTOSAVING=false KEEPDIRTY=false
[2026.03.17-00.53.54:723][271]LogUObjectHash: Compacting FUObjectHashTables data took   3.22ms
[2026.03.17-00.53.54:726][271]LogSavePackage: Moving '../../../../../UnrealProjects/CyberKittysWeirdBox/Saved/K_AI_Main_Screen97A7E2E6422552F4D092A09B52BDD7B8.tmp' to '../../../../../UnrealProjects/CyberKittysWeirdBox/Content/Maps/K_AI_Main_Screen.umap'
[2026.03.17-00.53.54:737][271]AssetCheck: New page: Asset Save: K_AI_Main_Screen
[2026.03.17-00.53.54:737][271]LogContentValidation: Display: Validating World /Game/Maps/K_AI_Main_Screen.K_AI_Main_Screen
[2026.03.17-00.53.56:675][486]LogUObjectHash: Compacting FUObjectHashTables data took   0.57ms
[2026.03.17-00.54.12:883][338]LogSlate: Window 'WeirdBox Preview [NetMode: Standalone]  (64-bit/Windows) ' being destroyed
[2026.03.17-00.54.13:068][338]LogWorld: BeginTearingDown for /Game/Maps/UEDPIE_0_Angled_Camera_Test
[2026.03.17-00.54.13:068][338]LogWorld: UWorld::CleanupWorld for Angled_Camera_Test, bSessionEnded=true, bCleanupResources=true
[2026.03.17-00.54.13:068][338]LogSlate: InvalidateAllWidgets triggered.  All widgets were invalidated
[2026.03.17-00.54.13:072][338]LogPlayLevel: Display: Shutting down PIE online subsystems
[2026.03.17-00.54.13:077][338]LogSlate: InvalidateAllWidgets triggered.  All widgets were invalidated
[2026.03.17-00.54.13:097][338]LogAudio: Display: Audio Device unregistered from world 'None'.
[2026.03.17-00.54.13:097][338]LogAudioMixer: FMixerPlatformXAudio2::StopAudioStream() called
[2026.03.17-00.54.13:098][338]LogAudioMixer: FMixerPlatformXAudio2::StopAudioStream() called
[2026.03.17-00.54.13:103][338]LogUObjectHash: Compacting FUObjectHashTables data took   2.33ms
[2026.03.17-00.54.13:400][339]LogPlayLevel: Display: Destroying online subsystem :Context_35
[2026.03.17-01.03.57:445][327]LogUObjectHash: Compacting FUObjectHashTables data took   3.19ms
[2026.03.17-01.03.57:459][327]LogWorld: UWorld::CleanupWorld for World_0, bSessionEnded=true, bCleanupResources=true
[2026.03.17-01.03.57:459][327]LogSlate: InvalidateAllWidgets triggered.  All widgets were invalidated
[2026.03.17-01.03.57:506][327]LogActorComponent: UnregisterComponent: (/Engine/Transient.EditorFloorComp) Not registered. Aborting.
[2026.03.17-01.03.57:506][327]LogWorld: UWorld::CleanupWorld for World_27, bSessionEnded=true, bCleanupResources=true
[2026.03.17-01.03.57:506][327]LogSlate: InvalidateAllWidgets triggered.  All widgets were invalidated
[2026.03.17-01.03.57:577][327]LogSlate: Window 'WeirdBox - Unreal Editor' being destroyed
[2026.03.17-01.03.57:680][328]Cmd: QUIT_EDITOR
[2026.03.17-01.03.57:680][328]LogCore: Engine exit requested (reason: UUnrealEdEngine::CloseEditor())
[2026.03.17-01.03.57:682][328]LogCore: Engine exit requested (reason: EngineExit() was called; note: exit was already requested)
[2026.03.17-01.03.58:311][328]LogAudio: Display: Beginning Audio Device Manager Shutdown (Module: AudioMixerXAudio2)...
[2026.03.17-01.03.58:311][328]LogAudio: Display: Destroying 1 Remaining Audio Device(s)...
[2026.03.17-01.03.58:311][328]LogAudio: Display: Audio Device unregistered from world 'K_AI_Main_Screen'.
[2026.03.17-01.03.58:311][328]LogAudioMixer: FMixerPlatformXAudio2::StopAudioStream() called
[2026.03.17-01.03.58:311][328]LogAudioMixer: FMixerPlatformXAudio2::StopAudioStream() called
[2026.03.17-01.03.58:312][328]LogAudio: Display: Audio Device Manager Shutdown
[2026.03.17-01.03.58:315][328]LogExit: Preparing to exit.
[2026.03.17-01.03.58:416][328]LogUObjectHash: Compacting FUObjectHashTables data took   4.08ms
[2026.03.17-01.03.58:490][328]LogWorld: UWorld::CleanupWorld for World_28, bSessionEnded=true, bCleanupResources=true
[2026.03.17-01.03.58:524][328]LogDemo: Cleaned up 0 splitscreen connections with owner deletion
[2026.03.17-01.03.58:530][328]LogWorld: UWorld::CleanupWorld for None, bSessionEnded=true, bCleanupResources=true
[2026.03.17-01.03.58:530][328]LogExit: Editor shut down
[2026.03.17-01.03.58:530][328]LogExit: Transaction tracking system shut down
[2026.03.17-01.03.58:787][328]LogExit: Object subsystem successfully closed.
[2026.03.17-01.03.58:803][328]LogShaderCompilers: Display: === FShaderJobCache stats ===
[2026.03.17-01.03.58:803][328]LogShaderCompilers: Display: Total job queries 0, among them cache hits 0 (0.00%)
[2026.03.17-01.03.58:803][328]LogShaderCompilers: Display: Tracking 0 distinct input hashes that result in 0 distinct outputs (0.00%)
[2026.03.17-01.03.58:803][328]LogShaderCompilers: Display: RAM used: 0.00 MB (0.00 GB) of 2457.60 MB (2.40 GB) budget. Usage: 0.00%
[2026.03.17-01.03.58:803][328]LogShaderCompilers: Display: ================================================
[2026.03.17-01.03.58:816][328]LogShaderCompilers: Display: Shaders left to compile 0
[2026.03.17-01.03.58:825][328]LogModuleManager: Shutting down and abandoning module SequencerWidgets (888)
[2026.03.17-01.03.58:825][328]LogModuleManager: Shutting down and abandoning module MovieSceneCapture (886)
[2026.03.17-01.03.58:825][328]LogModuleManager: Shutting down and abandoning module Voice (884)
[2026.03.17-01.03.58:840][328]LogModuleManager: Shutting down and abandoning module BlueprintGraph (882)
[2026.03.17-01.03.58:840][328]LogModuleManager: Shutting down and abandoning module HierarchicalLODOutliner (880)
[2026.03.17-01.03.58:840][328]LogModuleManager: Shutting down and abandoning module SceneOutliner (878)
[2026.03.17-01.03.58:840][328]LogModuleManager: Shutting down and abandoning module AddContentDialog (876)
[2026.03.17-01.03.58:840][328]LogModuleManager: Shutting down and abandoning module WidgetCarousel (875)
[2026.03.17-01.03.58:840][328]LogModuleManager: Shutting down and abandoning module StatsViewer (872)
[2026.03.17-01.03.58:840][328]LogModuleManager: Shutting down and abandoning module PIEPreviewDeviceProfileSelector (870)
[2026.03.17-01.03.58:841][328]LogModuleManager: Shutting down and abandoning module SequenceRecorderSections (868)
[2026.03.17-01.03.58:841][328]LogModuleManager: Shutting down and abandoning module AutomationWorker (866)
[2026.03.17-01.03.58:841][328]LogModuleManager: Shutting down and abandoning module SteamVREditor (864)
[2026.03.17-01.03.58:841][328]LogModuleManager: Shutting down and abandoning module OculusMR (862)
[2026.03.17-01.03.58:841][328]LogModuleManager: Shutting down and abandoning module CameraShakePreviewer (860)
[2026.03.17-01.03.58:841][328]LogModuleManager: Shutting down and abandoning module TakeRecorderSources (858)
[2026.03.17-01.03.58:841][328]LogModuleManager: Shutting down and abandoning module TakeRecorder (857)
[2026.03.17-01.03.58:841][328]LogModuleManager: Shutting down and abandoning module TakeTrackRecorders (854)
[2026.03.17-01.03.58:841][328]LogModuleManager: Shutting down and abandoning module TakesCore (852)
[2026.03.17-01.03.58:841][328]LogModuleManager: Shutting down and abandoning module OpenXRInput (850)
[2026.03.17-01.03.58:841][328]LogModuleManager: Shutting down and abandoning module GooglePADEditor (848)
[2026.03.17-01.03.58:841][328]LogModuleManager: Shutting down and abandoning module AudioCaptureEditor (846)
[2026.03.17-01.03.58:841][328]LogModuleManager: Shutting down and abandoning module TemplateSequenceEditor (844)
[2026.03.17-01.03.58:841][328]LogModuleManager: Shutting down and abandoning module MatineeToLevelSequence (842)
[2026.03.17-01.03.58:841][328]LogModuleManager: Shutting down and abandoning module LevelSequenceEditor (840)
[2026.03.17-01.03.58:841][328]LogModuleManager: Shutting down and abandoning module ActorSequenceEditor (838)
[2026.03.17-01.03.58:841][328]LogModuleManager: Shutting down and abandoning module WmfMediaFactory (836)
[2026.03.17-01.03.58:841][328]LogModuleManager: Shutting down and abandoning module WmfMediaEditor (834)
[2026.03.17-01.03.58:841][328]LogModuleManager: Shutting down and abandoning module WebMMediaFactory (832)
[2026.03.17-01.03.58:841][328]LogModuleManager: Shutting down and abandoning module WebMMediaEditor (830)
[2026.03.17-01.03.58:841][328]LogModuleManager: Shutting down and abandoning module WebMMedia (828)
[2026.03.17-01.03.58:841][328]LogModuleManager: Shutting down and abandoning module MediaPlayerEditor (826)
[2026.03.17-01.03.58:841][328]LogModuleManager: Shutting down and abandoning module MediaCompositingEditor (824)
[2026.03.17-01.03.58:841][328]LogModuleManager: Shutting down and abandoning module SequenceRecorder (823)
[2026.03.17-01.03.58:841][328]LogModuleManager: Shutting down and abandoning module OpenExrWrapper (820)
[2026.03.17-01.03.58:841][328]LogModuleManager: Shutting down and abandoning module ImgMediaFactory (818)
[2026.03.17-01.03.58:841][328]LogModuleManager: Shutting down and abandoning module ImgMediaEditor (816)
[2026.03.17-01.03.58:841][328]LogModuleManager: Shutting down and abandoning module AvfMediaFactory (814)
[2026.03.17-01.03.58:841][328]LogModuleManager: Shutting down and abandoning module AvfMediaEditor (812)
[2026.03.17-01.03.58:841][328]LogModuleManager: Shutting down and abandoning module AndroidMediaFactory (810)
[2026.03.17-01.03.58:841][328]LogModuleManager: Shutting down and abandoning module AndroidMediaEditor (808)
[2026.03.17-01.03.58:841][328]LogModuleManager: Shutting down and abandoning module MagicLeapMediaCodecFactory (806)
[2026.03.17-01.03.58:841][328]LogModuleManager: Shutting down and abandoning module MagicLeapMediaFactory (804)
[2026.03.17-01.03.58:841][328]LogModuleManager: Shutting down and abandoning module MagicLeapMediaEditor (802)
[2026.03.17-01.03.58:841][328]LogModuleManager: Shutting down and abandoning module PlanarCut (800)
[2026.03.17-01.03.58:841][328]LogModuleManager: Shutting down and abandoning module TextureAlignMode (798)
[2026.03.17-01.03.58:841][328]LogModuleManager: Shutting down and abandoning module BspMode (796)
[2026.03.17-01.03.58:841][328]LogModuleManager: Shutting down and abandoning module GeometryMode (794)
[2026.03.17-01.03.58:841][328]LogModuleManager: Shutting down and abandoning module CharacterAI (792)
[2026.03.17-01.03.58:841][328]LogModuleManager: Shutting down and abandoning module SmartSnapping (790)
[2026.03.17-01.03.58:841][328]LogModuleManager: Shutting down and abandoning module SessionServices (788)
[2026.03.17-01.03.58:841][328]LogModuleManager: Shutting down and abandoning module MeshPaint (786)
[2026.03.17-01.03.58:841][328]LogModuleManager: Shutting down and abandoning module EditorWidgets (784)
[2026.03.17-01.03.58:841][328]LogModuleManager: Shutting down and abandoning module VirtualTexturingEditor (782)
[2026.03.17-01.03.58:841][328]LogModuleManager: Shutting down and abandoning module FoliageEdit (780)
[2026.03.17-01.03.58:841][328]LogModuleManager: Shutting down and abandoning module LandscapeEditor (778)
[2026.03.17-01.03.58:841][328]LogModuleManager: Shutting down and abandoning module MeshPaintMode (776)
[2026.03.17-01.03.58:841][328]LogModuleManager: Shutting down and abandoning module SceneDepthPickerMode (774)
[2026.03.17-01.03.58:841][328]LogModuleManager: Shutting down and abandoning module ActorPickerMode (772)
[2026.03.17-01.03.58:841][328]LogModuleManager: Shutting down and abandoning module PlacementMode (770)
[2026.03.17-01.03.58:841][328]LogModuleManager: Shutting down and abandoning module ViewportSnapping (768)
[2026.03.17-01.03.58:841][328]LogModuleManager: Shutting down and abandoning module ViewportInteraction (766)
[2026.03.17-01.03.58:841][328]LogModuleManager: Shutting down and abandoning module ClothPainter (764)
[2026.03.17-01.03.58:841][328]LogModuleManager: Shutting down and abandoning module SkeletalMeshEditor (763)
[2026.03.17-01.03.58:841][328]LogModuleManager: Shutting down and abandoning module LogVisualizer (760)
[2026.03.17-01.03.58:841][328]LogModuleManager: Shutting down and abandoning module IntroTutorials (758)
[2026.03.17-01.03.58:841][328]LogModuleManager: Shutting down and abandoning module GameProjectGeneration (757)
[2026.03.17-01.03.58:841][328]LogModuleManager: Shutting down and abandoning module LuminPlatformEditor (754)
[2026.03.17-01.03.58:841][328]LogModuleManager: Shutting down and abandoning module IOSPlatformEditor (752)
[2026.03.17-01.03.58:841][328]LogModuleManager: Shutting down and abandoning module AndroidPlatformEditor (750)
[2026.03.17-01.03.58:841][328]LogModuleManager: Shutting down and abandoning module AndroidDeviceDetection (749)
[2026.03.17-01.04.00:572][328]LogModuleManager: Shutting down and abandoning module WindowsPlatformEditor (746)
[2026.03.17-01.04.00:572][328]LogModuleManager: Shutting down and abandoning module LuminRuntimeSettings (744)
[2026.03.17-01.04.00:572][328]LogModuleManager: Shutting down and abandoning module IOSRuntimeSettings (742)
[2026.03.17-01.04.00:572][328]LogModuleManager: Shutting down and abandoning module AndroidRuntimeSettings (740)
[2026.03.17-01.04.00:572][328]LogModuleManager: Shutting down and abandoning module TraceInsights (738)
[2026.03.17-01.04.00:572][328]MemoryProfiler: Shutdown
[2026.03.17-01.04.00:572][328]NetworkingProfiler: Shutdown
[2026.03.17-01.04.00:572][328]LoadingProfiler: Shutdown
[2026.03.17-01.04.00:572][328]TimingProfiler: Shutdown
[2026.03.17-01.04.00:573][328]LogModuleManager: Shutting down and abandoning module TraceServices (737)
[2026.03.17-01.04.00:573][328]LogModuleManager: Shutting down and abandoning module EditorInteractiveToolsFramework (734)
[2026.03.17-01.04.00:573][328]LogModuleManager: Shutting down and abandoning module TimeManagementEditor (732)
[2026.03.17-01.04.00:573][328]LogModuleManager: Shutting down and abandoning module InputBindingEditor (730)
[2026.03.17-01.04.00:573][328]LogModuleManager: Shutting down and abandoning module MergeActors (728)
[2026.03.17-01.04.00:573][328]LogModuleManager: Shutting down and abandoning module LocalizationDashboard (726)
[2026.03.17-01.04.00:573][328]LogModuleManager: Shutting down and abandoning module LocalizationService (725)
[2026.03.17-01.04.00:573][328]LogModuleManager: Shutting down and abandoning module HardwareTargeting (722)
[2026.03.17-01.04.00:573][328]LogModuleManager: Shutting down and abandoning module DeviceProfileEditor (720)
[2026.03.17-01.04.00:573][328]LogModuleManager: Shutting down and abandoning module UndoHistory (718)
[2026.03.17-01.04.00:573][328]LogModuleManager: Shutting down and abandoning module XmlParser (716)
[2026.03.17-01.04.00:573][328]LogModuleManager: Shutting down and abandoning module Blutility (714)
[2026.03.17-01.04.00:573][328]LogModuleManager: Shutting down and abandoning module ProjectSettingsViewer (712)
[2026.03.17-01.04.00:573][328]LogModuleManager: Shutting down and abandoning module ProjectTargetPlatformEditor (711)
[2026.03.17-01.04.00:573][328]LogModuleManager: Shutting down and abandoning module EditorSettingsViewer (708)
[2026.03.17-01.04.00:573][328]LogModuleManager: Shutting down and abandoning module InternationalizationSettings (707)
[2026.03.17-01.04.00:573][328]LogModuleManager: Shutting down and abandoning module SettingsEditor (704)
[2026.03.17-01.04.00:573][328]LogModuleManager: Shutting down and abandoning module ProjectLauncher (702)
[2026.03.17-01.04.00:573][328]LogModuleManager: Shutting down and abandoning module SessionFrontend (700)
[2026.03.17-01.04.00:573][328]LogModuleManager: Shutting down and abandoning module ProfilerClient (698)
[2026.03.17-01.04.00:573][328]LogModuleManager: Shutting down and abandoning module DeviceManager (696)
[2026.03.17-01.04.00:573][328]LogModuleManager: Shutting down and abandoning module TargetDeviceServices (695)
[2026.03.17-01.04.00:607][328]LogModuleManager: Shutting down and abandoning module AutomationController (692)
[2026.03.17-01.04.00:607][328]LogModuleManager: Shutting down and abandoning module AutomationWindow (690)
[2026.03.17-01.04.00:607][328]LogModuleManager: Shutting down and abandoning module Layers (688)
[2026.03.17-01.04.00:607][328]LogModuleManager: Shutting down and abandoning module ComponentVisualizers (686)
[2026.03.17-01.04.00:607][328]LogModuleManager: Shutting down and abandoning module DetailCustomizations (684)
[2026.03.17-01.04.00:607][328]LogModuleManager: Shutting down and abandoning module PackagesDialog (682)
[2026.03.17-01.04.00:607][328]LogModuleManager: Shutting down and abandoning module AnimationBlueprintEditor (680)
[2026.03.17-01.04.00:607][328]LogModuleManager: Shutting down and abandoning module Persona (678)
[2026.03.17-01.04.00:607][328]LogModuleManager: Shutting down and abandoning module AdvancedPreviewScene (677)
[2026.03.17-01.04.00:607][328]LogModuleManager: Shutting down and abandoning module AnimGraph (675)
[2026.03.17-01.04.00:607][328]LogModuleManager: Shutting down and abandoning module Kismet (672)
[2026.03.17-01.04.00:619][328]LogModuleManager: Shutting down and abandoning module KismetWidgets (671)
[2026.03.17-01.04.00:619][328]LogModuleManager: Shutting down and abandoning module GraphEditor (668)
[2026.03.17-01.04.00:619][328]LogModuleManager: Shutting down and abandoning module StructViewer (666)
[2026.03.17-01.04.00:619][328]LogModuleManager: Shutting down and abandoning module ClassViewer (664)
[2026.03.17-01.04.00:621][328]LogModuleManager: Shutting down and abandoning module Toolbox (662)
[2026.03.17-01.04.00:621][328]LogModuleManager: Shutting down and abandoning module ModuleUI (660)
[2026.03.17-01.04.00:621][328]LogModuleManager: Shutting down and abandoning module OutputLog (658)
[2026.03.17-01.04.00:622][328]LogModuleManager: Shutting down and abandoning module GammaUI (656)
[2026.03.17-01.04.00:622][328]LogModuleManager: Shutting down and abandoning module Documentation (654)
[2026.03.17-01.04.00:622][328]LogModuleManager: Shutting down and abandoning module LiveCoding (652)
[2026.03.17-01.04.00:622][328]LogModuleManager: Shutting down and abandoning module LevelSequence (650)
[2026.03.17-01.04.00:622][328]LogModuleManager: Shutting down and abandoning module MovieSceneTracks (648)
[2026.03.17-01.04.00:622][328]LogModuleManager: Shutting down and abandoning module MovieScene (646)
[2026.03.17-01.04.00:622][328]LogModuleManager: Shutting down and abandoning module StreamingPauseRendering (644)
[2026.03.17-01.04.00:622][328]LogModuleManager: Shutting down and abandoning module LauncherPlatform (642)
[2026.03.17-01.04.00:622][328]LogModuleManager: Shutting down and abandoning module AnalyticsET (640)
[2026.03.17-01.04.00:622][328]LogModuleManager: Shutting down and abandoning module PortalServices (638)
[2026.03.17-01.04.00:622][328]LogModuleManager: Shutting down and abandoning module PortalRpc (636)
[2026.03.17-01.04.00:622][328]LogModuleManager: Shutting down and abandoning module MessagingRpc (634)
[2026.03.17-01.04.00:622][328]LogModuleManager: Shutting down and abandoning module AudioMixerXAudio2 (632)
[2026.03.17-01.04.00:622][328]LogModuleManager: Shutting down and abandoning module AudioMixerCore (631)
[2026.03.17-01.04.00:622][328]LogModuleManager: Shutting down and abandoning module AIModule (628)
[2026.03.17-01.04.00:622][328]LogModuleManager: Shutting down and abandoning module GameplayDebugger (627)
[2026.03.17-01.04.00:622][328]LogModuleManager: Shutting down and abandoning module AITestSuite (625)
[2026.03.17-01.04.00:622][328]LogModuleManager: Shutting down and abandoning module NavigationSystem (623)
[2026.03.17-01.04.00:622][328]LogModuleManager: Shutting down and abandoning module ImageWriteQueue (620)
[2026.03.17-01.04.00:627][328]LogModuleManager: Shutting down and abandoning module ProfilerService (618)
[2026.03.17-01.04.00:667][328]LogModuleManager: Shutting down and abandoning module TaskGraph (616)
[2026.03.17-01.04.00:667][328]LogModuleManager: Shutting down and abandoning module AudioSynesthesiaEditor (614)
[2026.03.17-01.04.00:667][328]LogModuleManager: Shutting down and abandoning module OculusEditor (612)
[2026.03.17-01.04.00:667][328]LogModuleManager: Shutting down and abandoning module OculusInput (610)
[2026.03.17-01.04.00:667][328]LogModuleManager: Shutting down and abandoning module ContentBrowserFileDataSource (608)
[2026.03.17-01.04.00:667][328]LogModuleManager: Shutting down and abandoning module ContentBrowserClassDataSource (606)
[2026.03.17-01.04.00:667][328]LogModuleManager: Shutting down and abandoning module ContentBrowserAssetDataSource (604)
[2026.03.17-01.04.00:667][328]LogModuleManager: Shutting down and abandoning module CollectionManager (603)
[2026.03.17-01.04.00:668][328]LogModuleManager: Shutting down and abandoning module VariantManagerContentEditor (600)
[2026.03.17-01.04.00:668][328]LogModuleManager: Shutting down and abandoning module DatasmithContentEditor (598)
[2026.03.17-01.04.00:668][328]LogModuleManager: Shutting down and abandoning module SynthesisEditor (596)
[2026.03.17-01.04.00:668][328]LogModuleManager: Shutting down and abandoning module Synthesis (594)
[2026.03.17-01.04.00:668][328]LogModuleManager: Shutting down and abandoning module ScreenshotTools (592)
[2026.03.17-01.04.00:668][328]LogModuleManager: Shutting down and abandoning module ProceduralMeshComponentEditor (590)
[2026.03.17-01.04.00:668][328]LogModuleManager: Shutting down and abandoning module ProceduralMeshComponent (588)
[2026.03.17-01.04.00:668][328]LogModuleManager: Shutting down and abandoning module TakeSequencer (586)
[2026.03.17-01.04.00:668][328]LogModuleManager: Shutting down and abandoning module TakeMovieScene (584)
[2026.03.17-01.04.00:668][328]LogModuleManager: Shutting down and abandoning module OpenXREditor (582)
[2026.03.17-01.04.00:668][328]LogModuleManager: Shutting down and abandoning module MobilePatchingUtils (580)
[2026.03.17-01.04.00:668][328]LogModuleManager: Shutting down and abandoning module GooglePAD (578)
[2026.03.17-01.04.00:668][328]LogModuleManager: Shutting down and abandoning module EditableMesh (576)
[2026.03.17-01.04.00:668][328]LogModuleManager: Shutting down and abandoning module CustomMeshComponent (574)
[2026.03.17-01.04.00:668][328]LogModuleManager: Shutting down and abandoning module CableComponent (572)
[2026.03.17-01.04.00:668][328]LogModuleManager: Shutting down and abandoning module ArchVisCharacter (570)
[2026.03.17-01.04.00:668][328]LogModuleManager: Shutting down and abandoning module AudioCapture (568)
[2026.03.17-01.04.00:668][328]LogModuleManager: Shutting down and abandoning module AudioCaptureRtAudio (567)
[2026.03.17-01.04.00:668][328]LogModuleManager: Shutting down and abandoning module AssetTags (564)
[2026.03.17-01.04.00:668][328]LogModuleManager: Shutting down and abandoning module AppleImageUtilsBlueprintSupport (562)
[2026.03.17-01.04.00:668][328]LogModuleManager: Shutting down and abandoning module AppleImageUtils (560)
[2026.03.17-01.04.00:668][328]LogModuleManager: Shutting down and abandoning module AndroidPermission (558)
[2026.03.17-01.04.00:668][328]LogModuleManager: Shutting down and abandoning module ActorLayerUtilitiesEditor (556)
[2026.03.17-01.04.00:668][328]LogModuleManager: Shutting down and abandoning module ActorLayerUtilities (554)
[2026.03.17-01.04.00:668][328]LogModuleManager: Shutting down and abandoning module TemplateSequence (552)
[2026.03.17-01.04.00:668][328]LogModuleManager: Shutting down and abandoning module MediaCompositing (550)
[2026.03.17-01.04.00:668][328]LogModuleManager: Shutting down and abandoning module ImgMedia (548)
[2026.03.17-01.04.00:668][328]LogModuleManager: Shutting down and abandoning module MagicLeapSharedWorld (546)
[2026.03.17-01.04.00:668][328]LogModuleManager: Shutting down and abandoning module MagicLeapLightEstimation (544)
[2026.03.17-01.04.00:668][328]LogModuleManager: Shutting down and abandoning module MagicLeapHelperVulkan (542)
[2026.03.17-01.04.00:668][328]LogModuleManager: Shutting down and abandoning module MagicLeapHelperOpenGL (540)
[2026.03.17-01.04.00:668][328]LogModuleManager: Shutting down and abandoning module MagicLeapAudio (538)
[2026.03.17-01.04.00:668][328]LogModuleManager: Shutting down and abandoning module VisualStudioCodeSourceCodeAccess (536)
[2026.03.17-01.04.00:668][328]LogModuleManager: Shutting down and abandoning module NiagaraEditorWidgets (534)
[2026.03.17-01.04.00:668][328]LogModuleManager: Shutting down and abandoning module VisualStudioSourceCodeAccess (532)
[2026.03.17-01.04.00:668][328]LogModuleManager: Shutting down and abandoning module UObjectPlugin (530)
[2026.03.17-01.04.00:668][328]LogModuleManager: Shutting down and abandoning module SubversionSourceControl (528)
[2026.03.17-01.04.00:668][328]LogModuleManager: Shutting down and abandoning module RiderSourceCodeAccess (526)
[2026.03.17-01.04.00:668][328]LogModuleManager: Shutting down and abandoning module PluginUtils (524)
[2026.03.17-01.04.00:668][328]LogModuleManager: Shutting down and abandoning module PlasticSourceControl (522)
[2026.03.17-01.04.00:668][328]LogModuleManager: Shutting down and abandoning module PerforceSourceControl (520)
[2026.03.17-01.04.00:668][328]LogModuleManager: Shutting down and abandoning module GitSourceControl (518)
[2026.03.17-01.04.00:668][328]LogModuleManager: Shutting down and abandoning module SourceControl (517)
[2026.03.17-01.04.00:668][328]LogModuleManager: Shutting down and abandoning module OpenImageDenoise (514)
[2026.03.17-01.04.00:668][328]LogOpenImageDenoise: OIDN shutting down
[2026.03.17-01.04.00:668][328]LogModuleManager: Shutting down and abandoning module MotoSynthEditor (512)
[2026.03.17-01.04.00:668][328]LogModuleManager: Shutting down and abandoning module MotoSynth (510)
[2026.03.17-01.04.00:668][328]LogModuleManager: Shutting down and abandoning module MeshConversion (508)
[2026.03.17-01.04.00:668][328]LogModuleManager: Shutting down and abandoning module DynamicMesh (506)
[2026.03.17-01.04.00:668][328]LogModuleManager: Shutting down and abandoning module GeometryAlgorithms (504)
[2026.03.17-01.04.00:668][328]LogModuleManager: Shutting down and abandoning module GeometricObjects (502)
[2026.03.17-01.04.00:668][328]LogModuleManager: Shutting down and abandoning module CLionSourceCodeAccess (500)
[2026.03.17-01.04.00:668][328]LogModuleManager: Shutting down and abandoning module SpeedTreeImporter (498)
[2026.03.17-01.04.00:668][328]LogModuleManager: Shutting down and abandoning module AnimationSharingEd (496)
[2026.03.17-01.04.00:668][328]LogModuleManager: Shutting down and abandoning module GeometryCollectionTracks (494)
[2026.03.17-01.04.00:668][328]LogModuleManager: Shutting down and abandoning module GeometryCollectionSequencer (493)
[2026.03.17-01.04.00:668][328]LogModuleManager: Shutting down and abandoning module GeometryCollectionEditor (490)
[2026.03.17-01.04.00:668][328]LogModuleManager: Shutting down and abandoning module PluginBrowser (488)
[2026.03.17-01.04.00:668][328]LogModuleManager: Shutting down and abandoning module MobileLauncherProfileWizard (486)
[2026.03.17-01.04.00:668][328]LogModuleManager: Shutting down and abandoning module GeometryCacheTracks (484)
[2026.03.17-01.04.00:668][328]LogModuleManager: Shutting down and abandoning module GeometryCacheStreamer (482)
[2026.03.17-01.04.00:668][328]LogModuleManager: Shutting down and abandoning module GeometryCacheSequencer (480)
[2026.03.17-01.04.00:668][328]LogModuleManager: Shutting down and abandoning module MaterialAnalyzer (478)
[2026.03.17-01.04.00:668][328]LogModuleManager: Shutting down and abandoning module InputEditor (476)
[2026.03.17-01.04.00:668][328]LogModuleManager: Shutting down and abandoning module CurveEditorTools (474)
[2026.03.17-01.04.00:668][328]LogModuleManager: Shutting down and abandoning module CryptoKeysOpenSSL (472)
[2026.03.17-01.04.00:668][328]LogModuleManager: Shutting down and abandoning module CryptoKeys (470)
[2026.03.17-01.04.00:668][328]LogModuleManager: Shutting down and abandoning module ChaosNiagara (468)
[2026.03.17-01.04.00:668][328]LogModuleManager: Shutting down and abandoning module FractureEditor (466)
[2026.03.17-01.04.00:668][328]LogModuleManager: Shutting down and abandoning module ChaosSolverEditor (464)
[2026.03.17-01.04.00:668][328]LogModuleManager: Shutting down and abandoning module FieldSystemEngine (463)
[2026.03.17-01.04.00:668][328]LogModuleManager: Shutting down and abandoning module ChaosClothEditor (460)
[2026.03.17-01.04.00:668][328]LogModuleManager: Shutting down and abandoning module BackChannel (458)
[2026.03.17-01.04.00:668][328]LogModuleManager: Shutting down and abandoning module AutomationUtilsEditor (456)
[2026.03.17-01.04.00:670][328]LogModuleManager: Shutting down and abandoning module AutomationUtils (454)
[2026.03.17-01.04.00:670][328]LogModuleManager: Shutting down and abandoning module AlembicImporter (452)
[2026.03.17-01.04.00:670][328]LogModuleManager: Shutting down and abandoning module AlembicLibrary (451)
[2026.03.17-01.04.00:670][328]LogModuleManager: Shutting down and abandoning module GeometryCache (450)
[2026.03.17-01.04.00:670][328]LogModuleManager: Shutting down and abandoning module GeometryCacheEd (449)
[2026.03.17-01.04.00:670][328]LogModuleManager: Shutting down and abandoning module LightPropagationVolumeEditor (444)
[2026.03.17-01.04.00:670][328]LogModuleManager: Shutting down and abandoning module OodleNetworkHandlerComponent (442)
[2026.03.17-01.04.00:670][328]LogModuleManager: Shutting down and abandoning module LiveLinkSequencer (440)
[2026.03.17-01.04.00:670][328]LogModuleManager: Shutting down and abandoning module LiveLinkMovieScene (438)
[2026.03.17-01.04.00:670][328]LogModuleManager: Shutting down and abandoning module LiveLinkGraphNode (436)
[2026.03.17-01.04.00:670][328]LogModuleManager: Shutting down and abandoning module LiveLinkEditor (434)
[2026.03.17-01.04.00:670][328]LogModuleManager: Shutting down and abandoning module LiveLinkComponents (432)
[2026.03.17-01.04.00:670][328]LogModuleManager: Shutting down and abandoning module LiveLink (430)
[2026.03.17-01.04.01:535][328]LogModuleManager: Shutting down and abandoning module PaperTiledImporter (428)
[2026.03.17-01.04.01:535][328]LogModuleManager: Shutting down and abandoning module PaperSpriteSheetImporter (426)
[2026.03.17-01.04.01:535][328]LogModuleManager: Shutting down and abandoning module Paper2DEditor (424)
[2026.03.17-01.04.01:535][328]LogModuleManager: Shutting down and abandoning module MeshPaintingToolset (422)
[2026.03.17-01.04.01:535][328]LogModuleManager: Shutting down and abandoning module MeshPaintEditorMode (420)
[2026.03.17-01.04.01:535][328]LogModuleManager: Shutting down and abandoning module GameplayCameras (418)
[2026.03.17-01.04.01:535][328]LogModuleManager: Shutting down and abandoning module SignificanceManager (416)
[2026.03.17-01.04.01:535][328]LogModuleManager: Shutting down and abandoning module SoundFields (414)
[2026.03.17-01.04.01:535][328]LogModuleManager: Shutting down and abandoning module RuntimePhysXCooking (412)
[2026.03.17-01.04.01:535][328]LogModuleManager: Shutting down and abandoning module PropertyAccessEditor (410)
[2026.03.17-01.04.01:535][328]LogModuleManager: Shutting down and abandoning module PhysXVehiclesEditor (408)
[2026.03.17-01.04.01:535][328]LogModuleManager: Shutting down and abandoning module LocationServicesBPLibrary (404)
[2026.03.17-01.04.01:535][328]LogModuleManager: Shutting down and abandoning module AudioSynesthesia (402)
[2026.03.17-01.04.01:535][328]LogModuleManager: Shutting down and abandoning module AudioSynesthesiaCore (400)
[2026.03.17-01.04.01:535][328]LogModuleManager: Shutting down and abandoning module ActorSequence (398)
[2026.03.17-01.04.01:535][328]LogModuleManager: Shutting down and abandoning module UdpMessaging (396)
[2026.03.17-01.04.01:636][328]LogModuleManager: Shutting down and abandoning module TcpMessaging (394)
[2026.03.17-01.04.01:737][328]LogModuleManager: Shutting down and abandoning module ImgMediaEngine (392)
[2026.03.17-01.04.01:737][328]LogModuleManager: Shutting down and abandoning module MagicLeapARPin (390)
[2026.03.17-01.04.01:737][328]LogModuleManager: Shutting down and abandoning module PaperZDEditor (388)
[2026.03.17-01.04.01:737][328]LogModuleManager: Shutting down and abandoning module PaperZD (386)
[2026.03.17-01.04.01:737][328]LogModuleManager: Shutting down and abandoning module MagicLeapHandMeshing (384)
[2026.03.17-01.04.01:737][328]LogModuleManager: Shutting down and abandoning module MagicLeapSecureStorage (382)
[2026.03.17-01.04.01:737][328]LogModuleManager: Shutting down and abandoning module MagicLeapPrivileges (380)
[2026.03.17-01.04.01:737][328]LogModuleManager: Shutting down and abandoning module MagicLeapPlanes (378)
[2026.03.17-01.04.01:737][328]LogMagicLeapPlanes: Planes tracker already destroyed.
[2026.03.17-01.04.01:737][328]LogModuleManager: Shutting down and abandoning module MagicLeapImageTracker (376)
[2026.03.17-01.04.01:737][328]LogModuleManager: Shutting down and abandoning module MagicLeapIdentity (374)
[2026.03.17-01.04.01:737][328]LogModuleManager: Shutting down and abandoning module MagicLeapHandTracking (372)
[2026.03.17-01.04.01:737][328]LogModuleManager: Shutting down and abandoning module MagicLeapEyeTracker (370)
[2026.03.17-01.04.01:737][328]LogModuleManager: Shutting down and abandoning module MagicLeapController (368)
[2026.03.17-01.04.01:737][328]LogModuleManager: Shutting down and abandoning module MagicLeapARPinImpl (366)
[2026.03.17-01.04.01:737][328]LogModuleManager: Shutting down and abandoning module MagicLeapAR (364)
[2026.03.17-01.04.01:737][328]LogModuleManager: Shutting down and abandoning module NiagaraAnimNotifies (362)
[2026.03.17-01.04.01:737][328]LogModuleManager: Shutting down and abandoning module Niagara (360)
[2026.03.17-01.04.01:737][328]LogModuleManager: Shutting down and abandoning module SignalProcessing (359)
[2026.03.17-01.04.01:737][328]LogModuleManager: Shutting down and abandoning module NiagaraEditor (357)
[2026.03.17-01.04.01:737][328]LogModuleManager: Shutting down and abandoning module NiagaraCore (354)
[2026.03.17-01.04.01:737][328]LogModuleManager: Shutting down and abandoning module PropertyAccessNode (352)
[2026.03.17-01.04.01:737][328]LogModuleManager: Shutting down and abandoning module PythonScriptPlugin (350)
[2026.03.17-01.04.01:737][328]LogModuleManager: Shutting down and abandoning module AnimationSharing (348)
[2026.03.17-01.04.01:737][328]LogModuleManager: Shutting down and abandoning module GameplayTagsEditor (346)
[2026.03.17-01.04.01:737][328]LogModuleManager: Shutting down and abandoning module FacialAnimationEditor (344)
[2026.03.17-01.04.01:737][328]LogModuleManager: Shutting down and abandoning module FacialAnimation (342)
[2026.03.17-01.04.01:737][328]LogModuleManager: Shutting down and abandoning module InputBlueprintNodes (340)
[2026.03.17-01.04.01:737][328]LogModuleManager: Shutting down and abandoning module EnhancedInput (338)
[2026.03.17-01.04.01:737][328]LogModuleManager: Shutting down and abandoning module DataValidation (336)
[2026.03.17-01.04.01:737][328]LogModuleManager: Shutting down and abandoning module AssetManagerEditor (334)
[2026.03.17-01.04.01:737][328]LogModuleManager: Shutting down and abandoning module LevelEditor (333)
[2026.03.17-01.04.01:738][328]LogModuleManager: Shutting down and abandoning module PixelInspectorModule (332)
[2026.03.17-01.04.01:738][328]LogModuleManager: Shutting down and abandoning module CommonMenuExtensions (330)
[2026.03.17-01.04.01:738][328]LogModuleManager: Shutting down and abandoning module MainFrame (328)
[2026.03.17-01.04.01:738][328]LogModuleManager: Shutting down and abandoning module HotReload (327)
[2026.03.17-01.04.01:738][328]LogModuleManager: Shutting down and abandoning module ToolMenus (323)
[2026.03.17-01.04.01:738][328]LogModuleManager: Shutting down and abandoning module ContentBrowser (321)
[2026.03.17-01.04.01:738][328]LogModuleManager: Shutting down and abandoning module ContentBrowserData (320)
[2026.03.17-01.04.01:738][328]LogModuleManager: Shutting down and abandoning module TreeMap (317)
[2026.03.17-01.04.01:738][328]LogModuleManager: Shutting down and abandoning module LightPropagationVolumeRuntime (314)
[2026.03.17-01.04.01:738][328]LogModuleManager: Shutting down and abandoning module EnvironmentQueryEditor (312)
[2026.03.17-01.04.01:738][328]LogModuleManager: Shutting down and abandoning module Paper2D (310)
[2026.03.17-01.04.01:738][328]LogModuleManager: Shutting down and abandoning module WindowsMoviePlayer (308)
[2026.03.17-01.04.01:738][328]LogModuleManager: Shutting down and abandoning module WebMMoviePlayer (306)
[2026.03.17-01.04.01:738][328]LogModuleManager: Shutting down and abandoning module NetworkReplayStreaming (304)
[2026.03.17-01.04.01:738][328]LogModuleManager: Shutting down and abandoning module PacketHandler (302)
[2026.03.17-01.04.01:738][328]LogModuleManager: Shutting down and abandoning module ClothingSystemEditor (300)
[2026.03.17-01.04.01:738][328]LogModuleManager: Shutting down and abandoning module ClothingSystemRuntimeNv (298)
[2026.03.17-01.04.01:738][328]LogModuleManager: Shutting down and abandoning module MediaAssets (296)
[2026.03.17-01.04.01:738][328]LogModuleManager: Shutting down and abandoning module Overlay (294)
[2026.03.17-01.04.01:738][328]LogModuleManager: Shutting down and abandoning module OverlayEditor (293)
[2026.03.17-01.04.01:738][328]LogModuleManager: Shutting down and abandoning module VREditor (290)
[2026.03.17-01.04.01:738][328]LogModuleManager: Shutting down and abandoning module StringTableEditor (288)
[2026.03.17-01.04.01:738][328]LogModuleManager: Shutting down and abandoning module GameplayTasksEditor (286)
[2026.03.17-01.04.01:738][328]LogModuleManager: Shutting down and abandoning module BehaviorTreeEditor (284)
[2026.03.17-01.04.01:738][328]LogModuleManager: Shutting down and abandoning module FunctionalTesting (282)
[2026.03.17-01.04.01:738][328]LogModuleManager: Shutting down and abandoning module CollisionAnalyzer (280)
[2026.03.17-01.04.01:738][328]LogModuleManager: Shutting down and abandoning module WorkspaceMenuStructure (279)
[2026.03.17-01.04.01:740][328]LogModuleManager: Shutting down and abandoning module UMG (276)
[2026.03.17-01.04.01:740][328]LogModuleManager: Shutting down and abandoning module UMGEditor (275)
[2026.03.17-01.04.01:740][328]LogModuleManager: Shutting down and abandoning module MessageLog (273)
[2026.03.17-01.04.01:740][328]LogModuleManager: Shutting down and abandoning module SlateReflector (268)
[2026.03.17-01.04.01:740][328]LogModuleManager: Shutting down and abandoning module Slate (266)
[2026.03.17-01.04.01:740][328]LogModuleManager: Shutting down and abandoning module SlateCore (264)
[2026.03.17-01.04.01:740][328]LogModuleManager: Shutting down and abandoning module LandscapeEditorUtilities (262)
[2026.03.17-01.04.01:740][328]LogModuleManager: Shutting down and abandoning module UnrealEd (260)
[2026.03.17-01.04.01:740][328]LogModuleManager: Shutting down and abandoning module MRMesh (258)
[2026.03.17-01.04.01:740][328]LogModuleManager: Shutting down and abandoning module SourceCodeAccess (256)
[2026.03.17-01.04.01:740][328]LogModuleManager: Shutting down and abandoning module HeadMountedDisplay (254)
[2026.03.17-01.04.01:740][328]LogModuleManager: Shutting down and abandoning module XAudio2 (252)
[2026.03.17-01.04.01:740][328]LogModuleManager: Shutting down and abandoning module Networking (250)
[2026.03.17-01.04.01:740][328]LogModuleManager: Shutting down and abandoning module Core (248)
[2026.03.17-01.04.01:740][328]LogModuleManager: Shutting down and abandoning module MaterialEditor (246)
[2026.03.17-01.04.01:740][328]LogModuleManager: Shutting down and abandoning module MovieSceneTools (244)
[2026.03.17-01.04.01:740][328]LogModuleManager: Shutting down and abandoning module CurveEditor (243)
[2026.03.17-01.04.01:740][328]LogModuleManager: Shutting down and abandoning module Sequencer (241)
[2026.03.17-01.04.01:740][328]LogModuleManager: Shutting down and abandoning module EditorStyle (240)
[2026.03.17-01.04.01:741][328]LogModuleManager: Shutting down and abandoning module KismetCompiler (236)
[2026.03.17-01.04.01:741][328]LogModuleManager: Shutting down and abandoning module MeshBuilder (234)
[2026.03.17-01.04.01:741][328]LogModuleManager: Shutting down and abandoning module MeshUtilities (232)
[2026.03.17-01.04.01:741][328]LogModuleManager: Shutting down and abandoning module MeshMergeUtilities (231)
[2026.03.17-01.04.01:741][328]LogModuleManager: Shutting down and abandoning module MeshReductionInterface (230)
[2026.03.17-01.04.01:741][328]LogModuleManager: Shutting down and abandoning module MeshBoneReduction (229)
[2026.03.17-01.04.01:741][328]LogModuleManager: Shutting down and abandoning module SkeletalMeshReduction (227)
[2026.03.17-01.04.01:741][328]LogModuleManager: Shutting down and abandoning module ProxyLODMeshReduction (225)
[2026.03.17-01.04.01:741][328]LogModuleManager: Shutting down and abandoning module QuadricMeshReduction (223)
[2026.03.17-01.04.01:741][328]LogModuleManager: Shutting down and abandoning module MaterialBaking (219)
[2026.03.17-01.04.01:741][328]LogModuleManager: Shutting down and abandoning module NullInstallBundleManager (214)
[2026.03.17-01.04.01:741][328]LogModuleManager: Shutting down and abandoning module DerivedDataCache (212)
[2026.03.17-01.04.01:741][328]LogModuleManager: Shutting down and abandoning module TargetPlatform (210)
[2026.03.17-01.04.01:742][328]LogModuleManager: Shutting down and abandoning module VulkanShaderFormat (209)
[2026.03.17-01.04.01:742][328]LogModuleManager: Shutting down and abandoning module ShaderFormatVectorVM (207)
[2026.03.17-01.04.01:742][328]LogModuleManager: Shutting down and abandoning module ShaderFormatOpenGL (205)
[2026.03.17-01.04.01:742][328]LogModuleManager: Shutting down and abandoning module ShaderFormatD3D (203)
[2026.03.17-01.04.01:742][328]LogModuleManager: Shutting down and abandoning module MetalShaderFormat (201)
[2026.03.17-01.04.01:742][328]LogModuleManager: Shutting down and abandoning module TextureFormatOodle (199)
[2026.03.17-01.04.01:742][328]LogModuleManager: Shutting down and abandoning module TextureFormatUncompressed (197)
[2026.03.17-01.04.01:742][328]LogModuleManager: Shutting down and abandoning module TextureFormatPVR (195)
[2026.03.17-01.04.01:742][328]LogModuleManager: Shutting down and abandoning module TextureFormatETC2 (193)
[2026.03.17-01.04.01:742][328]LogModuleManager: Shutting down and abandoning module TextureFormatDXT (191)
[2026.03.17-01.04.01:742][328]LogModuleManager: Shutting down and abandoning module TextureFormatIntelISPCTexComp (189)
[2026.03.17-01.04.01:742][328]LogModuleManager: Shutting down and abandoning module TextureFormatASTC (187)
[2026.03.17-01.04.01:742][328]LogModuleManager: Shutting down and abandoning module ImageWrapper (186)
[2026.03.17-01.04.01:742][328]LogModuleManager: Shutting down and abandoning module AudioFormatOpus (183)
[2026.03.17-01.04.01:742][328]LogModuleManager: Shutting down and abandoning module AudioFormatOgg (181)
[2026.03.17-01.04.01:742][328]LogModuleManager: Shutting down and abandoning module AudioFormatADPCM (179)
[2026.03.17-01.04.01:742][328]LogModuleManager: Shutting down and abandoning module WindowsServerTargetPlatform (177)
[2026.03.17-01.04.01:742][328]LogModuleManager: Shutting down and abandoning module WindowsClientTargetPlatform (175)
[2026.03.17-01.04.01:742][328]LogModuleManager: Shutting down and abandoning module WindowsTargetPlatform (173)
[2026.03.17-01.04.01:742][328]LogModuleManager: Shutting down and abandoning module WindowsNoEditorTargetPlatform (171)
[2026.03.17-01.04.01:742][328]LogModuleManager: Shutting down and abandoning module TVOSTargetPlatform (169)
[2026.03.17-01.04.01:742][328]LogModuleManager: Shutting down and abandoning module MacServerTargetPlatform (167)
[2026.03.17-01.04.01:742][328]LogModuleManager: Shutting down and abandoning module MacClientTargetPlatform (165)
[2026.03.17-01.04.01:742][328]LogModuleManager: Shutting down and abandoning module MacTargetPlatform (163)
[2026.03.17-01.04.01:742][328]LogModuleManager: Shutting down and abandoning module MacNoEditorTargetPlatform (161)
[2026.03.17-01.04.01:742][328]LogModuleManager: Shutting down and abandoning module LuminTargetPlatform (159)
[2026.03.17-01.04.01:743][328]LogModuleManager: Shutting down and abandoning module LinuxAArch64ServerTargetPlatform (157)
[2026.03.17-01.04.01:743][328]LogModuleManager: Shutting down and abandoning module LinuxAArch64ClientTargetPlatform (155)
[2026.03.17-01.04.01:743][328]LogModuleManager: Shutting down and abandoning module LinuxAArch64NoEditorTargetPlatform (153)
[2026.03.17-01.04.01:743][328]LogModuleManager: Shutting down and abandoning module LinuxServerTargetPlatform (151)
[2026.03.17-01.04.01:743][328]LogModuleManager: Shutting down and abandoning module LinuxClientTargetPlatform (149)
[2026.03.17-01.04.01:743][328]LogModuleManager: Shutting down and abandoning module LinuxNoEditorTargetPlatform (147)
[2026.03.17-01.04.01:743][328]LogModuleManager: Shutting down and abandoning module LinuxTargetPlatform (145)
[2026.03.17-01.04.01:743][328]LogModuleManager: Shutting down and abandoning module Messaging (143)
[2026.03.17-01.04.01:743][328]LogModuleManager: Shutting down and abandoning module IOSTargetPlatform (141)
[2026.03.17-01.04.01:743][328]LogModuleManager: Shutting down and abandoning module AndroidTargetPlatform (139)
[2026.03.17-01.04.01:746][328]LogModuleManager: Shutting down and abandoning module AllDesktopTargetPlatform (137)
[2026.03.17-01.04.01:746][328]LogModuleManager: Shutting down and abandoning module D3D11RHI (134)
[2026.03.17-01.04.01:746][328]LogModuleManager: Shutting down and abandoning module InputCore (132)
[2026.03.17-01.04.01:746][328]LogModuleManager: Shutting down and abandoning module Settings (130)
[2026.03.17-01.04.01:746][328]LogModuleManager: Shutting down and abandoning module DirectoryWatcher (128)
[2026.03.17-01.04.01:746][328]LogModuleManager: Shutting down and abandoning module PhysXCooking (126)
[2026.03.17-01.04.01:746][328]LogModuleManager: Shutting down and abandoning module Chaos (124)
[2026.03.17-01.04.01:746][328]LogModuleManager: Shutting down and abandoning module WindowsPlatformFeatures (122)
[2026.03.17-01.04.01:746][328]LogModuleManager: Shutting down and abandoning module GameplayMediaEncoder (121)
[2026.03.17-01.04.01:746][328]LogModuleManager: Shutting down and abandoning module AVEncoder (120)
[2026.03.17-01.04.01:746][328]LogModuleManager: Shutting down and abandoning module SteamVRInputDevice (116)
[2026.03.17-01.04.01:746][328]LogModuleManager: Shutting down and abandoning module SteamVRInput (114)
[2026.03.17-01.04.01:746][328]LogModuleManager: Shutting down and abandoning module SteamVR (112)
[2026.03.17-01.04.01:746][328]LogHMD: Freeing OpenVRDLLHandle.
[2026.03.17-01.04.01:746][328]LogModuleManager: Shutting down and abandoning module OculusHMD (110)
[2026.03.17-01.04.01:746][328]LogModuleManager: Shutting down and abandoning module VariantManagerContent (108)
[2026.03.17-01.04.01:746][328]LogModuleManager: Shutting down and abandoning module DatasmithContent (106)
[2026.03.17-01.04.01:746][328]LogModuleManager: Shutting down and abandoning module OpenXREyeTracker (104)
[2026.03.17-01.04.01:746][328]LogModuleManager: Shutting down and abandoning module OpenXRHandTracking (102)
[2026.03.17-01.04.01:746][328]LogSlate: Slate User Destroyed.  User Index 0, Is Virtual User: 0
[2026.03.17-01.04.01:747][328]LogModuleManager: Shutting down and abandoning module OpenXRAR (100)
[2026.03.17-01.04.01:747][328]LogModuleManager: Shutting down and abandoning module AugmentedReality (99)
[2026.03.17-01.04.01:747][328]LogModuleManager: Shutting down and abandoning module OpenXRHMD (96)
[2026.03.17-01.04.01:752][328]LogModuleManager: Shutting down and abandoning module ChunkDownloader (94)
[2026.03.17-01.04.01:752][328]LogModuleManager: Shutting down and abandoning module ExampleDeviceProfileSelector (92)
[2026.03.17-01.04.01:752][328]LogModuleManager: Shutting down and abandoning module OnlineBlueprintSupport (90)
[2026.03.17-01.04.01:752][328]LogModuleManager: Shutting down and abandoning module OnlineSubsystem (86)
[2026.03.17-01.04.01:752][328]LogModuleManager: Shutting down and abandoning module XMPP (81)
[2026.03.17-01.04.01:752][328]LogModuleManager: Shutting down and abandoning module WebSockets (80)
[2026.03.17-01.04.01:754][328]LogModuleManager: Shutting down and abandoning module HTTP (77)
[2026.03.17-01.04.01:754][328]LogHttp: Display: Http module shutting down, but needs to wait on 1 outstanding Http requests:
[2026.03.17-01.04.01:754][328]LogHttp: Display: 	verb=[POST] url=[https://datarouter.ol.epicgames.com/datarouter/api/v1/public/data?SessionID=%7B7A0F5AEB-4FA6-ACBD-0DD2-95BE2793DA33%7D&AppID=UEEditor.Rocket.Release&AppVersion=4.27.2-18319896%2B%2B%2BUE4%2BRelease-4.27&UserID=58773e0940f36812beb5c8adbfe12d8c%7C0e41ddf2d3d346d6bad71795b2138118%7C2ec3f825-629d-445e-abc6-c5e6bcdd8a7e&AppEnvironment=datacollector-binary&UploadType=eteventstream] refs=[1] status=Processing
[2026.03.17-01.04.01:754][328]LogHttp: Display: cleaning up 1 outstanding Http requests.
[2026.03.17-01.04.01:773][328]LogModuleManager: Shutting down and abandoning module SSL (76)
[2026.03.17-01.04.01:773][328]LogModuleManager: Shutting down and abandoning module LauncherChunkInstaller (72)
[2026.03.17-01.04.01:773][328]LogModuleManager: Shutting down and abandoning module WmfMedia (70)
[2026.03.17-01.04.01:775][328]LogModuleManager: Shutting down and abandoning module Media (69)
[2026.03.17-01.04.01:776][328]LogModuleManager: Shutting down and abandoning module MediaInfo (68)
[2026.03.17-01.04.01:776][328]LogModuleManager: Shutting down and abandoning module ExrReaderGpu (64)
[2026.03.17-01.04.01:776][328]LogModuleManager: Shutting down and abandoning module MLSDK (62)
[2026.03.17-01.04.01:776][328]LogModuleManager: Shutting down and abandoning module MagicLeap (60)
[2026.03.17-01.04.01:776][328]LogModuleManager: Shutting down and abandoning module NiagaraVertexFactories (58)
[2026.03.17-01.04.01:776][328]LogModuleManager: Shutting down and abandoning module NiagaraShader (56)
[2026.03.17-01.04.01:776][328]LogModuleManager: Shutting down and abandoning module PixWinPlugin (54)
[2026.03.17-01.04.01:776][328]LogModuleManager: Shutting down and abandoning module ChaosCloth (52)
[2026.03.17-01.04.01:776][328]LogModuleManager: Shutting down and abandoning module AISupportModule (50)
[2026.03.17-01.04.01:776][328]LogModuleManager: Shutting down and abandoning module DesktopPlatform (48)
[2026.03.17-01.04.01:776][328]LogModuleManager: Shutting down and abandoning module PythonScriptPluginPreload (46)
[2026.03.17-01.04.01:776][328]LogModuleManager: Shutting down and abandoning module PlatformCryptoOpenSSL (44)
[2026.03.17-01.04.01:776][328]LogModuleManager: Shutting down and abandoning module PlatformCryptoTypes (42)
[2026.03.17-01.04.01:776][328]LogModuleManager: Shutting down and abandoning module PlatformCrypto (40)
[2026.03.17-01.04.01:776][328]LogModuleManager: Shutting down and abandoning module OodleDataCompressionFormat (38)
[2026.03.17-01.04.01:776][328]LogModuleManager: Shutting down and abandoning module XGEController (36)
[2026.03.17-01.04.01:776][328]LogModuleManager: Shutting down and abandoning module AnimationModifiers (34)
[2026.03.17-01.04.01:776][328]LogModuleManager: Shutting down and abandoning module AudioEditor (32)
[2026.03.17-01.04.01:777][328]LogModuleManager: Shutting down and abandoning module PropertyEditor (31)
[2026.03.17-01.04.01:777][328]LogModuleManager: Shutting down and abandoning module TextureCompressor (28)
[2026.03.17-01.04.01:777][328]LogModuleManager: Shutting down and abandoning module RenderCore (26)
[2026.03.17-01.04.01:777][328]LogModuleManager: Shutting down and abandoning module Landscape (24)
[2026.03.17-01.04.01:777][328]LogModuleManager: Shutting down and abandoning module SlateRHIRenderer (22)
[2026.03.17-01.04.01:778][328]LogModuleManager: Shutting down and abandoning module AnimGraphRuntime (20)
[2026.03.17-01.04.01:778][328]LogModuleManager: Shutting down and abandoning module Renderer (18)
[2026.03.17-01.04.01:778][328]LogModuleManager: Shutting down and abandoning module Engine (16)
[2026.03.17-01.04.01:778][328]LogModuleManager: Shutting down and abandoning module CoreUObject (14)
[2026.03.17-01.04.01:778][328]LogModuleManager: Shutting down and abandoning module NetworkFile (12)
[2026.03.17-01.04.01:778][328]LogModuleManager: Shutting down and abandoning module CookedIterativeFile (10)
[2026.03.17-01.04.01:778][328]LogModuleManager: Shutting down and abandoning module StreamingFile (8)
[2026.03.17-01.04.01:778][328]LogModuleManager: Shutting down and abandoning module SandboxFile (6)
[2026.03.17-01.04.01:778][328]LogModuleManager: Shutting down and abandoning module PakFile (4)
[2026.03.17-01.04.01:778][328]LogModuleManager: Shutting down and abandoning module RSA (3)
[2026.03.17-01.04.01:778][328]LogContentStreaming: Display: There are 1 unreleased StreamingManagers
[2026.03.17-01.04.01:792][328]LogD3D11RHI: Shutdown
[2026.03.17-01.04.01:792][328]LogD3D11RHI: CleanupD3DDevice
[2026.03.17-01.04.01:793][328]LogExit: Exiting.
[2026.03.17-01.04.01:821][328]Log file closed, 03/16/26 20:04:01
