Log file open, 03/23/26 01:46:50
LogWindows: Failed to load 'aqProf.dll' (GetLastError=126)
LogWindows: File 'aqProf.dll' does not exist
LogWindows: Failed to load 'VtuneApi.dll' (GetLastError=126)
LogWindows: File 'VtuneApi.dll' does not exist
LogWindows: Failed to load 'VtuneApi32e.dll' (GetLastError=126)
LogWindows: File 'VtuneApi32e.dll' does not exist
LogConsoleResponse: Display: Failed to find resolution value strings in scalability ini. Falling back to default.
LogConsoleResponse: Display: Failed to find resolution value strings in scalability ini. Falling back to default.
LogInit: Display: Running engine for game: WeirdBox
LogPlatformFile: Not using cached read wrapper
LogTaskGraph: Started task graph with 5 named threads and 59 total threads with 3 sets of task threads.
LogStats: Stats thread started at 0.191291
LogICUInternationalization: ICU TimeZone Detection - Raw Offset: -8:00, Platform Override: ''
LogInit: Display: Loading text-based GConfig....
LogPluginManager: Mounting plugin MeshPainting
LogPluginManager: Mounting plugin XGEController
LogPluginManager: Mounting plugin AISupport
LogPluginManager: Mounting plugin Paper2D
LogPluginManager: Mounting plugin EnvironmentQueryEditor
LogPluginManager: Mounting plugin OodleData
LogPluginManager: Mounting plugin GameplayCameras
LogPluginManager: Mounting plugin OodleNetwork
LogPluginManager: Mounting plugin CameraShakePreviewer
LogPluginManager: Mounting plugin CryptoKeys
LogPluginManager: Mounting plugin CurveEditorTools
LogPluginManager: Mounting plugin FacialAnimation
LogPluginManager: Mounting plugin DataValidation
LogPluginManager: Mounting plugin LightPropagationVolume
LogPluginManager: Mounting plugin GameplayTagsEditor
LogPluginManager: Mounting plugin GeometryMode
LogPluginManager: Mounting plugin AssetManagerEditor
LogPluginManager: Mounting plugin MacGraphicsSwitching
LogPluginManager: Mounting plugin MobileLauncherProfileWizard
LogPluginManager: Mounting plugin PluginBrowser
LogPluginManager: Mounting plugin SpeedTreeImporter
LogPluginManager: Mounting plugin MaterialAnalyzer
LogPluginManager: Mounting plugin AlembicImporter
LogPluginManager: Mounting plugin BackChannel
LogPluginManager: Mounting plugin AutomationUtils
LogPluginManager: Mounting plugin ChaosCloth
LogPluginManager: Mounting plugin ChaosEditor
LogPluginManager: Mounting plugin ChaosClothEditor
LogPluginManager: Mounting plugin CharacterAI
LogPluginManager: Mounting plugin ChaosSolverPlugin
LogPluginManager: Mounting plugin ChaosNiagara
LogPluginManager: Mounting plugin EnhancedInput
LogPluginManager: Mounting plugin GeometryCollectionPlugin
LogPluginManager: Mounting plugin GeometryCache
LogPluginManager: Mounting plugin GeometryProcessing
LogPluginManager: Mounting plugin OpenImageDenoise
LogPluginManager: Mounting plugin PlanarCut
LogPluginManager: Mounting plugin PlatformCrypto
LogPluginManager: Mounting plugin MotoSynth
LogPluginManager: Mounting plugin Niagara
LogPluginManager: Mounting plugin ProxyLODPlugin
LogPluginManager: Mounting plugin SkeletalReduction
LogPluginManager: Mounting plugin PythonScriptPlugin
LogPluginManager: Mounting plugin DatasmithContent
LogPluginManager: Mounting plugin VariantManagerContent
LogPluginManager: Mounting plugin LuminPlatformFeatures
LogPluginManager: Mounting plugin MagicLeapMedia
LogPluginManager: Mounting plugin MagicLeap
LogPluginManager: Mounting plugin MagicLeapLightEstimation
LogPluginManager: Mounting plugin MagicLeapPassableWorld
LogPluginManager: Mounting plugin AndroidMedia
LogPluginManager: Mounting plugin AvfMedia
LogPluginManager: Mounting plugin MLSDK
LogPluginManager: Mounting plugin PaperZD
LogPluginManager: Mounting plugin ImgMedia
LogPluginManager: Mounting plugin MediaCompositing
LogPluginManager: Mounting plugin WebMMedia
LogPluginManager: Mounting plugin WmfMedia
LogPluginManager: Mounting plugin MediaPlayerEditor
LogPluginManager: Mounting plugin UdpMessaging
LogPluginManager: Mounting plugin ActorSequence
LogPluginManager: Mounting plugin LevelSequenceEditor
LogPluginManager: Mounting plugin MatineeToLevelSequence
LogPluginManager: Mounting plugin TcpMessaging
LogPluginManager: Mounting plugin TemplateSequence
LogPluginManager: Mounting plugin OnlineSubsystem
LogPluginManager: Mounting plugin OnlineSubsystemNull
LogPluginManager: Mounting plugin OnlineSubsystemUtils
LogPluginManager: Mounting plugin LauncherChunkInstaller
LogPluginManager: Mounting plugin ActorLayerUtilities
LogPluginManager: Mounting plugin AndroidPermission
LogPluginManager: Mounting plugin AndroidMoviePlayer
LogPluginManager: Mounting plugin AndroidDeviceProfileSelector
LogPluginManager: Mounting plugin ArchVisCharacter
LogPluginManager: Mounting plugin AssetTags
LogPluginManager: Mounting plugin AudioCapture
LogPluginManager: Mounting plugin AudioSynesthesia
LogPluginManager: Mounting plugin CableComponent
LogPluginManager: Mounting plugin CustomMeshComponent
LogPluginManager: Mounting plugin ChunkDownloader
LogPluginManager: Mounting plugin ExampleDeviceProfileSelector
LogPluginManager: Mounting plugin GoogleCloudMessaging
LogPluginManager: Mounting plugin EditableMesh
LogPluginManager: Mounting plugin AppleImageUtils
LogPluginManager: Mounting plugin IOSDeviceProfileSelector
LogPluginManager: Mounting plugin LinuxDeviceProfileSelector
LogPluginManager: Mounting plugin LocationServicesBPLibrary
LogPluginManager: Mounting plugin MobilePatchingUtils
LogPluginManager: Mounting plugin OpenXR
LogPluginManager: Mounting plugin OpenXREyeTracker
LogPluginManager: Mounting plugin OpenXRHandTracking
LogPluginManager: Mounting plugin PhysXVehicles
LogPluginManager: Mounting plugin ProceduralMeshComponent
LogPluginManager: Mounting plugin PropertyAccessEditor
LogPluginManager: Mounting plugin PostSplashScreen
LogPluginManager: Mounting plugin RuntimePhysXCooking
LogPluginManager: Mounting plugin SignificanceManager
LogPluginManager: Mounting plugin SoundFields
LogPluginManager: Mounting plugin Synthesis
LogPluginManager: Mounting plugin WebMMoviePlayer
LogPluginManager: Mounting plugin WindowsMoviePlayer
LogPluginManager: Mounting plugin ScreenshotTools
LogPluginManager: Mounting plugin GooglePAD
LogPluginManager: Mounting plugin Takes
LogPluginManager: Mounting plugin CLionSourceCodeAccess
LogPluginManager: Mounting plugin CodeLiteSourceCodeAccess
LogPluginManager: Mounting plugin AnimationSharing
LogPluginManager: Mounting plugin LiveLink
LogPluginManager: Mounting plugin KDevelopSourceCodeAccess
LogPluginManager: Mounting plugin NullSourceCodeAccess
LogPluginManager: Mounting plugin PerforceSourceControl
LogPluginManager: Mounting plugin PixWinPlugin
LogPluginManager: Mounting plugin PlasticSourceControl
LogPluginManager: Mounting plugin GitSourceControl
LogPluginManager: Mounting plugin PluginUtils
LogPluginManager: Mounting plugin RiderSourceCodeAccess
LogPluginManager: Mounting plugin TextureFormatOodle
LogPluginManager: Mounting plugin VisualStudioCodeSourceCodeAccess
LogPluginManager: Mounting plugin UObjectPlugin
LogPluginManager: Mounting plugin PropertyAccessNode
LogPluginManager: Mounting plugin VisualStudioSourceCodeAccess
LogPluginManager: Mounting plugin XCodeSourceCodeAccess
LogPluginManager: Mounting plugin SubversionSourceControl
LogPluginManager: Mounting plugin AppleMoviePlayer
LogPluginManager: Mounting plugin ContentBrowserClassDataSource
LogPluginManager: Mounting plugin ContentBrowserAssetDataSource
LogPluginManager: Mounting plugin ContentBrowserFileDataSource
LogPluginManager: Mounting plugin OnlineSubsystemGooglePlay
LogPluginManager: Mounting plugin OnlineSubsystemIOS
LogPluginManager: Mounting plugin OculusVR
LogPluginManager: Mounting plugin SteamVR
LogInit: Using libcurl 7.55.1-DEV
LogInit:  - built for x86_64-pc-win32
LogInit:  - supports SSL with OpenSSL/1.1.1
LogInit:  - supports HTTP deflate (compression) using libz 1.2.8
LogInit:  - other features:
LogInit:      CURL_VERSION_SSL
LogInit:      CURL_VERSION_LIBZ
LogInit:      CURL_VERSION_IPV6
LogInit:      CURL_VERSION_ASYNCHDNS
LogInit:      CURL_VERSION_LARGEFILE
LogInit:      CURL_VERSION_IDN
LogInit:  CurlRequestOptions (configurable via config and command line):
LogInit:  - bVerifyPeer = true  - Libcurl will verify peer certificate
LogInit:  - bUseHttpProxy = false  - Libcurl will NOT use HTTP proxy
LogInit:  - bDontReuseConnections = false  - Libcurl will reuse connections
LogInit:  - MaxHostConnections = 16  - Libcurl will limit the number of connections to a host
LogInit:  - LocalHostAddr = Default
LogInit:  - BufferSize = 65536
LogOnline: OSS: Creating online subsystem instance for: NULL
LogInit: WinSock: version 1.1 (2.2), MaxSocks=32767, MaxUdp=65467
LogOnline: OSS: TryLoadSubsystemAndSetDefault: Loaded subsystem for module [NULL]
PixWinPlugin: PIX capture plugin failed to initialize! Check that the process is launched from PIX.
LogOculusPluginWrapper: OculusPlugin initialized successfully
LogHMD: Failed initializing OVRPlugin 1.59.0
LogInit: Build: ++UE4+Release-4.27-CL-18319896
LogInit: Engine Version: 4.27.2-18319896+++UE4+Release-4.27
LogInit: Compatible Engine Version: 4.27.0-17155196+++UE4+Release-4.27
LogInit: Net CL: 17155196
LogInit: OS: Windows 10 (Release 2009) (), CPU: 12th Gen Intel(R) Core(TM) i7-12700K, GPU: Intel(R) UHD Graphics 770
LogInit: Compiled (64-bit): Nov 30 2021 07:12:08
LogInit: Compiled with Visual C++: 19.24.28315.00
LogInit: Build Configuration: Development
LogInit: Branch Name: ++UE4+Release-4.27
LogInit: Command Line: 
LogInit: Base Directory: D:/Program Files/Epic Games/UE_4.27/Engine/Binaries/Win64/
LogInit: Allocator: TBB
LogInit: Installed Engine Build: 1
LogDevObjectVersion: Number of dev versions registered: 29
LogDevObjectVersion:   Dev-Blueprints (B0D832E4-1F89-4F0D-ACCF-7EB736FD4AA2): 10
LogDevObjectVersion:   Dev-Build (E1C64328-A22C-4D53-A36C-8E866417BD8C): 0
LogDevObjectVersion:   Dev-Core (375EC13C-06E4-48FB-B500-84F0262A717E): 4
LogDevObjectVersion:   Dev-Editor (E4B068ED-F494-42E9-A231-DA0B2E46BB41): 40
LogDevObjectVersion:   Dev-Framework (CFFC743F-43B0-4480-9391-14DF171D2073): 37
LogDevObjectVersion:   Dev-Mobile (B02B49B5-BB20-44E9-A304-32B752E40360): 3
LogDevObjectVersion:   Dev-Networking (A4E4105C-59A1-49B5-A7C5-40C4547EDFEE): 0
LogDevObjectVersion:   Dev-Online (39C831C9-5AE6-47DC-9A44-9C173E1C8E7C): 0
LogDevObjectVersion:   Dev-Physics (78F01B33-EBEA-4F98-B9B4-84EACCB95AA2): 14
LogDevObjectVersion:   Dev-Platform (6631380F-2D4D-43E0-8009-CF276956A95A): 0
LogDevObjectVersion:   Dev-Rendering (12F88B9F-8875-4AFC-A67C-D90C383ABD29): 45
LogDevObjectVersion:   Dev-Sequencer (7B5AE74C-D270-4C10-A958-57980B212A5A): 13
LogDevObjectVersion:   Dev-VR (D7296918-1DD6-4BDD-9DE2-64A83CC13884): 3
LogDevObjectVersion:   Dev-LoadTimes (C2A15278-BFE7-4AFE-6C17-90FF531DF755): 1
LogDevObjectVersion:   Private-Geometry (6EACA3D4-40EC-4CC1-B786-8BED09428FC5): 3
LogDevObjectVersion:   Dev-AnimPhys (29E575DD-E0A3-4627-9D10-D276232CDCEA): 17
LogDevObjectVersion:   Dev-Anim (AF43A65D-7FD3-4947-9873-3E8ED9C1BB05): 15
LogDevObjectVersion:   Dev-ReflectionCapture (6B266CEC-1EC7-4B8F-A30B-E4D90942FC07): 1
LogDevObjectVersion:   Dev-Automation (0DF73D61-A23F-47EA-B727-89E90C41499A): 1
LogDevObjectVersion:   FortniteMain (601D1886-AC64-4F84-AA16-D3DE0DEAC7D6): 47
LogDevObjectVersion:   FortniteRelease (E7086368-6B23-4C58-8439-1B7016265E91): 1
LogDevObjectVersion:   Dev-Enterprise (9DFFBCD6-494F-0158-E221-12823C92A888): 10
LogDevObjectVersion:   Dev-Niagara (F2AED0AC-9AFE-416F-8664-AA7FFA26D6FC): 1
LogDevObjectVersion:   Dev-Destruction (174F1F0B-B4C6-45A5-B13F-2EE8D0FB917D): 10
LogDevObjectVersion:   Dev-Physics-Ext (35F94A83-E258-406C-A318-09F59610247C): 41
LogDevObjectVersion:   Dev-PhysicsMaterial-Chaos (B68FC16E-8B1B-42E2-B453-215C058844FE): 1
LogDevObjectVersion:   Dev-CineCamera (B2E18506-4273-CFC2-A54E-F4BB758BBA07): 1
LogDevObjectVersion:   Dev-VirtualProduction (64F58936-FD1B-42BA-BA96-7289D5D0FA4E): 1
LogDevObjectVersion:   Dev-MediaFramework (6F0ED827-A609-4895-9C91-998D90180EA4): 2
LogInit: Presizing for max 25165824 objects, including 0 objects not considered by GC, pre-allocating 0 bytes for permanent pool.
LogConfig: Applying CVar settings from Section [/Script/Engine.StreamingSettings] File [D:/unreal/CyberKittysWeirdBox/Saved/Config/Windows/Engine.ini]
LogConfig: Setting CVar [[s.MinBulkDataSizeForAsyncLoading:131072]]
LogConfig: Setting CVar [[s.AsyncLoadingThreadEnabled:0]]
LogConfig: Setting CVar [[s.EventDrivenLoaderEnabled:1]]
LogConfig: Setting CVar [[s.WarnIfTimeLimitExceeded:0]]
LogConfig: Setting CVar [[s.TimeLimitExceededMultiplier:1.5]]
LogConfig: Setting CVar [[s.TimeLimitExceededMinTime:0.005]]
LogConfig: Setting CVar [[s.UseBackgroundLevelStreaming:1]]
LogConfig: Setting CVar [[s.PriorityAsyncLoadingExtraTime:15.0]]
LogConfig: Setting CVar [[s.LevelStreamingActorsUpdateTimeLimit:5.0]]
LogConfig: Setting CVar [[s.PriorityLevelStreamingActorsUpdateExtraTime:5.0]]
LogConfig: Setting CVar [[s.LevelStreamingComponentsRegistrationGranularity:10]]
LogConfig: Setting CVar [[s.UnregisterComponentsTimeLimit:1.0]]
LogConfig: Setting CVar [[s.LevelStreamingComponentsUnregistrationGranularity:5]]
LogConfig: Setting CVar [[s.FlushStreamingOnExit:1]]
LogInit: Object subsystem initialized
LogConfig: Setting CVar [[con.DebugEarlyDefault:1]]
LogConfig: Setting CVar [[r.setres:1280x720]]
[2026.03.23-08.46.50:523][  0]LogConfig: Setting CVar [[r.VSync:0]]
[2026.03.23-08.46.50:523][  0]LogConfig: Setting CVar [[r.RHICmdBypass:0]]
[2026.03.23-08.46.50:523][  0]LogConfig: Applying CVar settings from Section [/Script/Engine.RendererSettings] File [D:/unreal/CyberKittysWeirdBox/Saved/Config/Windows/Engine.ini]
[2026.03.23-08.46.50:523][  0]LogConfig: Setting CVar [[r.GPUCrashDebugging:0]]
[2026.03.23-08.46.50:523][  0]LogConfig: Setting CVar [[r.Mobile.DisableVertexFog:1]]
[2026.03.23-08.46.50:523][  0]LogConfig: Setting CVar [[r.Shadow.CSM.MaxMobileCascades:2]]
[2026.03.23-08.46.50:523][  0]LogConfig: Setting CVar [[r.MobileMSAA:1]]
[2026.03.23-08.46.50:523][  0]LogConfig: Setting CVar [[r.Mobile.AllowDitheredLODTransition:0]]
[2026.03.23-08.46.50:523][  0]LogConfig: Setting CVar [[r.Mobile.AllowSoftwareOcclusion:0]]
[2026.03.23-08.46.50:523][  0]LogConfig: Setting CVar [[r.Mobile.VirtualTextures:0]]
[2026.03.23-08.46.50:523][  0]LogConfig: Setting CVar [[r.DiscardUnusedQuality:0]]
[2026.03.23-08.46.50:523][  0]LogConfig: Setting CVar [[r.AllowOcclusionQueries:1]]
[2026.03.23-08.46.50:523][  0]LogConfig: Setting CVar [[r.MinScreenRadiusForLights:0.030000]]
[2026.03.23-08.46.50:523][  0]LogConfig: Setting CVar [[r.MinScreenRadiusForDepthPrepass:0.030000]]
[2026.03.23-08.46.50:523][  0]LogConfig: Setting CVar [[r.MinScreenRadiusForCSMDepth:0.010000]]
[2026.03.23-08.46.50:523][  0]LogConfig: Setting CVar [[r.PrecomputedVisibilityWarning:0]]
[2026.03.23-08.46.50:523][  0]LogConfig: Setting CVar [[r.TextureStreaming:1]]
[2026.03.23-08.46.50:523][  0]LogConfig: Setting CVar [[Compat.UseDXT5NormalMaps:0]]
[2026.03.23-08.46.50:523][  0]LogConfig: Setting CVar [[r.VirtualTextures:0]]
[2026.03.23-08.46.50:523][  0]LogConfig: Setting CVar [[r.VT.EnableAutoImport:1]]
[2026.03.23-08.46.50:523][  0]LogConfig: Setting CVar [[r.VirtualTexturedLightmaps:0]]
[2026.03.23-08.46.50:523][  0]LogConfig: Setting CVar [[r.VT.TileSize:128]]
[2026.03.23-08.46.50:523][  0]LogConfig: Setting CVar [[r.VT.TileBorderSize:4]]
[2026.03.23-08.46.50:523][  0]LogConfig: Setting CVar [[r.vt.FeedbackFactor:16]]
[2026.03.23-08.46.50:523][  0]LogConfig: Setting CVar [[r.VT.EnableCompressZlib:1]]
[2026.03.23-08.46.50:523][  0]LogConfig: Setting CVar [[r.VT.EnableCompressCrunch:0]]
[2026.03.23-08.46.50:523][  0]LogConfig: Setting CVar [[r.ClearCoatNormal:0]]
[2026.03.23-08.46.50:523][  0]LogConfig: Setting CVar [[r.ReflectionCaptureResolution:128]]
[2026.03.23-08.46.50:523][  0]LogConfig: Setting CVar [[r.Mobile.ReflectionCaptureCompression:0]]
[2026.03.23-08.46.50:523][  0]LogConfig: Setting CVar [[r.ReflectionEnvironmentLightmapMixBasedOnRoughness:1]]
[2026.03.23-08.46.50:524][  0]LogConfig: Setting CVar [[r.ForwardShading:0]]
[2026.03.23-08.46.50:524][  0]LogConfig: Setting CVar [[r.VertexFoggingForOpaque:1]]
[2026.03.23-08.46.50:524][  0]LogConfig: Setting CVar [[r.AllowStaticLighting:1]]
[2026.03.23-08.46.50:524][  0]LogConfig: Setting CVar [[r.NormalMapsForStaticLighting:0]]
[2026.03.23-08.46.50:524][  0]LogConfig: Setting CVar [[r.GenerateMeshDistanceFields:0]]
[2026.03.23-08.46.50:524][  0]LogConfig: Setting CVar [[r.DistanceFieldBuild.EightBit:0]]
[2026.03.23-08.46.50:524][  0]LogConfig: Setting CVar [[r.GenerateLandscapeGIData:0]]
[2026.03.23-08.46.50:524][  0]LogConfig: Setting CVar [[r.DistanceFieldBuild.Compress:0]]
[2026.03.23-08.46.50:524][  0]LogConfig: Setting CVar [[r.TessellationAdaptivePixelsPerTriangle:48.000000]]
[2026.03.23-08.46.50:524][  0]LogConfig: Setting CVar [[r.SeparateTranslucency:1]]
[2026.03.23-08.46.50:524][  0]LogConfig: Setting CVar [[r.TranslucentSortPolicy:0]]
[2026.03.23-08.46.50:524][  0]LogConfig: Setting CVar [[vr.VRS.HMDFixedFoveationLevel:0]]
[2026.03.23-08.46.50:524][  0]LogConfig: Setting CVar [[r.CustomDepth:1]]
[2026.03.23-08.46.50:524][  0]LogConfig: Setting CVar [[r.CustomDepthTemporalAAJitter:1]]
[2026.03.23-08.46.50:524][  0]LogConfig: Setting CVar [[r.PostProcessing.PropagateAlpha:0]]
[2026.03.23-08.46.50:524][  0]LogConfig: Setting CVar [[r.DefaultFeature.Bloom:1]]
[2026.03.23-08.46.50:524][  0]LogConfig: Setting CVar [[r.DefaultFeature.AmbientOcclusion:1]]
[2026.03.23-08.46.50:524][  0]LogConfig: Setting CVar [[r.DefaultFeature.AmbientOcclusionStaticFraction:1]]
[2026.03.23-08.46.50:524][  0]LogConfig: Setting CVar [[r.DefaultFeature.AutoExposure:0]]
[2026.03.23-08.46.50:524][  0]LogConfig: Setting CVar [[r.DefaultFeature.AutoExposure.Method:0]]
[2026.03.23-08.46.50:524][  0]LogConfig: Setting CVar [[r.DefaultFeature.AutoExposure.Bias:1.000000]]
[2026.03.23-08.46.50:524][  0]LogConfig: Setting CVar [[r.DefaultFeature.AutoExposure.ExtendDefaultLuminanceRange:0]]
[2026.03.23-08.46.50:524][  0]LogConfig: Setting CVar [[r.UsePreExposure:1]]
[2026.03.23-08.46.50:524][  0]LogConfig: Setting CVar [[r.EyeAdaptation.EditorOnly:0]]
[2026.03.23-08.46.50:524][  0]LogConfig: Setting CVar [[r.DefaultFeature.MotionBlur:0]]
[2026.03.23-08.46.50:524][  0]LogConfig: Setting CVar [[r.DefaultFeature.LensFlare:0]]
[2026.03.23-08.46.50:524][  0]LogConfig: Setting CVar [[r.TemporalAA.Upsampling:0]]
[2026.03.23-08.46.50:524][  0]LogConfig: Setting CVar [[r.SSGI.Enable:0]]
[2026.03.23-08.46.50:524][  0]LogConfig: Setting CVar [[r.DefaultFeature.AntiAliasing:0]]
[2026.03.23-08.46.50:524][  0]LogConfig: Setting CVar [[r.DefaultFeature.LightUnits:1]]
[2026.03.23-08.46.50:524][  0]LogConfig: Setting CVar [[r.DefaultBackBufferPixelFormat:4]]
[2026.03.23-08.46.50:524][  0]LogConfig: Setting CVar [[r.Shadow.UnbuiltPreviewInGame:1]]
[2026.03.23-08.46.50:524][  0]LogConfig: Setting CVar [[r.StencilForLODDither:0]]
[2026.03.23-08.46.50:524][  0]LogConfig: Setting CVar [[r.EarlyZPass:3]]
[2026.03.23-08.46.50:524][  0]LogConfig: Setting CVar [[r.EarlyZPassOnlyMaterialMasking:0]]
[2026.03.23-08.46.50:524][  0]LogConfig: Setting CVar [[r.DBuffer:1]]
[2026.03.23-08.46.50:524][  0]LogConfig: Setting CVar [[r.ClearSceneMethod:1]]
[2026.03.23-08.46.50:524][  0]LogConfig: Setting CVar [[r.BasePassOutputsVelocity:0]]
[2026.03.23-08.46.50:524][  0]LogConfig: Setting CVar [[r.VertexDeformationOutputsVelocity:0]]
[2026.03.23-08.46.50:524][  0]LogConfig: Setting CVar [[r.SelectiveBasePassOutputs:0]]
[2026.03.23-08.46.50:524][  0]LogConfig: Setting CVar [[fx.GPUSimulationTextureSizeX:1024]]
[2026.03.23-08.46.50:524][  0]LogConfig: Setting CVar [[fx.GPUSimulationTextureSizeY:1024]]
[2026.03.23-08.46.50:524][  0]LogConfig: Setting CVar [[r.AllowGlobalClipPlane:0]]
[2026.03.23-08.46.50:524][  0]LogConfig: Setting CVar [[r.GBufferFormat:1]]
[2026.03.23-08.46.50:524][  0]LogConfig: Setting CVar [[r.MorphTarget.Mode:1]]
[2026.03.23-08.46.50:524][  0]LogConfig: Setting CVar [[vr.InstancedStereo:0]]
[2026.03.23-08.46.50:524][  0]LogConfig: Setting CVar [[r.MobileHDR:1]]
[2026.03.23-08.46.50:524][  0]LogConfig: Setting CVar [[vr.MobileMultiView:0]]
[2026.03.23-08.46.50:524][  0]LogConfig: Setting CVar [[r.Mobile.UseHWsRGBEncoding:0]]
[2026.03.23-08.46.50:524][  0]LogConfig: Setting CVar [[vr.RoundRobinOcclusion:0]]
[2026.03.23-08.46.50:524][  0]LogConfig: Setting CVar [[vr.ODSCapture:0]]
[2026.03.23-08.46.50:524][  0]LogConfig: Setting CVar [[r.MeshStreaming:0]]
[2026.03.23-08.46.50:524][  0]LogConfig: Setting CVar [[r.WireframeCullThreshold:5.000000]]
[2026.03.23-08.46.50:524][  0]LogConfig: Setting CVar [[r.RayTracing:0]]
[2026.03.23-08.46.50:524][  0]LogConfig: Setting CVar [[r.RayTracing.UseTextureLod:0]]
[2026.03.23-08.46.50:524][  0]LogConfig: Setting CVar [[r.SupportStationarySkylight:1]]
[2026.03.23-08.46.50:524][  0]LogConfig: Setting CVar [[r.SupportLowQualityLightmaps:1]]
[2026.03.23-08.46.50:524][  0]LogConfig: Setting CVar [[r.SupportPointLightWholeSceneShadows:1]]
[2026.03.23-08.46.50:524][  0]LogConfig: Setting CVar [[r.SupportAtmosphericFog:1]]
[2026.03.23-08.46.50:524][  0]LogConfig: Setting CVar [[r.SupportSkyAtmosphere:1]]
[2026.03.23-08.46.50:524][  0]LogConfig: Setting CVar [[r.SupportSkyAtmosphereAffectsHeightFog:0]]
[2026.03.23-08.46.50:524][  0]LogConfig: Setting CVar [[r.SkinCache.CompileShaders:0]]
[2026.03.23-08.46.50:524][  0]LogConfig: Setting CVar [[r.SkinCache.DefaultBehavior:1]]
[2026.03.23-08.46.50:524][  0]LogConfig: Setting CVar [[r.SkinCache.SceneMemoryLimitInMB:128.000000]]
[2026.03.23-08.46.50:524][  0]LogConfig: Setting CVar [[r.Mobile.EnableStaticAndCSMShadowReceivers:1]]
[2026.03.23-08.46.50:524][  0]LogConfig: Setting CVar [[r.Mobile.EnableMovableLightCSMShaderCulling:1]]
[2026.03.23-08.46.50:524][  0]LogConfig: Setting CVar [[r.Mobile.AllowDistanceFieldShadows:1]]
[2026.03.23-08.46.50:524][  0]LogConfig: Setting CVar [[r.Mobile.AllowMovableDirectionalLights:1]]
[2026.03.23-08.46.50:524][  0]LogConfig: Setting CVar [[r.MobileNumDynamicPointLights:4]]
[2026.03.23-08.46.50:524][  0]LogConfig: Setting CVar [[r.MobileDynamicPointLightsUseStaticBranch:1]]
[2026.03.23-08.46.50:524][  0]LogConfig: Setting CVar [[r.Mobile.EnableMovableSpotlights:0]]
[2026.03.23-08.46.50:524][  0]LogConfig: Setting CVar [[r.Mobile.EnableMovableSpotlightsShadow:0]]
[2026.03.23-08.46.50:524][  0]LogConfig: Setting CVar [[r.GPUSkin.Support16BitBoneIndex:0]]
[2026.03.23-08.46.50:524][  0]LogConfig: Setting CVar [[r.GPUSkin.Limit2BoneInfluences:0]]
[2026.03.23-08.46.50:524][  0]LogConfig: Setting CVar [[r.SupportDepthOnlyIndexBuffers:1]]
[2026.03.23-08.46.50:524][  0]LogConfig: Setting CVar [[r.SupportReversedIndexBuffers:1]]
[2026.03.23-08.46.50:524][  0]LogConfig: Setting CVar [[r.LightPropagationVolume:0]]
[2026.03.23-08.46.50:524][  0]LogConfig: Setting CVar [[r.Mobile.AmbientOcclusion:0]]
[2026.03.23-08.46.50:524][  0]LogConfig: Setting CVar [[r.GPUSkin.UnlimitedBoneInfluences:0]]
[2026.03.23-08.46.50:524][  0]LogConfig: Setting CVar [[r.GPUSkin.UnlimitedBoneInfluencesThreshold:8]]
[2026.03.23-08.46.50:524][  0]LogConfig: Setting CVar [[r.Mobile.PlanarReflectionMode:0]]
[2026.03.23-08.46.50:524][  0]LogConfig: Setting CVar [[r.Mobile.SupportsGen4TAA:0]]
[2026.03.23-08.46.50:524][  0]LogConfig: Applying CVar settings from Section [/Script/Engine.RendererOverrideSettings] File [D:/unreal/CyberKittysWeirdBox/Saved/Config/Windows/Engine.ini]
[2026.03.23-08.46.50:524][  0]LogConfig: Applying CVar settings from Section [/Script/Engine.StreamingSettings] File [D:/unreal/CyberKittysWeirdBox/Saved/Config/Windows/Engine.ini]
[2026.03.23-08.46.50:524][  0]LogConfig: Setting CVar [[s.MinBulkDataSizeForAsyncLoading:131072]]
[2026.03.23-08.46.50:524][  0]LogConfig: Setting CVar [[s.AsyncLoadingThreadEnabled:0]]
[2026.03.23-08.46.50:524][  0]LogConfig: Setting CVar [[s.EventDrivenLoaderEnabled:1]]
[2026.03.23-08.46.50:524][  0]LogConfig: Setting CVar [[s.WarnIfTimeLimitExceeded:0]]
[2026.03.23-08.46.50:524][  0]LogConfig: Setting CVar [[s.TimeLimitExceededMultiplier:1.5]]
[2026.03.23-08.46.50:524][  0]LogConfig: Setting CVar [[s.TimeLimitExceededMinTime:0.005]]
[2026.03.23-08.46.50:524][  0]LogConfig: Setting CVar [[s.UseBackgroundLevelStreaming:1]]
[2026.03.23-08.46.50:524][  0]LogConfig: Setting CVar [[s.PriorityAsyncLoadingExtraTime:15.0]]
[2026.03.23-08.46.50:524][  0]LogConfig: Setting CVar [[s.LevelStreamingActorsUpdateTimeLimit:5.0]]
[2026.03.23-08.46.50:524][  0]LogConfig: Setting CVar [[s.PriorityLevelStreamingActorsUpdateExtraTime:5.0]]
[2026.03.23-08.46.50:524][  0]LogConfig: Setting CVar [[s.LevelStreamingComponentsRegistrationGranularity:10]]
[2026.03.23-08.46.50:524][  0]LogConfig: Setting CVar [[s.UnregisterComponentsTimeLimit:1.0]]
[2026.03.23-08.46.50:524][  0]LogConfig: Setting CVar [[s.LevelStreamingComponentsUnregistrationGranularity:5]]
[2026.03.23-08.46.50:524][  0]LogConfig: Setting CVar [[s.FlushStreamingOnExit:1]]
[2026.03.23-08.46.50:524][  0]LogConfig: Applying CVar settings from Section [/Script/Engine.GarbageCollectionSettings] File [D:/unreal/CyberKittysWeirdBox/Saved/Config/Windows/Engine.ini]
[2026.03.23-08.46.50:524][  0]LogConfig: Setting CVar [[gc.MaxObjectsNotConsideredByGC:1]]
[2026.03.23-08.46.50:524][  0]LogConfig: Setting CVar [[gc.SizeOfPermanentObjectPool:0]]
[2026.03.23-08.46.50:524][  0]LogConfig: Setting CVar [[gc.FlushStreamingOnGC:0]]
[2026.03.23-08.46.50:524][  0]LogConfig: Setting CVar [[gc.NumRetriesBeforeForcingGC:10]]
[2026.03.23-08.46.50:524][  0]LogConfig: Setting CVar [[gc.AllowParallelGC:1]]
[2026.03.23-08.46.50:524][  0]LogConfig: Setting CVar [[gc.TimeBetweenPurgingPendingKillObjects:61.1]]
[2026.03.23-08.46.50:524][  0]LogConfig: Setting CVar [[gc.MaxObjectsInEditor:25165824]]
[2026.03.23-08.46.50:524][  0]LogConfig: Setting CVar [[gc.IncrementalBeginDestroyEnabled:1]]
[2026.03.23-08.46.50:524][  0]LogConfig: Setting CVar [[gc.CreateGCClusters:1]]
[2026.03.23-08.46.50:524][  0]LogConfig: Setting CVar [[gc.MinGCClusterSize:5]]
[2026.03.23-08.46.50:524][  0]LogConfig: Setting CVar [[gc.ActorClusteringEnabled:0]]
[2026.03.23-08.46.50:524][  0]LogConfig: Setting CVar [[gc.BlueprintClusteringEnabled:0]]
[2026.03.23-08.46.50:524][  0]LogConfig: Setting CVar [[gc.UseDisregardForGCOnDedicatedServers:0]]
[2026.03.23-08.46.50:524][  0]LogConfig: Setting CVar [[gc.MultithreadedDestructionEnabled:1]]
[2026.03.23-08.46.50:524][  0]LogConfig: Applying CVar settings from Section [/Script/Engine.NetworkSettings] File [D:/unreal/CyberKittysWeirdBox/Saved/Config/Windows/Engine.ini]
[2026.03.23-08.46.50:524][  0]LogConfig: Applying CVar settings from Section [/Script/UnrealEd.CookerSettings] File [D:/unreal/CyberKittysWeirdBox/Saved/Config/Windows/Engine.ini]
[2026.03.23-08.46.50:548][  0]LogConfig: Applying CVar settings from Section [ViewDistanceQuality@3] File [D:/unreal/CyberKittysWeirdBox/Saved/Config/Windows/Scalability.ini]
[2026.03.23-08.46.50:548][  0]LogConfig: Setting CVar [[r.SkeletalMeshLODBias:0]]
[2026.03.23-08.46.50:548][  0]LogConfig: Setting CVar [[r.ViewDistanceScale:1.0]]
[2026.03.23-08.46.50:548][  0]LogConfig: Applying CVar settings from Section [AntiAliasingQuality@3] File [D:/unreal/CyberKittysWeirdBox/Saved/Config/Windows/Scalability.ini]
[2026.03.23-08.46.50:548][  0]LogConfig: Setting CVar [[r.PostProcessAAQuality:4]]
[2026.03.23-08.46.50:548][  0]LogConfig: Applying CVar settings from Section [ShadowQuality@3] File [D:/unreal/CyberKittysWeirdBox/Saved/Config/Windows/Scalability.ini]
[2026.03.23-08.46.50:548][  0]LogConfig: Setting CVar [[r.LightFunctionQuality:1]]
[2026.03.23-08.46.50:548][  0]LogConfig: Setting CVar [[r.ShadowQuality:5]]
[2026.03.23-08.46.50:548][  0]LogConfig: Setting CVar [[r.Shadow.CSM.MaxCascades:10]]
[2026.03.23-08.46.50:548][  0]LogConfig: Setting CVar [[r.Shadow.MaxResolution:2048]]
[2026.03.23-08.46.50:548][  0]LogConfig: Setting CVar [[r.Shadow.MaxCSMResolution:2048]]
[2026.03.23-08.46.50:548][  0]LogConfig: Setting CVar [[r.Shadow.RadiusThreshold:0.01]]
[2026.03.23-08.46.50:548][  0]LogConfig: Setting CVar [[r.Shadow.DistanceScale:1.0]]
[2026.03.23-08.46.50:548][  0]LogConfig: Setting CVar [[r.Shadow.CSM.TransitionScale:1.0]]
[2026.03.23-08.46.50:548][  0]LogConfig: Setting CVar [[r.Shadow.PreShadowResolutionFactor:1.0]]
[2026.03.23-08.46.50:548][  0]LogConfig: Setting CVar [[r.DistanceFieldShadowing:1]]
[2026.03.23-08.46.50:548][  0]LogConfig: Setting CVar [[r.DistanceFieldAO:1]]
[2026.03.23-08.46.50:548][  0]LogConfig: Setting CVar [[r.AOQuality:2]]
[2026.03.23-08.46.50:548][  0]LogConfig: Setting CVar [[r.VolumetricFog:1]]
[2026.03.23-08.46.50:548][  0]LogConfig: Setting CVar [[r.VolumetricFog.GridPixelSize:8]]
[2026.03.23-08.46.50:548][  0]LogConfig: Setting CVar [[r.VolumetricFog.GridSizeZ:128]]
[2026.03.23-08.46.50:548][  0]LogConfig: Setting CVar [[r.VolumetricFog.HistoryMissSupersampleCount:4]]
[2026.03.23-08.46.50:548][  0]LogConfig: Setting CVar [[r.LightMaxDrawDistanceScale:1]]
[2026.03.23-08.46.50:548][  0]LogConfig: Setting CVar [[r.CapsuleShadows:1]]
[2026.03.23-08.46.50:548][  0]LogConfig: Applying CVar settings from Section [PostProcessQuality@3] File [D:/unreal/CyberKittysWeirdBox/Saved/Config/Windows/Scalability.ini]
[2026.03.23-08.46.50:548][  0]LogConfig: Setting CVar [[r.MotionBlurQuality:4]]
[2026.03.23-08.46.50:548][  0]LogConfig: Setting CVar [[r.AmbientOcclusionMipLevelFactor:0.4]]
[2026.03.23-08.46.50:548][  0]LogConfig: Setting CVar [[r.AmbientOcclusionMaxQuality:100]]
[2026.03.23-08.46.50:548][  0]LogConfig: Setting CVar [[r.AmbientOcclusionLevels:-1]]
[2026.03.23-08.46.50:548][  0]LogConfig: Setting CVar [[r.AmbientOcclusionRadiusScale:1.0]]
[2026.03.23-08.46.50:548][  0]LogConfig: Setting CVar [[r.DepthOfFieldQuality:2]]
[2026.03.23-08.46.50:548][  0]LogConfig: Setting CVar [[r.RenderTargetPoolMin:400]]
[2026.03.23-08.46.50:548][  0]LogConfig: Setting CVar [[r.LensFlareQuality:2]]
[2026.03.23-08.46.50:548][  0]LogConfig: Setting CVar [[r.SceneColorFringeQuality:1]]
[2026.03.23-08.46.50:548][  0]LogConfig: Setting CVar [[r.EyeAdaptationQuality:2]]
[2026.03.23-08.46.50:548][  0]LogConfig: Setting CVar [[r.BloomQuality:5]]
[2026.03.23-08.46.50:548][  0]LogConfig: Setting CVar [[r.FastBlurThreshold:100]]
[2026.03.23-08.46.50:548][  0]LogConfig: Setting CVar [[r.Upscale.Quality:3]]
[2026.03.23-08.46.50:548][  0]LogConfig: Setting CVar [[r.Tonemapper.GrainQuantization:1]]
[2026.03.23-08.46.50:548][  0]LogConfig: Setting CVar [[r.LightShaftQuality:1]]
[2026.03.23-08.46.50:548][  0]LogConfig: Setting CVar [[r.Filter.SizeScale:1]]
[2026.03.23-08.46.50:548][  0]LogConfig: Setting CVar [[r.Tonemapper.Quality:5]]
[2026.03.23-08.46.50:548][  0]LogConfig: Setting CVar [[r.DOF.Gather.AccumulatorQuality:1        ; higher gathering accumulator quality]]
[2026.03.23-08.46.50:548][  0]LogConfig: Setting CVar [[r.DOF.Gather.PostfilterMethod:1          ; Median3x3 postfilering method]]
[2026.03.23-08.46.50:548][  0]LogConfig: Setting CVar [[r.DOF.Gather.EnableBokehSettings:0       ; no bokeh simulation when gathering]]
[2026.03.23-08.46.50:548][  0]LogConfig: Setting CVar [[r.DOF.Gather.RingCount:4                 ; medium number of samples when gathering]]
[2026.03.23-08.46.50:549][  0]LogConfig: Setting CVar [[r.DOF.Scatter.ForegroundCompositing:1    ; additive foreground scattering]]
[2026.03.23-08.46.50:549][  0]LogConfig: Setting CVar [[r.DOF.Scatter.BackgroundCompositing:2    ; additive background scattering]]
[2026.03.23-08.46.50:549][  0]LogConfig: Setting CVar [[r.DOF.Scatter.EnableBokehSettings:1      ; bokeh simulation when scattering]]
[2026.03.23-08.46.50:549][  0]LogConfig: Setting CVar [[r.DOF.Scatter.MaxSpriteRatio:0.1         ; only a maximum of 10% of scattered bokeh]]
[2026.03.23-08.46.50:549][  0]LogConfig: Setting CVar [[r.DOF.Recombine.Quality:1                ; cheap slight out of focus]]
[2026.03.23-08.46.50:549][  0]LogConfig: Setting CVar [[r.DOF.Recombine.EnableBokehSettings:0    ; no bokeh simulation on slight out of focus]]
[2026.03.23-08.46.50:549][  0]LogConfig: Setting CVar [[r.DOF.TemporalAAQuality:1                ; more stable temporal accumulation]]
[2026.03.23-08.46.50:549][  0]LogConfig: Setting CVar [[r.DOF.Kernel.MaxForegroundRadius:0.025]]
[2026.03.23-08.46.50:549][  0]LogConfig: Setting CVar [[r.DOF.Kernel.MaxBackgroundRadius:0.025]]
[2026.03.23-08.46.50:549][  0]LogConfig: Applying CVar settings from Section [TextureQuality@3] File [D:/unreal/CyberKittysWeirdBox/Saved/Config/Windows/Scalability.ini]
[2026.03.23-08.46.50:549][  0]LogConfig: Setting CVar [[r.Streaming.MipBias:0]]
[2026.03.23-08.46.50:549][  0]LogConfig: Setting CVar [[r.Streaming.AmortizeCPUToGPUCopy:0]]
[2026.03.23-08.46.50:549][  0]LogConfig: Setting CVar [[r.Streaming.MaxNumTexturesToStreamPerFrame:0]]
[2026.03.23-08.46.50:549][  0]LogConfig: Setting CVar [[r.Streaming.Boost:1]]
[2026.03.23-08.46.50:549][  0]LogConfig: Setting CVar [[r.MaxAnisotropy:8]]
[2026.03.23-08.46.50:549][  0]LogConfig: Setting CVar [[r.VT.MaxAnisotropy:8]]
[2026.03.23-08.46.50:549][  0]LogConfig: Setting CVar [[r.Streaming.LimitPoolSizeToVRAM:0]]
[2026.03.23-08.46.50:549][  0]LogConfig: Setting CVar [[r.Streaming.PoolSize:1000]]
[2026.03.23-08.46.50:549][  0]LogConfig: Setting CVar [[r.Streaming.MaxEffectiveScreenSize:0]]
[2026.03.23-08.46.50:549][  0]LogConfig: Applying CVar settings from Section [EffectsQuality@3] File [D:/unreal/CyberKittysWeirdBox/Saved/Config/Windows/Scalability.ini]
[2026.03.23-08.46.50:549][  0]LogConfig: Setting CVar [[r.TranslucencyLightingVolumeDim:64]]
[2026.03.23-08.46.50:549][  0]LogConfig: Setting CVar [[r.RefractionQuality:2]]
[2026.03.23-08.46.50:549][  0]LogConfig: Setting CVar [[r.SSR.Quality:3]]
[2026.03.23-08.46.50:549][  0]LogConfig: Setting CVar [[r.SSR.HalfResSceneColor:0]]
[2026.03.23-08.46.50:549][  0]LogConfig: Setting CVar [[r.SceneColorFormat:4]]
[2026.03.23-08.46.50:549][  0]LogConfig: Setting CVar [[r.DetailMode:2]]
[2026.03.23-08.46.50:549][  0]LogConfig: Setting CVar [[r.TranslucencyVolumeBlur:1]]
[2026.03.23-08.46.50:549][  0]LogConfig: Setting CVar [[r.MaterialQualityLevel:1 ; High quality]]
[2026.03.23-08.46.50:549][  0]LogConfig: Setting CVar [[r.AnisotropicMaterials:1]]
[2026.03.23-08.46.50:549][  0]LogConfig: Setting CVar [[r.SSS.Scale:1]]
[2026.03.23-08.46.50:549][  0]LogConfig: Setting CVar [[r.SSS.SampleSet:2]]
[2026.03.23-08.46.50:549][  0]LogConfig: Setting CVar [[r.SSS.Quality:1]]
[2026.03.23-08.46.50:549][  0]LogConfig: Setting CVar [[r.SSS.HalfRes:0]]
[2026.03.23-08.46.50:549][  0]LogConfig: Setting CVar [[r.SSGI.Quality:3]]
[2026.03.23-08.46.50:549][  0]LogConfig: Setting CVar [[r.EmitterSpawnRateScale:1.0]]
[2026.03.23-08.46.50:549][  0]LogConfig: Setting CVar [[r.ParticleLightQuality:2]]
[2026.03.23-08.46.50:549][  0]LogConfig: Setting CVar [[r.SkyAtmosphere.AerialPerspectiveLUT.FastApplyOnOpaque:1 ; Always have FastSkyLUT 1 in this case to avoid wrong sky]]
[2026.03.23-08.46.50:549][  0]LogConfig: Setting CVar [[r.SkyAtmosphere.AerialPerspectiveLUT.SampleCountMaxPerSlice:4]]
[2026.03.23-08.46.50:549][  0]LogConfig: Setting CVar [[r.SkyAtmosphere.AerialPerspectiveLUT.DepthResolution:16.0]]
[2026.03.23-08.46.50:549][  0]LogConfig: Setting CVar [[r.SkyAtmosphere.FastSkyLUT:1]]
[2026.03.23-08.46.50:549][  0]LogConfig: Setting CVar [[r.SkyAtmosphere.FastSkyLUT.SampleCountMin:4.0]]
[2026.03.23-08.46.50:549][  0]LogConfig: Setting CVar [[r.SkyAtmosphere.FastSkyLUT.SampleCountMax:128.0]]
[2026.03.23-08.46.50:549][  0]LogConfig: Setting CVar [[r.SkyAtmosphere.SampleCountMin:4.0]]
[2026.03.23-08.46.50:549][  0]LogConfig: Setting CVar [[r.SkyAtmosphere.SampleCountMax:128.0]]
[2026.03.23-08.46.50:549][  0]LogConfig: Setting CVar [[r.SkyAtmosphere.TransmittanceLUT.UseSmallFormat:0]]
[2026.03.23-08.46.50:549][  0]LogConfig: Setting CVar [[r.SkyAtmosphere.TransmittanceLUT.SampleCount:10.0]]
[2026.03.23-08.46.50:549][  0]LogConfig: Setting CVar [[r.SkyAtmosphere.MultiScatteringLUT.SampleCount:15.0]]
[2026.03.23-08.46.50:549][  0]LogConfig: Setting CVar [[r.SkyLight.RealTimeReflectionCapture:1]]
[2026.03.23-08.46.50:549][  0]LogConfig: Applying CVar settings from Section [FoliageQuality@3] File [D:/unreal/CyberKittysWeirdBox/Saved/Config/Windows/Scalability.ini]
[2026.03.23-08.46.50:549][  0]LogConfig: Setting CVar [[foliage.DensityScale:1.0]]
[2026.03.23-08.46.50:549][  0]LogConfig: Setting CVar [[grass.DensityScale:1.0]]
[2026.03.23-08.46.50:549][  0]LogConfig: Applying CVar settings from Section [ShadingQuality@3] File [D:/unreal/CyberKittysWeirdBox/Saved/Config/Windows/Scalability.ini]
[2026.03.23-08.46.50:549][  0]LogConfig: Setting CVar [[r.HairStrands.SkyLighting.IntegrationType:2]]
[2026.03.23-08.46.50:549][  0]LogConfig: Setting CVar [[r.HairStrands.SkyAO.SampleCount:4]]
[2026.03.23-08.46.50:549][  0]LogConfig: Setting CVar [[r.HairStrands.Visibility.MSAA.SamplePerPixel:4]]
[2026.03.23-08.46.50:549][  0]LogInit: Selected Device Profile: [Windows]
[2026.03.23-08.46.50:549][  0]LogInit: Applying CVar settings loaded from the selected device profile: [Windows]
[2026.03.23-08.46.50:549][  0]LogHAL: Display: Platform has ~ 64 GB [68448337920 / 68719476736 / 64], which maps to Largest [LargestMinGB=32, LargerMinGB=12, DefaultMinGB=8, SmallerMinGB=6, SmallestMinGB=0)
[2026.03.23-08.46.50:549][  0]LogInit: Going up to parent DeviceProfile []
[2026.03.23-08.46.50:549][  0]LogConfig: Applying CVar settings from Section [ViewDistanceQuality@3] File [D:/unreal/CyberKittysWeirdBox/Saved/Config/Windows/Scalability.ini]
[2026.03.23-08.46.50:549][  0]LogConfig: Setting CVar [[r.SkeletalMeshLODBias:0]]
[2026.03.23-08.46.50:549][  0]LogConfig: Setting CVar [[r.ViewDistanceScale:1.0]]
[2026.03.23-08.46.50:550][  0]LogConfig: Applying CVar settings from Section [AntiAliasingQuality@3] File [D:/unreal/CyberKittysWeirdBox/Saved/Config/Windows/Scalability.ini]
[2026.03.23-08.46.50:550][  0]LogConfig: Setting CVar [[r.PostProcessAAQuality:4]]
[2026.03.23-08.46.50:550][  0]LogConfig: Applying CVar settings from Section [ShadowQuality@3] File [D:/unreal/CyberKittysWeirdBox/Saved/Config/Windows/Scalability.ini]
[2026.03.23-08.46.50:550][  0]LogConfig: Setting CVar [[r.LightFunctionQuality:1]]
[2026.03.23-08.46.50:550][  0]LogConfig: Setting CVar [[r.ShadowQuality:5]]
[2026.03.23-08.46.50:550][  0]LogConfig: Setting CVar [[r.Shadow.CSM.MaxCascades:10]]
[2026.03.23-08.46.50:550][  0]LogConfig: Setting CVar [[r.Shadow.MaxResolution:2048]]
[2026.03.23-08.46.50:550][  0]LogConfig: Setting CVar [[r.Shadow.MaxCSMResolution:2048]]
[2026.03.23-08.46.50:550][  0]LogConfig: Setting CVar [[r.Shadow.RadiusThreshold:0.01]]
[2026.03.23-08.46.50:550][  0]LogConfig: Setting CVar [[r.Shadow.DistanceScale:1.0]]
[2026.03.23-08.46.50:550][  0]LogConfig: Setting CVar [[r.Shadow.CSM.TransitionScale:1.0]]
[2026.03.23-08.46.50:550][  0]LogConfig: Setting CVar [[r.Shadow.PreShadowResolutionFactor:1.0]]
[2026.03.23-08.46.50:550][  0]LogConfig: Setting CVar [[r.DistanceFieldShadowing:1]]
[2026.03.23-08.46.50:550][  0]LogConfig: Setting CVar [[r.DistanceFieldAO:1]]
[2026.03.23-08.46.50:550][  0]LogConfig: Setting CVar [[r.AOQuality:2]]
[2026.03.23-08.46.50:550][  0]LogConfig: Setting CVar [[r.VolumetricFog:1]]
[2026.03.23-08.46.50:550][  0]LogConfig: Setting CVar [[r.VolumetricFog.GridPixelSize:8]]
[2026.03.23-08.46.50:550][  0]LogConfig: Setting CVar [[r.VolumetricFog.GridSizeZ:128]]
[2026.03.23-08.46.50:550][  0]LogConfig: Setting CVar [[r.VolumetricFog.HistoryMissSupersampleCount:4]]
[2026.03.23-08.46.50:550][  0]LogConfig: Setting CVar [[r.LightMaxDrawDistanceScale:1]]
[2026.03.23-08.46.50:550][  0]LogConfig: Setting CVar [[r.CapsuleShadows:1]]
[2026.03.23-08.46.50:550][  0]LogConfig: Applying CVar settings from Section [PostProcessQuality@3] File [D:/unreal/CyberKittysWeirdBox/Saved/Config/Windows/Scalability.ini]
[2026.03.23-08.46.50:550][  0]LogConfig: Setting CVar [[r.MotionBlurQuality:4]]
[2026.03.23-08.46.50:550][  0]LogConfig: Setting CVar [[r.AmbientOcclusionMipLevelFactor:0.4]]
[2026.03.23-08.46.50:550][  0]LogConfig: Setting CVar [[r.AmbientOcclusionMaxQuality:100]]
[2026.03.23-08.46.50:550][  0]LogConfig: Setting CVar [[r.AmbientOcclusionLevels:-1]]
[2026.03.23-08.46.50:550][  0]LogConfig: Setting CVar [[r.AmbientOcclusionRadiusScale:1.0]]
[2026.03.23-08.46.50:550][  0]LogConfig: Setting CVar [[r.DepthOfFieldQuality:2]]
[2026.03.23-08.46.50:550][  0]LogConfig: Setting CVar [[r.RenderTargetPoolMin:400]]
[2026.03.23-08.46.50:550][  0]LogConfig: Setting CVar [[r.LensFlareQuality:2]]
[2026.03.23-08.46.50:550][  0]LogConfig: Setting CVar [[r.SceneColorFringeQuality:1]]
[2026.03.23-08.46.50:550][  0]LogConfig: Setting CVar [[r.EyeAdaptationQuality:2]]
[2026.03.23-08.46.50:550][  0]LogConfig: Setting CVar [[r.BloomQuality:5]]
[2026.03.23-08.46.50:550][  0]LogConfig: Setting CVar [[r.FastBlurThreshold:100]]
[2026.03.23-08.46.50:550][  0]LogConfig: Setting CVar [[r.Upscale.Quality:3]]
[2026.03.23-08.46.50:550][  0]LogConfig: Setting CVar [[r.Tonemapper.GrainQuantization:1]]
[2026.03.23-08.46.50:550][  0]LogConfig: Setting CVar [[r.LightShaftQuality:1]]
[2026.03.23-08.46.50:550][  0]LogConfig: Setting CVar [[r.Filter.SizeScale:1]]
[2026.03.23-08.46.50:550][  0]LogConfig: Setting CVar [[r.Tonemapper.Quality:5]]
[2026.03.23-08.46.50:550][  0]LogConfig: Setting CVar [[r.DOF.Gather.AccumulatorQuality:1        ; higher gathering accumulator quality]]
[2026.03.23-08.46.50:550][  0]LogConfig: Setting CVar [[r.DOF.Gather.PostfilterMethod:1          ; Median3x3 postfilering method]]
[2026.03.23-08.46.50:550][  0]LogConfig: Setting CVar [[r.DOF.Gather.EnableBokehSettings:0       ; no bokeh simulation when gathering]]
[2026.03.23-08.46.50:550][  0]LogConfig: Setting CVar [[r.DOF.Gather.RingCount:4                 ; medium number of samples when gathering]]
[2026.03.23-08.46.50:550][  0]LogConfig: Setting CVar [[r.DOF.Scatter.ForegroundCompositing:1    ; additive foreground scattering]]
[2026.03.23-08.46.50:550][  0]LogConfig: Setting CVar [[r.DOF.Scatter.BackgroundCompositing:2    ; additive background scattering]]
[2026.03.23-08.46.50:550][  0]LogConfig: Setting CVar [[r.DOF.Scatter.EnableBokehSettings:1      ; bokeh simulation when scattering]]
[2026.03.23-08.46.50:550][  0]LogConfig: Setting CVar [[r.DOF.Scatter.MaxSpriteRatio:0.1         ; only a maximum of 10% of scattered bokeh]]
[2026.03.23-08.46.50:550][  0]LogConfig: Setting CVar [[r.DOF.Recombine.Quality:1                ; cheap slight out of focus]]
[2026.03.23-08.46.50:550][  0]LogConfig: Setting CVar [[r.DOF.Recombine.EnableBokehSettings:0    ; no bokeh simulation on slight out of focus]]
[2026.03.23-08.46.50:550][  0]LogConfig: Setting CVar [[r.DOF.TemporalAAQuality:1                ; more stable temporal accumulation]]
[2026.03.23-08.46.50:550][  0]LogConfig: Setting CVar [[r.DOF.Kernel.MaxForegroundRadius:0.025]]
[2026.03.23-08.46.50:550][  0]LogConfig: Setting CVar [[r.DOF.Kernel.MaxBackgroundRadius:0.025]]
[2026.03.23-08.46.50:550][  0]LogConfig: Applying CVar settings from Section [TextureQuality@3] File [D:/unreal/CyberKittysWeirdBox/Saved/Config/Windows/Scalability.ini]
[2026.03.23-08.46.50:550][  0]LogConfig: Setting CVar [[r.Streaming.MipBias:0]]
[2026.03.23-08.46.50:550][  0]LogConfig: Setting CVar [[r.Streaming.AmortizeCPUToGPUCopy:0]]
[2026.03.23-08.46.50:550][  0]LogConfig: Setting CVar [[r.Streaming.MaxNumTexturesToStreamPerFrame:0]]
[2026.03.23-08.46.50:550][  0]LogConfig: Setting CVar [[r.Streaming.Boost:1]]
[2026.03.23-08.46.50:550][  0]LogConfig: Setting CVar [[r.MaxAnisotropy:8]]
[2026.03.23-08.46.50:550][  0]LogConfig: Setting CVar [[r.VT.MaxAnisotropy:8]]
[2026.03.23-08.46.50:550][  0]LogConfig: Setting CVar [[r.Streaming.LimitPoolSizeToVRAM:0]]
[2026.03.23-08.46.50:550][  0]LogConfig: Setting CVar [[r.Streaming.PoolSize:1000]]
[2026.03.23-08.46.50:550][  0]LogConfig: Setting CVar [[r.Streaming.MaxEffectiveScreenSize:0]]
[2026.03.23-08.46.50:550][  0]LogConfig: Applying CVar settings from Section [EffectsQuality@3] File [D:/unreal/CyberKittysWeirdBox/Saved/Config/Windows/Scalability.ini]
[2026.03.23-08.46.50:550][  0]LogConfig: Setting CVar [[r.TranslucencyLightingVolumeDim:64]]
[2026.03.23-08.46.50:550][  0]LogConfig: Setting CVar [[r.RefractionQuality:2]]
[2026.03.23-08.46.50:550][  0]LogConfig: Setting CVar [[r.SSR.Quality:3]]
[2026.03.23-08.46.50:550][  0]LogConfig: Setting CVar [[r.SSR.HalfResSceneColor:0]]
[2026.03.23-08.46.50:550][  0]LogConfig: Setting CVar [[r.SceneColorFormat:4]]
[2026.03.23-08.46.50:550][  0]LogConfig: Setting CVar [[r.DetailMode:2]]
[2026.03.23-08.46.50:550][  0]LogConfig: Setting CVar [[r.TranslucencyVolumeBlur:1]]
[2026.03.23-08.46.50:550][  0]LogConfig: Setting CVar [[r.MaterialQualityLevel:1 ; High quality]]
[2026.03.23-08.46.50:550][  0]LogConfig: Setting CVar [[r.AnisotropicMaterials:1]]
[2026.03.23-08.46.50:550][  0]LogConfig: Setting CVar [[r.SSS.Scale:1]]
[2026.03.23-08.46.50:550][  0]LogConfig: Setting CVar [[r.SSS.SampleSet:2]]
[2026.03.23-08.46.50:550][  0]LogConfig: Setting CVar [[r.SSS.Quality:1]]
[2026.03.23-08.46.50:550][  0]LogConfig: Setting CVar [[r.SSS.HalfRes:0]]
[2026.03.23-08.46.50:550][  0]LogConfig: Setting CVar [[r.SSGI.Quality:3]]
[2026.03.23-08.46.50:550][  0]LogConfig: Setting CVar [[r.EmitterSpawnRateScale:1.0]]
[2026.03.23-08.46.50:550][  0]LogConfig: Setting CVar [[r.ParticleLightQuality:2]]
[2026.03.23-08.46.50:550][  0]LogConfig: Setting CVar [[r.SkyAtmosphere.AerialPerspectiveLUT.FastApplyOnOpaque:1 ; Always have FastSkyLUT 1 in this case to avoid wrong sky]]
[2026.03.23-08.46.50:550][  0]LogConfig: Setting CVar [[r.SkyAtmosphere.AerialPerspectiveLUT.SampleCountMaxPerSlice:4]]
[2026.03.23-08.46.50:550][  0]LogConfig: Setting CVar [[r.SkyAtmosphere.AerialPerspectiveLUT.DepthResolution:16.0]]
[2026.03.23-08.46.50:550][  0]LogConfig: Setting CVar [[r.SkyAtmosphere.FastSkyLUT:1]]
[2026.03.23-08.46.50:550][  0]LogConfig: Setting CVar [[r.SkyAtmosphere.FastSkyLUT.SampleCountMin:4.0]]
[2026.03.23-08.46.50:550][  0]LogConfig: Setting CVar [[r.SkyAtmosphere.FastSkyLUT.SampleCountMax:128.0]]
[2026.03.23-08.46.50:550][  0]LogConfig: Setting CVar [[r.SkyAtmosphere.SampleCountMin:4.0]]
[2026.03.23-08.46.50:550][  0]LogConfig: Setting CVar [[r.SkyAtmosphere.SampleCountMax:128.0]]
[2026.03.23-08.46.50:550][  0]LogConfig: Setting CVar [[r.SkyAtmosphere.TransmittanceLUT.UseSmallFormat:0]]
[2026.03.23-08.46.50:550][  0]LogConfig: Setting CVar [[r.SkyAtmosphere.TransmittanceLUT.SampleCount:10.0]]
[2026.03.23-08.46.50:550][  0]LogConfig: Setting CVar [[r.SkyAtmosphere.MultiScatteringLUT.SampleCount:15.0]]
[2026.03.23-08.46.50:550][  0]LogConfig: Setting CVar [[r.SkyLight.RealTimeReflectionCapture:1]]
[2026.03.23-08.46.50:550][  0]LogConfig: Applying CVar settings from Section [FoliageQuality@3] File [D:/unreal/CyberKittysWeirdBox/Saved/Config/Windows/Scalability.ini]
[2026.03.23-08.46.50:550][  0]LogConfig: Setting CVar [[foliage.DensityScale:1.0]]
[2026.03.23-08.46.50:550][  0]LogConfig: Setting CVar [[grass.DensityScale:1.0]]
[2026.03.23-08.46.50:550][  0]LogConfig: Applying CVar settings from Section [ShadingQuality@3] File [D:/unreal/CyberKittysWeirdBox/Saved/Config/Windows/Scalability.ini]
[2026.03.23-08.46.50:550][  0]LogConfig: Setting CVar [[r.HairStrands.SkyLighting.IntegrationType:2]]
[2026.03.23-08.46.50:550][  0]LogConfig: Setting CVar [[r.HairStrands.SkyAO.SampleCount:4]]
[2026.03.23-08.46.50:550][  0]LogConfig: Setting CVar [[r.HairStrands.Visibility.MSAA.SamplePerPixel:4]]
[2026.03.23-08.46.50:550][  0]LogConfig: Applying CVar settings from Section [Startup] File [../../../Engine/Config/ConsoleVariables.ini]
[2026.03.23-08.46.50:550][  0]LogConfig: Setting CVar [[net.UseAdaptiveNetUpdateFrequency:0]]
[2026.03.23-08.46.50:550][  0]LogConfig: Setting CVar [[p.chaos.AllowCreatePhysxBodies:1]]
[2026.03.23-08.46.50:550][  0]LogConfig: Setting CVar [[fx.SkipVectorVMBackendOptimizations:1]]
[2026.03.23-08.46.50:550][  0]LogConfig: Applying CVar settings from Section [ConsoleVariables] File [D:/unreal/CyberKittysWeirdBox/Saved/Config/Windows/Engine.ini]
[2026.03.23-08.46.50:550][  0]LogConfig: Applying CVar settings from Section [ConsoleVariables] File [D:/unreal/CyberKittysWeirdBox/Saved/Config/Windows/Editor.ini]
[2026.03.23-08.46.50:550][  0]LogInit: Computer: DESKTOP-12L61B4
[2026.03.23-08.46.50:550][  0]LogInit: User: Sam
[2026.03.23-08.46.50:550][  0]LogInit: CPU Page size=4096, Cores=12
[2026.03.23-08.46.50:550][  0]LogInit: High frequency timer resolution =10.000000 MHz
[2026.03.23-08.46.50:550][  0]LogMemory: Memory total: Physical=63.7GB (64GB approx)
[2026.03.23-08.46.50:550][  0]LogMemory: Platform Memory Stats for Windows
[2026.03.23-08.46.50:550][  0]LogMemory: Process Physical Memory: 149.66 MB used, 149.67 MB peak
[2026.03.23-08.46.50:550][  0]LogMemory: Process Virtual Memory: 123.02 MB used, 123.02 MB peak
[2026.03.23-08.46.50:550][  0]LogMemory: Physical Memory: 26560.25 MB used,  38717.18 MB free, 65277.42 MB total
[2026.03.23-08.46.50:550][  0]LogMemory: Virtual Memory: 134188920.00 MB used,  28811.58 MB free, 134217728.00 MB total
[2026.03.23-08.46.50:795][  0]LogWindows: WindowsPlatformFeatures enabled
[2026.03.23-08.46.50:819][  0]LogInit: Physics initialised using underlying interface: PhysX
[2026.03.23-08.46.50:820][  0]LogInit: Using OS detected language (en-US).
[2026.03.23-08.46.50:820][  0]LogInit: Using OS detected locale (en-CA).
[2026.03.23-08.46.50:821][  0]LogTextLocalizationManager: No specific localization for 'en-US' exists, so the 'en' localization will be used.
[2026.03.23-08.46.50:951][  0]LogInit: Setting process to per monitor DPI aware
[2026.03.23-08.46.50:969][  0]LogWindowsTextInputMethodSystem: Display: IME system deactivated.
[2026.03.23-08.46.50:994][  0]LogSlate: New Slate User Created.  User Index 0, Is Virtual User: 0
[2026.03.23-08.46.50:995][  0]LogSlate: Slate User Registered.  User Index 0, Is Virtual User: 0
[2026.03.23-08.46.51:074][  0]LogD3D11RHI: Loaded GFSDK_Aftermath_Lib.x64.dll
[2026.03.23-08.46.51:079][  0]LogHMD: Failed to initialize OpenVR with code 110
[2026.03.23-08.46.51:079][  0]LogD3D11RHI: D3D11 min allowed feature level: 11_0
[2026.03.23-08.46.51:079][  0]LogD3D11RHI: D3D11 max allowed feature level: 11_0
[2026.03.23-08.46.51:079][  0]LogD3D11RHI: D3D11 adapters:
[2026.03.23-08.46.51:220][  0]LogD3D11RHI:    0. 'NVIDIA GeForce RTX 3060 Ti' (Feature Level 11_0)
[2026.03.23-08.46.51:220][  0]LogD3D11RHI:       8024/0/32638 MB DedicatedVideo/DedicatedSystem/SharedSystem, Outputs:3, VendorId:0x10de
[2026.03.23-08.46.51:247][  0]LogD3D11RHI:    1. 'Intel(R) UHD Graphics 770' (Feature Level 11_0)
[2026.03.23-08.46.51:247][  0]LogD3D11RHI:       128/0/32638 MB DedicatedVideo/DedicatedSystem/SharedSystem, Outputs:0, VendorId:0x8086
[2026.03.23-08.46.51:248][  0]LogD3D11RHI:    2. 'Microsoft Basic Render Driver' (Feature Level 11_0)
[2026.03.23-08.46.51:248][  0]LogD3D11RHI:       0/0/32638 MB DedicatedVideo/DedicatedSystem/SharedSystem, Outputs:0, VendorId:0x1414
[2026.03.23-08.46.51:248][  0]LogD3D11RHI: Chosen D3D11 Adapter:
[2026.03.23-08.46.51:248][  0]LogD3D11RHI:     Description : NVIDIA GeForce RTX 3060 Ti
[2026.03.23-08.46.51:248][  0]LogD3D11RHI:     VendorId    : 10de
[2026.03.23-08.46.51:248][  0]LogD3D11RHI:     DeviceId    : 2489
[2026.03.23-08.46.51:248][  0]LogD3D11RHI:     SubSysId    : 39721462
[2026.03.23-08.46.51:248][  0]LogD3D11RHI:     Revision    : 00a1
[2026.03.23-08.46.51:248][  0]LogD3D11RHI:     DedicatedVideoMemory : 8413773824 bytes
[2026.03.23-08.46.51:248][  0]LogD3D11RHI:     DedicatedSystemMemory : 0 bytes
[2026.03.23-08.46.51:248][  0]LogD3D11RHI:     SharedSystemMemory : 34224168960 bytes
[2026.03.23-08.46.51:248][  0]LogD3D11RHI:     AdapterLuid : 0 63093
[2026.03.23-08.46.51:257][  0]LogD3D11RHI: Creating new Direct3DDevice
[2026.03.23-08.46.51:257][  0]LogD3D11RHI:     GPU DeviceId: 0x2489 (for the marketing name, search the web for "GPU Device Id")
[2026.03.23-08.46.51:257][  0]LogWindows: EnumDisplayDevices:
[2026.03.23-08.46.51:257][  0]LogWindows:    0. 'Intel(R) UHD Graphics 770' (P:0 D:1)
[2026.03.23-08.46.51:257][  0]LogWindows:    1. 'Intel(R) UHD Graphics 770' (P:1 D:1)
[2026.03.23-08.46.51:257][  0]LogWindows:    2. 'Intel(R) UHD Graphics 770' (P:0 D:0)
[2026.03.23-08.46.51:257][  0]LogWindows:    3. 'Intel(R) UHD Graphics 770' (P:0 D:0)
[2026.03.23-08.46.51:257][  0]LogWindows:    4. 'NVIDIA GeForce RTX 3060 Ti' (P:0 D:1)
[2026.03.23-08.46.51:257][  0]LogWindows:    5. 'NVIDIA GeForce RTX 3060 Ti' (P:0 D:0)
[2026.03.23-08.46.51:257][  0]LogWindows:    6. 'NVIDIA GeForce RTX 3060 Ti' (P:0 D:0)
[2026.03.23-08.46.51:258][  0]LogWindows:    7. 'NVIDIA GeForce RTX 3060 Ti' (P:0 D:0)
[2026.03.23-08.46.51:258][  0]LogWindows: DebugString: PrimaryIsNotTheChoosenAdapter PrimaryIsNotTheChoosenAdapter PrimaryIsNotTheChoosenAdapter PrimaryIsNotTheChoosenAdapter FoundDriverCount:4 
[2026.03.23-08.46.51:258][  0]LogD3D11RHI:     Adapter Name: NVIDIA GeForce RTX 3060 Ti
[2026.03.23-08.46.51:258][  0]LogD3D11RHI:   Driver Version: 591.44 (internal:32.0.15.9144, unified:591.44)
[2026.03.23-08.46.51:258][  0]LogD3D11RHI:      Driver Date: 12-2-2025
[2026.03.23-08.46.51:258][  0]LogRHI: Texture pool is 5616 MB (70% of 8024 MB)
[2026.03.23-08.46.51:258][  0]LogD3D11RHI: Creating D3DDevice using adapter:
[2026.03.23-08.46.51:258][  0]LogD3D11RHI:     Description : NVIDIA GeForce RTX 3060 Ti
[2026.03.23-08.46.51:258][  0]LogD3D11RHI:     VendorId    : 10de
[2026.03.23-08.46.51:258][  0]LogD3D11RHI:     DeviceId    : 2489
[2026.03.23-08.46.51:258][  0]LogD3D11RHI:     SubSysId    : 39721462
[2026.03.23-08.46.51:258][  0]LogD3D11RHI:     Revision    : 00a1
[2026.03.23-08.46.51:258][  0]LogD3D11RHI:     DedicatedVideoMemory : 8413773824 bytes
[2026.03.23-08.46.51:258][  0]LogD3D11RHI:     DedicatedSystemMemory : 0 bytes
[2026.03.23-08.46.51:258][  0]LogD3D11RHI:     SharedSystemMemory : 34224168960 bytes
[2026.03.23-08.46.51:258][  0]LogD3D11RHI:     AdapterLuid : 0 63093
[2026.03.23-08.46.51:365][  0]LogD3D11RHI: RHI has support for 64 bit atomics
[2026.03.23-08.46.51:365][  0]LogD3D11RHI: Async texture creation enabled
[2026.03.23-08.46.51:365][  0]LogD3D11RHI: Array index from any shader is supported
[2026.03.23-08.46.51:380][  0]LogD3D11RHI: GPU Timing Frequency: 1000.000000 (Debug: 2 1)
[2026.03.23-08.46.51:401][  0]LogRHI: GeForceNow SDK initialized: 1
[2026.03.23-08.46.51:600][  0]LogTargetPlatformManager: Display: Loaded TargetPlatform 'AllDesktop'
[2026.03.23-08.46.51:612][  0]LogTargetPlatformManager: Display: Loaded TargetPlatform 'Android'
[2026.03.23-08.46.51:613][  0]LogTargetPlatformManager: Display: Loaded TargetPlatform 'Android_ASTC'
[2026.03.23-08.46.51:613][  0]LogTargetPlatformManager: Display: Loaded TargetPlatform 'Android_DXT'
[2026.03.23-08.46.51:613][  0]LogTargetPlatformManager: Display: Loaded TargetPlatform 'Android_ETC2'
[2026.03.23-08.46.51:613][  0]LogTargetPlatformManager: Display: Loaded TargetPlatform 'AndroidClient'
[2026.03.23-08.46.51:613][  0]LogTargetPlatformManager: Display: Loaded TargetPlatform 'Android_ASTCClient'
[2026.03.23-08.46.51:613][  0]LogTargetPlatformManager: Display: Loaded TargetPlatform 'Android_DXTClient'
[2026.03.23-08.46.51:613][  0]LogTargetPlatformManager: Display: Loaded TargetPlatform 'Android_ETC2Client'
[2026.03.23-08.46.51:613][  0]LogTargetPlatformManager: Display: Loaded TargetPlatform 'Android_Multi'
[2026.03.23-08.46.51:613][  0]LogTargetPlatformManager: Display: Loaded TargetPlatform 'Android_MultiClient'
[2026.03.23-08.46.51:624][  0]LogTargetPlatformManager: Display: Loaded TargetPlatform 'IOSClient'
[2026.03.23-08.46.51:624][  0]LogTargetPlatformManager: Display: Loaded TargetPlatform 'IOS'
[2026.03.23-08.46.51:629][  0]LogTargetPlatformManager: Display: Loaded TargetPlatform 'Linux'
[2026.03.23-08.46.51:632][  0]LogTargetPlatformManager: Display: Loaded TargetPlatform 'LinuxNoEditor'
[2026.03.23-08.46.51:633][  0]LogTargetPlatformManager: Display: Loaded TargetPlatform 'LinuxClient'
[2026.03.23-08.46.51:635][  0]LogTargetPlatformManager: Display: Loaded TargetPlatform 'LinuxServer'
[2026.03.23-08.46.51:640][  0]LogTargetPlatformManager: Display: Loaded TargetPlatform 'LinuxAArch64NoEditor'
[2026.03.23-08.46.51:642][  0]LogTargetPlatformManager: Display: Loaded TargetPlatform 'LinuxAArch64Client'
[2026.03.23-08.46.51:645][  0]LogTargetPlatformManager: Display: Loaded TargetPlatform 'LinuxAArch64Server'
[2026.03.23-08.46.51:658][  0]LogTargetPlatformManager: Display: Loaded TargetPlatform 'Lumin'
[2026.03.23-08.46.51:658][  0]LogTargetPlatformManager: Display: Loaded TargetPlatform 'LuminClient'
[2026.03.23-08.46.51:662][  0]LogTargetPlatformManager: Display: Loaded TargetPlatform 'MacNoEditor'
[2026.03.23-08.46.51:665][  0]LogTargetPlatformManager: Display: Loaded TargetPlatform 'Mac'
[2026.03.23-08.46.51:667][  0]LogTargetPlatformManager: Display: Loaded TargetPlatform 'MacClient'
[2026.03.23-08.46.51:670][  0]LogTargetPlatformManager: Display: Loaded TargetPlatform 'MacServer'
[2026.03.23-08.46.51:675][  0]LogTargetPlatformManager: Display: Loaded TargetPlatform 'TVOSClient'
[2026.03.23-08.46.51:675][  0]LogTargetPlatformManager: Display: Loaded TargetPlatform 'TVOS'
[2026.03.23-08.46.51:681][  0]LogTargetPlatformManager: Display: Loaded TargetPlatform 'WindowsNoEditor'
[2026.03.23-08.46.51:684][  0]LogTargetPlatformManager: Display: Loaded TargetPlatform 'Windows'
[2026.03.23-08.46.51:686][  0]LogTargetPlatformManager: Display: Loaded TargetPlatform 'WindowsClient'
[2026.03.23-08.46.51:689][  0]LogTargetPlatformManager: Display: Loaded TargetPlatform 'WindowsServer'
[2026.03.23-08.46.51:689][  0]LogTargetPlatformManager: Display: Building Assets For Windows
[2026.03.23-08.46.51:694][  0]LogAudioDebug: Display: Lib vorbis DLL was dynamically loaded.
[2026.03.23-08.46.51:709][  0]LogTextureFormatOodle: Display: Oodle Texture 2.9.0 init RDO Off
[2026.03.23-08.46.51:728][  0]LogRendererCore: Ray tracing is disabled. Reason: r.RayTracing=0.
[2026.03.23-08.46.51:728][  0]LogShaderCompilers: Guid format shader working directory is -1 characters bigger than the processId version (../../../../../../unreal/CyberKittysWeirdBox/Intermediate/Shaders/WorkingDirectory/40556/).
[2026.03.23-08.46.51:728][  0]LogShaderCompilers: Cleaned the shader compiler working directory 'C:/Users/Sam/AppData/Local/Temp/UnrealShaderWorkingDir/408ADAA34DA37172F6EE289E07BFC08E/'.
[2026.03.23-08.46.51:728][  0]LogXGEController: Cannot use XGE Controller as Incredibuild is not installed on this machine.
[2026.03.23-08.46.51:728][  0]LogShaderCompilers: Cannot use XGE Shader Compiler as Incredibuild is not installed on this machine.
[2026.03.23-08.46.51:728][  0]LogShaderCompilers: Display: Using Local Shader Compiler.
[2026.03.23-08.46.52:218][  0]LogDerivedDataCache: Display: Max Cache Size: 512 MB
[2026.03.23-08.46.52:269][  0]LogDerivedDataCache: Loaded boot cache 0.05s 94MB C:/Users/Sam/AppData/Local/UnrealEngine/4.27/DerivedDataCache/Boot.ddc.
[2026.03.23-08.46.52:269][  0]LogDerivedDataCache: Display: Loaded Boot cache: C:/Users/Sam/AppData/Local/UnrealEngine/4.27/DerivedDataCache/Boot.ddc
[2026.03.23-08.46.52:270][  0]LogDerivedDataCache: FDerivedDataBackendGraph:  Pak pak cache file ../../../../../../unreal/CyberKittysWeirdBox/DerivedDataCache/DDC.ddp not found, will not use a pak cache.
[2026.03.23-08.46.52:270][  0]LogDerivedDataCache: Unable to find inner node Pak for hierarchical cache Hierarchy.
[2026.03.23-08.46.52:270][  0]LogDerivedDataCache: FDerivedDataBackendGraph:  CompressedPak pak cache file ../../../../../../unreal/CyberKittysWeirdBox/DerivedDataCache/Compressed.ddp not found, will not use a pak cache.
[2026.03.23-08.46.52:270][  0]LogDerivedDataCache: Unable to find inner node CompressedPak for hierarchical cache Hierarchy.
[2026.03.23-08.46.52:281][  0]LogDerivedDataCache: Display: Pak cache opened for reading ../../../Engine/DerivedDataCache/Compressed.ddp.
[2026.03.23-08.46.52:281][  0]LogDerivedDataCache: FDerivedDataBackendGraph:  EnterprisePak pak cache file ../../../Enterprise/DerivedDataCache/Compressed.ddp not found, will not use a pak cache.
[2026.03.23-08.46.52:281][  0]LogDerivedDataCache: Unable to find inner node EnterprisePak for hierarchical cache Hierarchy.
[2026.03.23-08.46.52:290][  0]LogDerivedDataCache: Speed tests for C:/Users/Sam/AppData/Local/UnrealEngine/Common/DerivedDataCache took 0.01 seconds
[2026.03.23-08.46.52:290][  0]LogDerivedDataCache: Display: Performance to C:/Users/Sam/AppData/Local/UnrealEngine/Common/DerivedDataCache: Latency=0.02ms. RandomReadSpeed=1951.89MBs, RandomWriteSpeed=117.71MBs. Assigned SpeedClass 'Local'
[2026.03.23-08.46.52:291][  0]LogDerivedDataCache: Using Local data cache path C:/Users/Sam/AppData/Local/UnrealEngine/Common/DerivedDataCache: Writable
[2026.03.23-08.46.52:291][  0]LogDerivedDataCache: Shared data cache path not found in *engine.ini, will not use an Shared cache.
[2026.03.23-08.46.52:291][  0]LogDerivedDataCache: Unable to find inner node Shared for hierarchical cache Hierarchy.
[2026.03.23-08.46.52:320][  0]LogSlate: Using FreeType 2.10.0
[2026.03.23-08.46.52:320][  0]LogSlate: SlateFontServices - WITH_FREETYPE: 1, WITH_HARFBUZZ: 1
[2026.03.23-08.46.52:338][  0]LogAssetRegistry: FAssetRegistry took 0.0022 seconds to start up
[2026.03.23-08.46.52:473][  0]LogInit: Selected Device Profile: [Windows]
[2026.03.23-08.46.52:473][  0]LogInit: Active device profile: [000001DD7C328B00][000001DD73795240 49] Windows
[2026.03.23-08.46.52:473][  0]LogInit: Profiles: [000001DD7C328B00][000001DD73795240 49] Windows, [000001DD7C2CE100][000001DD7A7193C0 49] WindowsNoEditor, [000001DD7C329900][000001DD7A71D540 49] WindowsServer, [000001DD7C2CEE00][000001DD7A7216C0 49] WindowsClient, [000001DD7C32BC00][000001DD7A725840 49] IOS, [000001DD7C2CCF00][000001DD7A7299C0 49] iPadAir, [000001DD7C32BE00][000001DD7A72DB40 49] iPadAir2, [000001DD7C288C00][000001DD7A734280 49] IPadPro, [000001DD7C288D00][000001DD7A7302C0 49] iPadAir3, [000001DD7C2CFB00][000001DD7A738440 49] iPadAir4, [000001DD7C28B600][000001DD7A73C5C0 49] iPadMini2, [000001DD7C2CF200][000001DD7C90E740 49] iPadMini3, [000001DD7C28B800][000001DD73798880 49] iPadMini4, [000001DD7C2CF800][000001DD7C9129C0 49] iPadMini5, [000001DD7C290600][000001DD7C91EC40 49] iPhone6, [000001DD7C290700][000001DD7C916C80 49] iPodTouch6, [000001DD7C32A900][000001DD7C926F40 49] iPhone7, [000001DD7C32A800][000001DD7C922F80 49] iPodTouch7, [000001DD7C290100][000001DD7C92B100 49] iPhone5S, [000001DD7C288700][000001DD7C92F280 49] iPhone6Plus, [000001DD7C292500][000001DD7C933400 49] iPhone6S, [000001DD7C289300][000001DD7C937580 49] iPhone6SPlus, [000001DD7C293B00][000001DD7C93B700 49] iPhone7Plus, [000001DD7C28B500][000001DD7C93F880 49] iPhoneSE, [000001DD7C32A600][000001DD7C943A00 49] iPhone8, [000001DD7C288600][000001DD7C947B80 49] iPhone8Plus, [000001DD7C32A200][000001DD7C94A180 49] iPhoneX, [000001DD7C28B300][000001DD7C94E300 49] iPhoneXS, [000001DD7C32B400][000001DD7C952480 49] iPhoneXSMax, [000001DD7C28AD00][000001DD7C956600 49] iPhoneXR, [000001DD7C328200][000001DD7C95A780 49] iPhone11, [000001DD7C289E00][000001DD7C95E900 49] iPhone11Pro, [000001DD7C32AA00][000001DD7C91AA40 49] iPhone11ProMax, [000001DD7C28B700][000001DD7C962B80 49] iPhoneSE2, [000001DD7C328D00][000001DD7C966CC0 49] iPhone12Mini, [000001DD7C289F00][000001DD7C96EE40 49] iPhone12, [000001DD7C328700][000001DD7C972FC0 49] iPhone12Pro, [000001DD7C289400][000001DD7C977140 49] iPhone12ProMax, [000001DD7C328C00][000001DD7C97B2C0 49] iPadPro105, [000001DD7C289700][000001DD7C97F440 49] iPadPro129, [000001DD7C328100][000001DD7C9835C0 49] iPadPro97, [000001DD7C28BC00][000001DD7C987740 49] iPadPro2_129, [000001DD7C328800][000001DD7C98B8C0 49] iPad5, [000001DD7C28B100][000001DD7C98FA40 49] iPad6, [000001DD7C328500][000001DD7C993BC0 49] iPad7, [000001DD7C28A800][000001DD7C9961C0 49] iPad8, [000001DD7C329500][000001DD7C99A340 49] iPadPro11, [000001DD7C289500][000001DD7C99E4C0 49] iPadPro2_11, [000001DD7C328F00][000001DD7C9A2640 49] iPadPro3_129, [000001DD7C28AC00][000001DD7C9A67C0 49] iPadPro4_129, [000001DD7C32A500][000001DD7C9AA940 49] AppleTV, [000001DD7C289100][000001DD7C9AEAC0 49] AppleTV4K, [000001DD7C328400][000001DD7C96AC00 49] TVOS, [000001DD7C28A600][000001DD7C9B2D40 49] Mac, [000001DD7C32BD00][000001DD7C9B6E80 49] MacClient, [000001DD7C289800][000001DD7C9BAFC0 49] MacNoEditor, [000001DD7C32B100][000001DD7C9C3140 49] MacServer, [000001DD7C28B900][000001DD7C9C72C0 49] Linux, [000001DD7C328900][000001DD7C9CB440 49] LinuxAArch64, [000001DD7C28BF00][000001DD7C9CF5C0 49] LinuxNoEditor, [000001DD7C329B00][000001DD7C9D3740 49] LinuxAArch64NoEditor, [000001DD7C28B400][000001DD7C9D78C0 49] LinuxClient, [000001DD7C329C00][000001DD7C9DBA40 49] LinuxAArch64Client, [000001DD7C289D00][000001DD7C9DFBC0 49] LinuxServer, [000001DD7C32AF00][000001DD7C9E21C0 49] LinuxAArch64Server, [000001DD7C288500][000001DD7C9E6340 49] Android, [000001DD7C329E00][000001DD7C9EA4C0 49] Android_Low, [000001DD7C28B000][000001DD7C9EE640 49] Android_Mid, [000001DD7C32A400][000001DD7C9F27C0 49] Android_High, [000001DD7C288800][000001DD7C9F6940 49] Android_Default, [000001DD7C32B200][000001DD7C9FAAC0 49] Android_Adreno4xx, [000001DD7C2CE400][000001DD7C9FEC40 49] Android_Adreno5xx_Low, [000001DD7C291C00][000001DD7C9BED80 49] Android_Adreno5xx, [000001DD7C2CFD00][000001DD7CA02EC0 49] Android_Adreno6xx, [000001DD7C292B00][000001DD7CA07000 49] Android_Adreno6xx_Vulkan, [000001DD7C2CFE00][000001DD7CA0B140 49] Android_Mali_T6xx, [000001DD7C290F00][000001DD7CA132C0 49] Android_Mali_T7xx, [000001DD7C2CD300][000001DD7CA17440 49] Android_Mali_T8xx, [000001DD7C291F00][000001DD7CA1B5C0 49] Android_Mali_G71, [000001DD7C2CDC00][000001DD7CA1F740 49] Android_Mali_G72, [000001DD7C292400][000001DD7CA238C0 49] Android_Mali_G72_Vulkan, [000001DD7C2CF600][000001DD7CA27A40 49] Android_Mali_G76, [000001DD7C292100][000001DD7CA2BBC0 49] Android_Mali_G76_Vulkan, [000001DD7C2CDB00][000001DD7CA2E1C0 49] Android_Mali_G77, [000001DD7C290A00][000001DD7CA32340 49] Android_Mali_G77_Vulkan, [000001DD7C2CF400][000001DD7CA364C0 49] Android_Mali_G78, [000001DD7C291300][000001DD7CA3A640 49] Android_Mali_G78_Vulkan, [000001DD7C2CE900][000001DD7CA3E7C0 49] Android_Mali_G710, [000001DD7C293D00][000001DD7CA42940 49] Android_Mali_G710_Vulkan, [000001DD7C2CDE00][000001DD7CA46AC0 49] Android_Vulkan_SM5, [000001DD7C290900][000001DD7CA4AC40 49] Android_PowerVR_G6xxx, [000001DD7C2CDF00][000001DD7CA4EDC0 49] Android_PowerVR_GT7xxx, [000001DD7C292700][000001DD7CA52F40 49] Android_PowerVR_GE8xxx, [000001DD7C2CE300][000001DD7CA0F080 49] Android_PowerVR_GM9xxx, [000001DD7C293200][000001DD7CA571C0 49] Android_PowerVR_GM9xxx_Vulkan, [000001DD7C2CF000][000001DD7CA5B300 49] Android_TegraK1, [000001DD7C291700][000001DD7CA63480 49] Android_Unknown_Vulkan, [000001DD7C2CF700][000001DD7CA67600 49] Lumin, [000001DD7C290200][000001DD7CA6B780 49] Lumin_Desktop, [000001DD7C2CE200][000001DD7CA6F900 49] HoloLens, 
[2026.03.23-08.46.52:551][  0]LogAssetRegistry: Error: Package ../../../../../../unreal/CyberKittysWeirdBox/Content/Husband/Husband_Character_BP.uasset has malformed tag
[2026.03.23-08.46.52:551][  0]LogAssetRegistry: Error: Package ../../../../../../unreal/CyberKittysWeirdBox/Content/Maps/K_AI_Main_Screen.umap has malformed tag
[2026.03.23-08.46.52:551][  0]LogAssetRegistry: Error: Package ../../../../../../unreal/CyberKittysWeirdBox/Content/Maps/Angled_Camera_Test.umap has malformed tag
[2026.03.23-08.46.52:551][  0]LogAssetRegistry: Error: Package ../../../../../../unreal/CyberKittysWeirdBox/Content/Maps/Side_Camera_Test.umap has malformed tag
[2026.03.23-08.46.52:551][  0]LogAssetRegistry: Error: Package ../../../../../../unreal/CyberKittysWeirdBox/Content/Maps/Top_Down_Drone_test.umap has malformed tag
[2026.03.23-08.46.52:551][  0]LogMeshReduction: Using QuadricMeshReduction for automatic static mesh reduction
[2026.03.23-08.46.52:551][  0]LogMeshReduction: Using SimplygonMeshReduction for automatic skeletal mesh reduction
[2026.03.23-08.46.52:551][  0]LogMeshReduction: Using ProxyLODMeshReduction for automatic mesh merging
[2026.03.23-08.46.52:551][  0]LogMeshReduction: No distributed automatic mesh merging module available
[2026.03.23-08.46.52:551][  0]LogMeshMerging: No distributed automatic mesh merging module available
[2026.03.23-08.46.52:565][  0]LogNetVersion: WeirdBox 1.0.0, NetCL: 17155196, EngineNetVer: 17, GameNetVer: 0 (Checksum: 2367373896)
[2026.03.23-08.46.52:813][  0]LogTexture: Default maximum texture size for cubemaps generated from long-lat sources has been changed from 512 to unlimited. In order to preserve old behaiour for '/Engine/MapTemplates/Sky/DaylightAmbientCubemap.DaylightAmbientCubemap', its maximum texture size has been explicitly set to 512.
[2026.03.23-08.46.52:855][  0]LogHMD: PokeAHoleMaterial loaded successfully
[2026.03.23-08.46.52:859][  0]LogUObjectArray: 17178 objects as part of root set at end of initial load.
[2026.03.23-08.46.52:859][  0]LogUObjectAllocator: 4302048 out of 0 bytes used by permanent object pool.
[2026.03.23-08.46.52:859][  0]LogUObjectArray: CloseDisregardForGC: 0/0 objects in disregard for GC pool
[2026.03.23-08.46.53:033][  0]LogNiagaraDebuggerClient: Niagara Debugger Client Initialized | Session: 075479794F98A95A6E22CBA168820229 | Instance: AB416F424F734C53349BBE94D97E8167 (DESKTOP-12L61B4-40556).
[2026.03.23-08.46.53:054][  0]LogPython: Using Python 3.7.7
[2026.03.23-08.46.53:435][  0]LogUdpMessaging: Initializing bridge on interface 0.0.0.0:0 to multicast group 230.0.0.1:6666.
[2026.03.23-08.46.53:442][  0]LogTcpMessaging: Initializing TcpMessaging bridge
[2026.03.23-08.46.53:578][  0]LogOpenImageDenoise: OIDN starting up
[2026.03.23-08.46.53:620][  0]LogAndroidPermission: UAndroidPermissionCallbackProxy::GetInstance
[2026.03.23-08.46.53:627][  0]LogAudioCaptureCore: Display: No Audio Capture implementations found. Audio input will be silent.
[2026.03.23-08.46.53:627][  0]LogAudioCaptureCore: Display: No Audio Capture implementations found. Audio input will be silent.
[2026.03.23-08.46.53:732][  0]SourceControl: Source control is disabled
[2026.03.23-08.46.53:732][  0]SourceControl: Source control is disabled
[2026.03.23-08.46.53:734][  0]SourceControl: Source control is disabled
[2026.03.23-08.46.53:735][  0]SourceControl: Source control is disabled
[2026.03.23-08.46.53:740][  0]LogUProjectInfo: Found projects:
[2026.03.23-08.46.53:748][  0]SourceControl: Source control is disabled
[2026.03.23-08.46.53:751][  0]LogCollectionManager: Loaded 0 collections in 0.000374 seconds
[2026.03.23-08.46.53:765][  0]LogFileCache: Scanning file cache for directory 'D:/unreal/CyberKittysWeirdBox/Saved/Collections/' took 0.00s
[2026.03.23-08.46.53:765][  0]LogFileCache: Scanning file cache for directory 'D:/unreal/CyberKittysWeirdBox/Content/Developers/Sam/Collections/' took 0.00s
[2026.03.23-08.46.53:765][  0]LogFileCache: Scanning file cache for directory 'D:/unreal/CyberKittysWeirdBox/Content/Collections/' took 0.00s
[2026.03.23-08.46.53:765][  0]LogOcInput: OculusInput pre-init called
[2026.03.23-08.46.53:925][  0]LogEngine: Initializing Engine...
[2026.03.23-08.46.53:926][  0]LogHMD: Failed to enumerate extensions. Please check that you have a valid OpenXR runtime installed.
[2026.03.23-08.46.53:926][  0]LogHMD: Failed to initialize OpenVR with code 110
[2026.03.23-08.46.53:926][  0]LogMagicLeap: Warning: VR disabled because ZI is not enabled.  To enable, in the editor, Edit -> Project Settings -> Plugins -> Magic Leap Plugin -> Enable Zero Iteration
[2026.03.23-08.46.53:927][  0]LogStats: UGameplayTagsManager::InitializeManager -  0.000 s
[2026.03.23-08.46.54:019][  0]LogInit: Initializing FReadOnlyCVARCache
[2026.03.23-08.46.54:028][  0]LogAIModule: Creating AISystem for world Untitled
[2026.03.23-08.46.54:036][  0]LogAudio: Display: Initializing Audio Device Manager...
[2026.03.23-08.46.54:038][  0]LogAudio: Display: Loading Default Audio Settings Objects...
[2026.03.23-08.46.54:038][  0]LogAudio: Display: No default SoundConcurrencyObject specified (or failed to load).
[2026.03.23-08.46.54:039][  0]LogAudio: Display: Audio Device Manager Initialized
[2026.03.23-08.46.54:039][  0]LogAudio: Display: Creating Audio Device:                 Id: 1, Scope: Shared, Realtime: True
[2026.03.23-08.46.54:039][  0]LogAudioMixer: Display: Audio Mixer Platform Settings:
[2026.03.23-08.46.54:039][  0]LogAudioMixer: Display: 	Sample Rate:						  48000
[2026.03.23-08.46.54:039][  0]LogAudioMixer: Display: 	Callback Buffer Frame Size Requested: 1024
[2026.03.23-08.46.54:039][  0]LogAudioMixer: Display: 	Callback Buffer Frame Size To Use:	  1024
[2026.03.23-08.46.54:039][  0]LogAudioMixer: Display: 	Number of buffers to queue:			  2
[2026.03.23-08.46.54:039][  0]LogAudioMixer: Display: 	Max Channels (voices):				  32
[2026.03.23-08.46.54:039][  0]LogAudioMixer: Display: 	Number of Async Source Workers:		  0
[2026.03.23-08.46.54:039][  0]LogAudio: Display: AudioDevice MaxSources: 32
[2026.03.23-08.46.54:039][  0]LogAudio: Display: Audio Spatialization Plugin: None (built-in).
[2026.03.23-08.46.54:039][  0]LogAudio: Display: Audio Reverb Plugin: None (built-in).
[2026.03.23-08.46.54:039][  0]LogAudio: Display: Audio Occlusion Plugin: None (built-in).
[2026.03.23-08.46.54:039][  0]LogAudioMixer: Display: Initializing audio mixer.
[2026.03.23-08.46.54:130][  0]LogAudioMixer: Display: 0: FrontLeft
[2026.03.23-08.46.54:130][  0]LogAudioMixer: Display: 1: FrontRight
[2026.03.23-08.46.54:144][  0]LogAudioMixer: Display: Using Audio Device System (2- TC-HELICON GoXLR Mini)
[2026.03.23-08.46.54:146][  0]LogAudioMixer: Display: Initializing Sound Submixes...
[2026.03.23-08.46.54:147][  0]LogAudioMixer: Display: Creating Master Submix 'MasterSubmixDefault'
[2026.03.23-08.46.54:147][  0]LogAudioMixer: Display: Creating Master Submix 'MasterReverbSubmixDefault'
[2026.03.23-08.46.54:148][  0]LogAudioMixer: Display: Creating Master Submix 'MasterEQSubmixDefault'
[2026.03.23-08.46.54:148][  0]LogAudioMixer: FMixerPlatformXAudio2::StartAudioStream() called
[2026.03.23-08.46.54:148][  0]LogAudioMixer: Display: Output buffers initialized: Frames=1024, Channels=2, Samples=2048
[2026.03.23-08.46.54:149][  0]LogAudioMixer: Display: Starting AudioMixerPlatformInterface::RunInternal()
[2026.03.23-08.46.54:149][  0]LogAudioMixer: Display: FMixerPlatformXAudio2::SubmitBuffer() called for the first time
[2026.03.23-08.46.54:149][  0]LogInit: FAudioDevice initialized.
[2026.03.23-08.46.54:149][  0]LogAudio: Display: Audio Device (ID: 1) registered with world 'Untitled'.
[2026.03.23-08.46.54:149][  0]LogNetVersion: Set ProjectVersion to 1.0.0.0. Version Checksum will be recalculated on next use.
[2026.03.23-08.46.54:230][  0]LogDerivedDataCache: Saved boot cache 0.08s 94MB C:/Users/Sam/AppData/Local/UnrealEngine/4.27/DerivedDataCache/Boot.ddc.
[2026.03.23-08.46.54:230][  0]LogInit: Texture streaming: Enabled
[2026.03.23-08.46.54:243][  0]LogAnalytics: Display: [UEEditor.Rocket.Release] APIServer = https://datarouter.ol.epicgames.com/. AppVersion = 4.27.2-18319896+++UE4+Release-4.27
[2026.03.23-08.46.54:246][  0]LogEngineSessionManager: EngineSessionManager initialized
[2026.03.23-08.46.54:246][  0]LogEditorSessionSummary: Verbose: Initializing EditorSessionSummaryWriter for editor session tracking
[2026.03.23-08.46.54:247][  0]LogEditorSessionSummary: EditorSessionSummaryWriter initialized
[2026.03.23-08.46.54:272][  0]LogInit: Transaction tracking system initialized
[2026.03.23-08.46.54:295][  0]BlueprintLog: New page: Editor Load
[2026.03.23-08.46.54:329][  0]LocalizationService: Localization service is disabled
[2026.03.23-08.46.54:344][  0]TimingProfiler: Initialize
[2026.03.23-08.46.54:344][  0]TimingProfiler: OnSessionChanged
[2026.03.23-08.46.54:344][  0]LoadingProfiler: Initialize
[2026.03.23-08.46.54:344][  0]LoadingProfiler: OnSessionChanged
[2026.03.23-08.46.54:344][  0]NetworkingProfiler: Initialize
[2026.03.23-08.46.54:344][  0]NetworkingProfiler: OnSessionChanged
[2026.03.23-08.46.54:344][  0]MemoryProfiler: Initialize
[2026.03.23-08.46.54:344][  0]MemoryProfiler: OnSessionChanged
[2026.03.23-08.46.54:437][  0]LogCook: Display: CookSettings for Memory: MemoryMaxUsedVirtual 0MiB, MemoryMaxUsedPhysical 16384MiB, MemoryMinFreeVirtual 0MiB, MemoryMinFreePhysical 1024MiB
[2026.03.23-08.46.54:437][  0]LogCook: Display: Mobile HDR setting 1
[2026.03.23-08.46.54:562][  0]LogFileCache: Scanning file cache for directory 'D:/unreal/CyberKittysWeirdBox/Content/' took 0.00s
[2026.03.23-08.46.54:686][  0]LogInit: Display: Engine is initialized. Leaving FEngineLoop::Init()
[2026.03.23-08.46.54:688][  0]SourceControl: Source control is disabled
[2026.03.23-08.46.54:688][  0]LogUnrealEdMisc: Loading editor; pre map load, took 4.775
[2026.03.23-08.46.54:688][  0]Cmd: MAP LOAD FILE="../../../Engine/Content/Maps/Templates/Template_Default.umap" TEMPLATE=1 SHOWPROGRESS=1 FEATURELEVEL=3
[2026.03.23-08.46.54:689][  0]LightingResults: New page: Lighting Build
[2026.03.23-08.46.54:689][  0]LogWorld: UWorld::CleanupWorld for Untitled, bSessionEnded=true, bCleanupResources=true
[2026.03.23-08.46.54:689][  0]LogSlate: InvalidateAllWidgets triggered.  All widgets were invalidated
[2026.03.23-08.46.54:689][  0]MapCheck: New page: Map Check
[2026.03.23-08.46.54:689][  0]LightingResults: New page: Lighting Build
[2026.03.23-08.46.54:692][  0]LogAudio: Display: Audio Device unregistered from world 'None'.
[2026.03.23-08.46.54:695][  0]LogUObjectHash: Compacting FUObjectHashTables data took   0.48ms
[2026.03.23-08.46.54:727][  0]LogTexture: Display: Building textures: DeprecatedTextureEB9CBE3C423008B5E8E130901E171C89 (BGRA8, 128X128)
[2026.03.23-08.46.54:731][  0]LogAudio: Display: Audio Device (ID: 1) registered with world 'Untitled_1'.
[2026.03.23-08.46.54:732][  0]LogAIModule: Creating AISystem for world Untitled_1
[2026.03.23-08.46.54:737][  0]LogEditorServer: Finished looking for orphan Actors (0.000 secs)
[2026.03.23-08.46.54:744][  0]LogUObjectHash: Compacting FUObjectHashTables data took   0.58ms
[2026.03.23-08.46.54:744][  0]Cmd: MAP CHECKDEP NOCLEARLOG
[2026.03.23-08.46.54:744][  0]MapCheck: Map check complete: 0 Error(s), 0 Warning(s), took 0.1ms to complete.
[2026.03.23-08.46.54:744][  0]LogFileHelpers: Loading map 'Template_Default' took 0.055
[2026.03.23-08.46.54:746][  0]LogUnrealEdMisc: Total Editor Startup Time, took 4.832
[2026.03.23-08.46.54:863][  0]LogSlate: Updating window title bar state: overlay mode, drag disabled, window buttons hidden, title bar hidden
[2026.03.23-08.46.54:867][  0]LogSlate: Updating window title bar state: overlay mode, drag disabled, window buttons hidden, title bar hidden
[2026.03.23-08.46.54:872][  0]LogSlate: Updating window title bar state: overlay mode, drag disabled, window buttons hidden, title bar hidden
[2026.03.23-08.46.54:876][  0]LogSlate: Updating window title bar state: overlay mode, drag disabled, window buttons hidden, title bar hidden
[2026.03.23-08.46.54:884][  0]LogNativeClassHierarchy: Verbose: Native class hierarchy populated in 0.0060 seconds. Added 3922 classes and 953 folders.
[2026.03.23-08.46.54:886][  0]LogNativeClassHierarchy: Verbose: Native class hierarchy updated for 'WidgetCarousel' in 0.0002 seconds. Added 0 classes and 0 folders.
[2026.03.23-08.46.54:887][  0]LogPakFile: PakFile PrimaryIndexSize=187
[2026.03.23-08.46.54:887][  0]LogPakFile: PakFile PathHashIndexSize=101
[2026.03.23-08.46.54:887][  0]LogPakFile: PakFile FullDirectoryIndexSize=148
[2026.03.23-08.46.54:887][  0]LogShaderLibrary: Display: ShaderCodeLibraryPakFileMountedCallback: PakFile 'D:/Program Files/Epic Games/UE_4.27/FeaturePacks/FP_FirstPerson.upack' (chunk index -1, root 'root:/') mounted
[2026.03.23-08.46.54:887][  0]LogShaderLibrary: Display: ShaderCodeLibraryPakFileMountedCallback: pending pak file info (ChunkID:-1 Root:root:/ File:D:/Program Files/Epic Games/UE_4.27/FeaturePacks/FP_FirstPerson.upack)
[2026.03.23-08.46.54:887][  0]LogPakFile: OnPakFileMounted2Time == 0.000041
[2026.03.23-08.46.54:887][  0]LogPakFile: PakFile PrimaryIndexSize=189
[2026.03.23-08.46.54:887][  0]LogPakFile: PakFile PathHashIndexSize=101
[2026.03.23-08.46.54:887][  0]LogPakFile: PakFile FullDirectoryIndexSize=152
[2026.03.23-08.46.54:887][  0]LogShaderLibrary: Display: ShaderCodeLibraryPakFileMountedCallback: PakFile 'D:/Program Files/Epic Games/UE_4.27/FeaturePacks/FP_FirstPersonBP.upack' (chunk index -1, root 'root:/') mounted
[2026.03.23-08.46.54:887][  0]LogShaderLibrary: Display: ShaderCodeLibraryPakFileMountedCallback: pending pak file info (ChunkID:-1 Root:root:/ File:D:/Program Files/Epic Games/UE_4.27/FeaturePacks/FP_FirstPersonBP.upack)
[2026.03.23-08.46.54:887][  0]LogPakFile: OnPakFileMounted2Time == 0.000024
[2026.03.23-08.46.54:888][  0]LogPakFile: PakFile PrimaryIndexSize=191
[2026.03.23-08.46.54:888][  0]LogPakFile: PakFile PathHashIndexSize=101
[2026.03.23-08.46.54:888][  0]LogPakFile: PakFile FullDirectoryIndexSize=160
[2026.03.23-08.46.54:888][  0]LogShaderLibrary: Display: ShaderCodeLibraryPakFileMountedCallback: PakFile 'D:/Program Files/Epic Games/UE_4.27/FeaturePacks/MobileStarterContent.upack' (chunk index -1, root 'root:/') mounted
[2026.03.23-08.46.54:888][  0]LogShaderLibrary: Display: ShaderCodeLibraryPakFileMountedCallback: pending pak file info (ChunkID:-1 Root:root:/ File:D:/Program Files/Epic Games/UE_4.27/FeaturePacks/MobileStarterContent.upack)
[2026.03.23-08.46.54:888][  0]LogPakFile: OnPakFileMounted2Time == 0.000027
[2026.03.23-08.46.54:888][  0]LogPakFile: PakFile PrimaryIndexSize=185
[2026.03.23-08.46.54:888][  0]LogPakFile: PakFile PathHashIndexSize=101
[2026.03.23-08.46.54:888][  0]LogPakFile: PakFile FullDirectoryIndexSize=148
[2026.03.23-08.46.54:888][  0]LogShaderLibrary: Display: ShaderCodeLibraryPakFileMountedCallback: PakFile 'D:/Program Files/Epic Games/UE_4.27/FeaturePacks/StarterContent.upack' (chunk index -1, root 'root:/') mounted
[2026.03.23-08.46.54:888][  0]LogShaderLibrary: Display: ShaderCodeLibraryPakFileMountedCallback: pending pak file info (ChunkID:-1 Root:root:/ File:D:/Program Files/Epic Games/UE_4.27/FeaturePacks/StarterContent.upack)
[2026.03.23-08.46.54:888][  0]LogPakFile: OnPakFileMounted2Time == 0.000022
[2026.03.23-08.46.54:888][  0]LogPakFile: PakFile PrimaryIndexSize=190
[2026.03.23-08.46.54:888][  0]LogPakFile: PakFile PathHashIndexSize=101
[2026.03.23-08.46.54:888][  0]LogPakFile: PakFile FullDirectoryIndexSize=154
[2026.03.23-08.46.54:888][  0]LogShaderLibrary: Display: ShaderCodeLibraryPakFileMountedCallback: PakFile 'D:/Program Files/Epic Games/UE_4.27/FeaturePacks/TP_2DSideScroller.upack' (chunk index -1, root 'root:/') mounted
[2026.03.23-08.46.54:889][  0]LogShaderLibrary: Display: ShaderCodeLibraryPakFileMountedCallback: pending pak file info (ChunkID:-1 Root:root:/ File:D:/Program Files/Epic Games/UE_4.27/FeaturePacks/TP_2DSideScroller.upack)
[2026.03.23-08.46.54:889][  0]LogPakFile: OnPakFileMounted2Time == 0.000022
[2026.03.23-08.46.54:889][  0]LogPakFile: PakFile PrimaryIndexSize=192
[2026.03.23-08.46.54:889][  0]LogPakFile: PakFile PathHashIndexSize=101
[2026.03.23-08.46.54:889][  0]LogPakFile: PakFile FullDirectoryIndexSize=158
[2026.03.23-08.46.54:889][  0]LogShaderLibrary: Display: ShaderCodeLibraryPakFileMountedCallback: PakFile 'D:/Program Files/Epic Games/UE_4.27/FeaturePacks/TP_2DSideScrollerBP.upack' (chunk index -1, root 'root:/') mounted
[2026.03.23-08.46.54:889][  0]LogShaderLibrary: Display: ShaderCodeLibraryPakFileMountedCallback: pending pak file info (ChunkID:-1 Root:root:/ File:D:/Program Files/Epic Games/UE_4.27/FeaturePacks/TP_2DSideScrollerBP.upack)
[2026.03.23-08.46.54:889][  0]LogPakFile: OnPakFileMounted2Time == 0.000019
[2026.03.23-08.46.54:889][  0]LogPakFile: PakFile PrimaryIndexSize=182
[2026.03.23-08.46.54:889][  0]LogPakFile: PakFile PathHashIndexSize=101
[2026.03.23-08.46.54:889][  0]LogPakFile: PakFile FullDirectoryIndexSize=138
[2026.03.23-08.46.54:889][  0]LogShaderLibrary: Display: ShaderCodeLibraryPakFileMountedCallback: PakFile 'D:/Program Files/Epic Games/UE_4.27/FeaturePacks/TP_Flying.upack' (chunk index -1, root 'root:/') mounted
[2026.03.23-08.46.54:889][  0]LogShaderLibrary: Display: ShaderCodeLibraryPakFileMountedCallback: pending pak file info (ChunkID:-1 Root:root:/ File:D:/Program Files/Epic Games/UE_4.27/FeaturePacks/TP_Flying.upack)
[2026.03.23-08.46.54:889][  0]LogPakFile: OnPakFileMounted2Time == 0.000019
[2026.03.23-08.46.54:889][  0]LogPakFile: PakFile PrimaryIndexSize=184
[2026.03.23-08.46.54:889][  0]LogPakFile: PakFile PathHashIndexSize=101
[2026.03.23-08.46.54:889][  0]LogPakFile: PakFile FullDirectoryIndexSize=142
[2026.03.23-08.46.54:889][  0]LogShaderLibrary: Display: ShaderCodeLibraryPakFileMountedCallback: PakFile 'D:/Program Files/Epic Games/UE_4.27/FeaturePacks/TP_FlyingBP.upack' (chunk index -1, root 'root:/') mounted
[2026.03.23-08.46.54:889][  0]LogShaderLibrary: Display: ShaderCodeLibraryPakFileMountedCallback: pending pak file info (ChunkID:-1 Root:root:/ File:D:/Program Files/Epic Games/UE_4.27/FeaturePacks/TP_FlyingBP.upack)
[2026.03.23-08.46.54:889][  0]LogPakFile: OnPakFileMounted2Time == 0.000020
[2026.03.23-08.46.54:890][  0]LogPakFile: PakFile PrimaryIndexSize=188
[2026.03.23-08.46.54:890][  0]LogPakFile: PakFile PathHashIndexSize=101
[2026.03.23-08.46.54:890][  0]LogPakFile: PakFile FullDirectoryIndexSize=150
[2026.03.23-08.46.54:890][  0]LogShaderLibrary: Display: ShaderCodeLibraryPakFileMountedCallback: PakFile 'D:/Program Files/Epic Games/UE_4.27/FeaturePacks/TP_HandheldARBP.upack' (chunk index -1, root 'root:/') mounted
[2026.03.23-08.46.54:890][  0]LogShaderLibrary: Display: ShaderCodeLibraryPakFileMountedCallback: pending pak file info (ChunkID:-1 Root:root:/ File:D:/Program Files/Epic Games/UE_4.27/FeaturePacks/TP_HandheldARBP.upack)
[2026.03.23-08.46.54:890][  0]LogPakFile: OnPakFileMounted2Time == 0.000022
[2026.03.23-08.46.54:890][  0]LogPakFile: PakFile PrimaryIndexSize=182
[2026.03.23-08.46.54:890][  0]LogPakFile: PakFile PathHashIndexSize=101
[2026.03.23-08.46.54:890][  0]LogPakFile: PakFile FullDirectoryIndexSize=138
[2026.03.23-08.46.54:890][  0]LogShaderLibrary: Display: ShaderCodeLibraryPakFileMountedCallback: PakFile 'D:/Program Files/Epic Games/UE_4.27/FeaturePacks/TP_Puzzle.upack' (chunk index -1, root 'root:/') mounted
[2026.03.23-08.46.54:890][  0]LogShaderLibrary: Display: ShaderCodeLibraryPakFileMountedCallback: pending pak file info (ChunkID:-1 Root:root:/ File:D:/Program Files/Epic Games/UE_4.27/FeaturePacks/TP_Puzzle.upack)
[2026.03.23-08.46.54:890][  0]LogPakFile: OnPakFileMounted2Time == 0.000019
[2026.03.23-08.46.54:890][  0]LogPakFile: PakFile PrimaryIndexSize=184
[2026.03.23-08.46.54:890][  0]LogPakFile: PakFile PathHashIndexSize=101
[2026.03.23-08.46.54:890][  0]LogPakFile: PakFile FullDirectoryIndexSize=142
[2026.03.23-08.46.54:890][  0]LogShaderLibrary: Display: ShaderCodeLibraryPakFileMountedCallback: PakFile 'D:/Program Files/Epic Games/UE_4.27/FeaturePacks/TP_PuzzleBP.upack' (chunk index -1, root 'root:/') mounted
[2026.03.23-08.46.54:890][  0]LogShaderLibrary: Display: ShaderCodeLibraryPakFileMountedCallback: pending pak file info (ChunkID:-1 Root:root:/ File:D:/Program Files/Epic Games/UE_4.27/FeaturePacks/TP_PuzzleBP.upack)
[2026.03.23-08.46.54:890][  0]LogPakFile: OnPakFileMounted2Time == 0.000018
[2026.03.23-08.46.54:891][  0]LogPakFile: PakFile PrimaryIndexSize=183
[2026.03.23-08.46.54:891][  0]LogPakFile: PakFile PathHashIndexSize=101
[2026.03.23-08.46.54:891][  0]LogPakFile: PakFile FullDirectoryIndexSize=140
[2026.03.23-08.46.54:891][  0]LogShaderLibrary: Display: ShaderCodeLibraryPakFileMountedCallback: PakFile 'D:/Program Files/Epic Games/UE_4.27/FeaturePacks/TP_Rolling.upack' (chunk index -1, root 'root:/') mounted
[2026.03.23-08.46.54:891][  0]LogShaderLibrary: Display: ShaderCodeLibraryPakFileMountedCallback: pending pak file info (ChunkID:-1 Root:root:/ File:D:/Program Files/Epic Games/UE_4.27/FeaturePacks/TP_Rolling.upack)
[2026.03.23-08.46.54:891][  0]LogPakFile: OnPakFileMounted2Time == 0.000022
[2026.03.23-08.46.54:891][  0]LogPakFile: PakFile PrimaryIndexSize=185
[2026.03.23-08.46.54:891][  0]LogPakFile: PakFile PathHashIndexSize=101
[2026.03.23-08.46.54:891][  0]LogPakFile: PakFile FullDirectoryIndexSize=144
[2026.03.23-08.46.54:891][  0]LogShaderLibrary: Display: ShaderCodeLibraryPakFileMountedCallback: PakFile 'D:/Program Files/Epic Games/UE_4.27/FeaturePacks/TP_RollingBP.upack' (chunk index -1, root 'root:/') mounted
[2026.03.23-08.46.54:891][  0]LogShaderLibrary: Display: ShaderCodeLibraryPakFileMountedCallback: pending pak file info (ChunkID:-1 Root:root:/ File:D:/Program Files/Epic Games/UE_4.27/FeaturePacks/TP_RollingBP.upack)
[2026.03.23-08.46.54:891][  0]LogPakFile: OnPakFileMounted2Time == 0.000018
[2026.03.23-08.46.54:891][  0]LogPakFile: PakFile PrimaryIndexSize=188
[2026.03.23-08.46.54:891][  0]LogPakFile: PakFile PathHashIndexSize=101
[2026.03.23-08.46.54:891][  0]LogPakFile: PakFile FullDirectoryIndexSize=150
[2026.03.23-08.46.54:891][  0]LogShaderLibrary: Display: ShaderCodeLibraryPakFileMountedCallback: PakFile 'D:/Program Files/Epic Games/UE_4.27/FeaturePacks/TP_SideScroller.upack' (chunk index -1, root 'root:/') mounted
[2026.03.23-08.46.54:891][  0]LogShaderLibrary: Display: ShaderCodeLibraryPakFileMountedCallback: pending pak file info (ChunkID:-1 Root:root:/ File:D:/Program Files/Epic Games/UE_4.27/FeaturePacks/TP_SideScroller.upack)
[2026.03.23-08.46.54:891][  0]LogPakFile: OnPakFileMounted2Time == 0.000020
[2026.03.23-08.46.54:892][  0]LogPakFile: PakFile PrimaryIndexSize=190
[2026.03.23-08.46.54:892][  0]LogPakFile: PakFile PathHashIndexSize=101
[2026.03.23-08.46.54:892][  0]LogPakFile: PakFile FullDirectoryIndexSize=154
[2026.03.23-08.46.54:892][  0]LogShaderLibrary: Display: ShaderCodeLibraryPakFileMountedCallback: PakFile 'D:/Program Files/Epic Games/UE_4.27/FeaturePacks/TP_SideScrollerBP.upack' (chunk index -1, root 'root:/') mounted
[2026.03.23-08.46.54:892][  0]LogShaderLibrary: Display: ShaderCodeLibraryPakFileMountedCallback: pending pak file info (ChunkID:-1 Root:root:/ File:D:/Program Files/Epic Games/UE_4.27/FeaturePacks/TP_SideScrollerBP.upack)
[2026.03.23-08.46.54:892][  0]LogPakFile: OnPakFileMounted2Time == 0.000017
[2026.03.23-08.46.54:892][  0]LogPakFile: PakFile PrimaryIndexSize=187
[2026.03.23-08.46.54:892][  0]LogPakFile: PakFile PathHashIndexSize=101
[2026.03.23-08.46.54:892][  0]LogPakFile: PakFile FullDirectoryIndexSize=148
[2026.03.23-08.46.54:892][  0]LogShaderLibrary: Display: ShaderCodeLibraryPakFileMountedCallback: PakFile 'D:/Program Files/Epic Games/UE_4.27/FeaturePacks/TP_ThirdPerson.upack' (chunk index -1, root 'root:/') mounted
[2026.03.23-08.46.54:892][  0]LogShaderLibrary: Display: ShaderCodeLibraryPakFileMountedCallback: pending pak file info (ChunkID:-1 Root:root:/ File:D:/Program Files/Epic Games/UE_4.27/FeaturePacks/TP_ThirdPerson.upack)
[2026.03.23-08.46.54:892][  0]LogPakFile: OnPakFileMounted2Time == 0.000019
[2026.03.23-08.46.54:892][  0]LogPakFile: PakFile PrimaryIndexSize=189
[2026.03.23-08.46.54:892][  0]LogPakFile: PakFile PathHashIndexSize=101
[2026.03.23-08.46.54:892][  0]LogPakFile: PakFile FullDirectoryIndexSize=152
[2026.03.23-08.46.54:893][  0]LogShaderLibrary: Display: ShaderCodeLibraryPakFileMountedCallback: PakFile 'D:/Program Files/Epic Games/UE_4.27/FeaturePacks/TP_ThirdPersonBP.upack' (chunk index -1, root 'root:/') mounted
[2026.03.23-08.46.54:893][  0]LogShaderLibrary: Display: ShaderCodeLibraryPakFileMountedCallback: pending pak file info (ChunkID:-1 Root:root:/ File:D:/Program Files/Epic Games/UE_4.27/FeaturePacks/TP_ThirdPersonBP.upack)
[2026.03.23-08.46.54:893][  0]LogPakFile: OnPakFileMounted2Time == 0.000023
[2026.03.23-08.46.54:893][  0]LogPakFile: PakFile PrimaryIndexSize=183
[2026.03.23-08.46.54:893][  0]LogPakFile: PakFile PathHashIndexSize=101
[2026.03.23-08.46.54:893][  0]LogPakFile: PakFile FullDirectoryIndexSize=140
[2026.03.23-08.46.54:893][  0]LogShaderLibrary: Display: ShaderCodeLibraryPakFileMountedCallback: PakFile 'D:/Program Files/Epic Games/UE_4.27/FeaturePacks/TP_TopDown.upack' (chunk index -1, root 'root:/') mounted
[2026.03.23-08.46.54:893][  0]LogShaderLibrary: Display: ShaderCodeLibraryPakFileMountedCallback: pending pak file info (ChunkID:-1 Root:root:/ File:D:/Program Files/Epic Games/UE_4.27/FeaturePacks/TP_TopDown.upack)
[2026.03.23-08.46.54:893][  0]LogPakFile: OnPakFileMounted2Time == 0.000023
[2026.03.23-08.46.54:893][  0]LogPakFile: PakFile PrimaryIndexSize=185
[2026.03.23-08.46.54:893][  0]LogPakFile: PakFile PathHashIndexSize=101
[2026.03.23-08.46.54:893][  0]LogPakFile: PakFile FullDirectoryIndexSize=144
[2026.03.23-08.46.54:893][  0]LogShaderLibrary: Display: ShaderCodeLibraryPakFileMountedCallback: PakFile 'D:/Program Files/Epic Games/UE_4.27/FeaturePacks/TP_TopDownBP.upack' (chunk index -1, root 'root:/') mounted
[2026.03.23-08.46.54:893][  0]LogShaderLibrary: Display: ShaderCodeLibraryPakFileMountedCallback: pending pak file info (ChunkID:-1 Root:root:/ File:D:/Program Files/Epic Games/UE_4.27/FeaturePacks/TP_TopDownBP.upack)
[2026.03.23-08.46.54:893][  0]LogPakFile: OnPakFileMounted2Time == 0.000019
[2026.03.23-08.46.54:893][  0]LogPakFile: PakFile PrimaryIndexSize=185
[2026.03.23-08.46.54:893][  0]LogPakFile: PakFile PathHashIndexSize=101
[2026.03.23-08.46.54:893][  0]LogPakFile: PakFile FullDirectoryIndexSize=144
[2026.03.23-08.46.54:893][  0]LogShaderLibrary: Display: ShaderCodeLibraryPakFileMountedCallback: PakFile 'D:/Program Files/Epic Games/UE_4.27/FeaturePacks/TP_TwinStick.upack' (chunk index -1, root 'root:/') mounted
[2026.03.23-08.46.54:893][  0]LogShaderLibrary: Display: ShaderCodeLibraryPakFileMountedCallback: pending pak file info (ChunkID:-1 Root:root:/ File:D:/Program Files/Epic Games/UE_4.27/FeaturePacks/TP_TwinStick.upack)
[2026.03.23-08.46.54:893][  0]LogPakFile: OnPakFileMounted2Time == 0.000018
[2026.03.23-08.46.54:894][  0]LogPakFile: PakFile PrimaryIndexSize=187
[2026.03.23-08.46.54:894][  0]LogPakFile: PakFile PathHashIndexSize=101
[2026.03.23-08.46.54:894][  0]LogPakFile: PakFile FullDirectoryIndexSize=148
[2026.03.23-08.46.54:894][  0]LogShaderLibrary: Display: ShaderCodeLibraryPakFileMountedCallback: PakFile 'D:/Program Files/Epic Games/UE_4.27/FeaturePacks/TP_TwinStickBP.upack' (chunk index -1, root 'root:/') mounted
[2026.03.23-08.46.54:894][  0]LogShaderLibrary: Display: ShaderCodeLibraryPakFileMountedCallback: pending pak file info (ChunkID:-1 Root:root:/ File:D:/Program Files/Epic Games/UE_4.27/FeaturePacks/TP_TwinStickBP.upack)
[2026.03.23-08.46.54:894][  0]LogPakFile: OnPakFileMounted2Time == 0.000021
[2026.03.23-08.46.54:894][  0]LogPakFile: PakFile PrimaryIndexSize=183
[2026.03.23-08.46.54:894][  0]LogPakFile: PakFile PathHashIndexSize=101
[2026.03.23-08.46.54:894][  0]LogPakFile: PakFile FullDirectoryIndexSize=140
[2026.03.23-08.46.54:894][  0]LogShaderLibrary: Display: ShaderCodeLibraryPakFileMountedCallback: PakFile 'D:/Program Files/Epic Games/UE_4.27/FeaturePacks/TP_Vehicle.upack' (chunk index -1, root 'root:/') mounted
[2026.03.23-08.46.54:894][  0]LogShaderLibrary: Display: ShaderCodeLibraryPakFileMountedCallback: pending pak file info (ChunkID:-1 Root:root:/ File:D:/Program Files/Epic Games/UE_4.27/FeaturePacks/TP_Vehicle.upack)
[2026.03.23-08.46.54:894][  0]LogPakFile: OnPakFileMounted2Time == 0.000020
[2026.03.23-08.46.54:894][  0]LogPakFile: PakFile PrimaryIndexSize=186
[2026.03.23-08.46.54:894][  0]LogPakFile: PakFile PathHashIndexSize=101
[2026.03.23-08.46.54:894][  0]LogPakFile: PakFile FullDirectoryIndexSize=146
[2026.03.23-08.46.54:894][  0]LogShaderLibrary: Display: ShaderCodeLibraryPakFileMountedCallback: PakFile 'D:/Program Files/Epic Games/UE_4.27/FeaturePacks/TP_VehicleAdv.upack' (chunk index -1, root 'root:/') mounted
[2026.03.23-08.46.54:894][  0]LogShaderLibrary: Display: ShaderCodeLibraryPakFileMountedCallback: pending pak file info (ChunkID:-1 Root:root:/ File:D:/Program Files/Epic Games/UE_4.27/FeaturePacks/TP_VehicleAdv.upack)
[2026.03.23-08.46.54:894][  0]LogPakFile: OnPakFileMounted2Time == 0.000018
[2026.03.23-08.46.54:894][  0]LogPakFile: PakFile PrimaryIndexSize=188
[2026.03.23-08.46.54:894][  0]LogPakFile: PakFile PathHashIndexSize=101
[2026.03.23-08.46.54:894][  0]LogPakFile: PakFile FullDirectoryIndexSize=150
[2026.03.23-08.46.54:894][  0]LogShaderLibrary: Display: ShaderCodeLibraryPakFileMountedCallback: PakFile 'D:/Program Files/Epic Games/UE_4.27/FeaturePacks/TP_VehicleAdvBP.upack' (chunk index -1, root 'root:/') mounted
[2026.03.23-08.46.54:894][  0]LogShaderLibrary: Display: ShaderCodeLibraryPakFileMountedCallback: pending pak file info (ChunkID:-1 Root:root:/ File:D:/Program Files/Epic Games/UE_4.27/FeaturePacks/TP_VehicleAdvBP.upack)
[2026.03.23-08.46.54:894][  0]LogPakFile: OnPakFileMounted2Time == 0.000018
[2026.03.23-08.46.54:895][  0]LogPakFile: PakFile PrimaryIndexSize=185
[2026.03.23-08.46.54:895][  0]LogPakFile: PakFile PathHashIndexSize=101
[2026.03.23-08.46.54:895][  0]LogPakFile: PakFile FullDirectoryIndexSize=144
[2026.03.23-08.46.54:895][  0]LogShaderLibrary: Display: ShaderCodeLibraryPakFileMountedCallback: PakFile 'D:/Program Files/Epic Games/UE_4.27/FeaturePacks/TP_VehicleBP.upack' (chunk index -1, root 'root:/') mounted
[2026.03.23-08.46.54:895][  0]LogShaderLibrary: Display: ShaderCodeLibraryPakFileMountedCallback: pending pak file info (ChunkID:-1 Root:root:/ File:D:/Program Files/Epic Games/UE_4.27/FeaturePacks/TP_VehicleBP.upack)
[2026.03.23-08.46.54:895][  0]LogPakFile: OnPakFileMounted2Time == 0.000020
[2026.03.23-08.46.54:895][  0]LogPakFile: PakFile PrimaryIndexSize=192
[2026.03.23-08.46.54:895][  0]LogPakFile: PakFile PathHashIndexSize=101
[2026.03.23-08.46.54:895][  0]LogPakFile: PakFile FullDirectoryIndexSize=158
[2026.03.23-08.46.54:895][  0]LogShaderLibrary: Display: ShaderCodeLibraryPakFileMountedCallback: PakFile 'D:/Program Files/Epic Games/UE_4.27/FeaturePacks/TP_VirtualRealityBP.upack' (chunk index -1, root 'root:/') mounted
[2026.03.23-08.46.54:895][  0]LogShaderLibrary: Display: ShaderCodeLibraryPakFileMountedCallback: pending pak file info (ChunkID:-1 Root:root:/ File:D:/Program Files/Epic Games/UE_4.27/FeaturePacks/TP_VirtualRealityBP.upack)
[2026.03.23-08.46.54:895][  0]LogPakFile: OnPakFileMounted2Time == 0.000019
[2026.03.23-08.46.54:914][  0]LogNativeClassHierarchy: Verbose: Native class hierarchy updated for 'AddContentDialog' in 0.0002 seconds. Added 0 classes and 0 folders.
[2026.03.23-08.46.54:915][  0]LogNativeClassHierarchy: Verbose: Native class hierarchy updated for 'SceneOutliner' in 0.0002 seconds. Added 2 classes and 0 folders.
[2026.03.23-08.46.55:002][  0]LogNativeClassHierarchy: Verbose: Native class hierarchy updated for 'HierarchicalLODOutliner' in 0.0002 seconds. Added 0 classes and 0 folders.
[2026.03.23-08.46.55:002][  0]LogLoad: (Engine Initialization) Total time: 5.09 seconds
[2026.03.23-08.46.55:002][  0]LogLoad: (Engine Initialization) Total Blueprint compile time: 0.00 seconds
[2026.03.23-08.46.55:039][  0]LogAssetRegistry: Asset discovery search completed in 2.7016 seconds
[2026.03.23-08.46.55:043][  0]LogCollectionManager: Fixed up redirectors for 0 collections in 0.000006 seconds (updated 0 objects)
[2026.03.23-08.46.55:045][  0]LogContentStreaming: Texture pool size now 1000 MB
[2026.03.23-08.46.55:055][  0]LogSlate: Took 0.000256 seconds to synchronously load lazily loaded font '../../../Engine/Content/Slate/Fonts/Roboto-Regular.ttf' (155K)
[2026.03.23-08.46.55:056][  0]LogSlate: Took 0.000223 seconds to synchronously load lazily loaded font '../../../Engine/Content/Editor/Slate/Fonts/FontAwesome.ttf' (139K)
[2026.03.23-08.46.55:057][  0]LogSlate: Took 0.000130 seconds to synchronously load lazily loaded font '../../../Engine/Content/Slate/Fonts/Roboto-Bold.ttf' (160K)
[2026.03.23-08.46.55:132][  0]LogSlate: Took 0.000371 seconds to synchronously load lazily loaded font '../../../Engine/Content/Slate/Fonts/Roboto-Light.ttf' (167K)
[2026.03.23-08.46.55:171][  1]LogRenderer: Reallocating scene render targets to support 1180x548 Format 10 NumSamples 1 (Frame:1).
[2026.03.23-08.46.56:032][ 94]LogSlate: Took 0.000288 seconds to synchronously load lazily loaded font '../../../Engine/Content/Slate/Fonts/Roboto-Light.ttf' (167K)
[2026.03.23-08.46.57:976][217]LogSlate: Window 'Message Log' being destroyed
[2026.03.23-08.46.57:984][217]LogSlate: Window 'Message Log' being destroyed
[2026.03.23-08.48.27:494][ 14]LogFactory: FactoryCreateFile: StaticMesh with FbxFactory (0 0 D:\unreal\CyberKittysWeirdBox\blender\house.fbx)
[2026.03.23-08.48.27:655][ 14]LogFbx: Loading FBX Scene from D:\unreal\CyberKittysWeirdBox\blender\house.fbx
[2026.03.23-08.48.28:755][ 14]LogFbx: FBX Scene Loaded Succesfully
[2026.03.23-08.48.51:110][ 14]LogSlate: Window 'FBX Import Options' being destroyed
[2026.03.23-08.48.51:172][ 14]LogFbxMaterialImport: Display: Unable to find Texture file C:\Users\OneDrive\Pictures\textures-objects\textures\dark wood\base color.tif
[2026.03.23-08.48.51:173][ 14]LogMaterial: Display: Missing cached shadermap for dark_wood_001 in PCD3D_SM5, Default, SM5 (DDC key hash: A22C1FF7DE75D279D8318C375EA49200A6947340), compiling. 
[2026.03.23-08.48.51:174][ 14]LogFbxMaterialImport: Display: Unable to find Texture file C:\Users\OneDrive\Pictures\textures-objects\textures\wood flooring\base color.tif
[2026.03.23-08.48.51:174][ 14]LogFbxMaterialImport: Display: Unable to find Texture file C:\Users\OneDrive\Pictures\textures-objects\textures\wood flooring\roughness.tif
[2026.03.23-08.48.51:174][ 14]LogFbxMaterialImport: Display: Unable to find Texture file C:\Users\OneDrive\Pictures\textures-objects\textures\wood flooring\normal.tif
[2026.03.23-08.48.51:175][ 14]LogMaterial: Display: Missing cached shadermap for wood__001 in PCD3D_SM5, Default, SM5 (DDC key hash: 2F91404100CC67BC3628009FFADD2E18C71E7EDF), compiling. 
[2026.03.23-08.48.51:176][ 14]LogFbx: Display: Triangulating static mesh Bathroom Sink
[2026.03.23-08.48.51:179][ 14]LogStaticMesh: Building static mesh house_Bathroom_Sink...
[2026.03.23-08.48.51:186][ 14]LogStaticMesh: Built static mesh [0.01s] /Game/House_Models/house_Bathroom_Sink.house_Bathroom_Sink
[2026.03.23-08.48.51:189][ 14]LogMaterial: Display: Missing cached shadermap for Material_003 in PCD3D_SM5, Default, SM5 (DDC key hash: F5BD3171B88A90B9475B9458D6AB9A495811224E), compiling. 
[2026.03.23-08.48.51:192][ 14]LogMaterial: Display: Missing cached shadermap for bottle_001 in PCD3D_SM5, Default, SM5 (DDC key hash: 436E757395833FB45BDDB7ADFCABBB96FEC1B3F8), compiling. 
[2026.03.23-08.48.51:193][ 14]LogFbx: Display: Triangulating static mesh Circle.001
[2026.03.23-08.48.51:252][ 14]LogStaticMesh: Building static mesh house_Circle_001...
[2026.03.23-08.48.51:269][ 14]LogStaticMesh: Built static mesh [0.02s] /Game/House_Models/house_Circle_001.house_Circle_001
[2026.03.23-08.48.51:286][ 14]LogMaterial: Display: Missing cached shadermap for metal_002 in PCD3D_SM5, Default, SM5 (DDC key hash: 320E0359B5745CFCC58B51E64BE1414CD21CA1D1), compiling. 
[2026.03.23-08.48.51:287][ 14]LogFbx: Display: Triangulating static mesh sinktap.001
[2026.03.23-08.48.51:397][ 14]LogStaticMesh: Building static mesh house_sinktap_001...
[2026.03.23-08.48.51:465][ 14]LogStaticMesh: Built static mesh [0.07s] /Game/House_Models/house_sinktap_001.house_sinktap_001
[2026.03.23-08.48.51:476][ 14]LogStaticMesh: Warning: house_sinktap_001 has degenerate tangent bases which will result in incorrect shading.  MikkTSpace relies on tangent bases and may result in mesh corruption, consider disabling this option.
[2026.03.23-08.48.51:477][ 14]LogStaticMesh: Warning: house_sinktap_001 has some nearly zero bi-normals which can create some issues. (Tolerance of 1E-4)
[2026.03.23-08.48.51:490][ 14]LogMaterial: Display: Missing cached shadermap for black_marble_001 in PCD3D_SM5, Default, SM5 (DDC key hash: C15B0FCBB458B40861C75869A139F7CCB952EBCA), compiling. 
[2026.03.23-08.48.51:491][ 14]LogFbx: Display: Triangulating static mesh top sink.001
[2026.03.23-08.48.51:516][ 14]LogStaticMesh: Building static mesh house_top_sink_001...
[2026.03.23-08.48.51:528][ 14]LogStaticMesh: Built static mesh [0.01s] /Game/House_Models/house_top_sink_001.house_top_sink_001
[2026.03.23-08.48.51:536][ 14]LogFbxMaterialImport: Display: Unable to find Texture file D:\blender\assets\models\four-stacks-of-b_3c29f92f-d046-4ca3-8ce6-ff629bcad7dc\textures_2k\Books_40_A.COL.jpg
[2026.03.23-08.48.51:536][ 14]LogFbxMaterialImport: Display: Unable to find Texture file D:\blender\assets\models\four-stacks-of-b_3c29f92f-d046-4ca3-8ce6-ff629bcad7dc\textures_2k\Books_40_A.ROUGH.jpg
[2026.03.23-08.48.51:537][ 14]LogMaterial: Display: Missing cached shadermap for Books_40_A_MAT in PCD3D_SM5, Default, SM5 (DDC key hash: E920E6284FBC362E7CF90CCCE9266E81BB3F0C77), compiling. 
[2026.03.23-08.48.51:539][ 14]LogMaterial: Display: Missing cached shadermap for Backside in PCD3D_SM5, Default, SM5 (DDC key hash: D6293851AC8D3CE1FD25AF030C4590148A28F7F9), compiling. 
[2026.03.23-08.48.51:541][ 14]LogFbx: Display: Triangulating static mesh Books_40_A_Object
[2026.03.23-08.48.51:565][ 14]LogStaticMesh: Building static mesh house_Books_40_A_Object...
[2026.03.23-08.48.51:580][ 14]LogStaticMesh: Built static mesh [0.02s] /Game/House_Models/house_Books_40_A_Object.house_Books_40_A_Object
[2026.03.23-08.48.51:588][ 14]LogFbx: Display: Triangulating static mesh Books_40_A_Object.001
[2026.03.23-08.48.51:610][ 14]LogStaticMesh: Building static mesh house_Books_40_A_Object_001...
[2026.03.23-08.48.51:625][ 14]LogStaticMesh: Built static mesh [0.01s] /Game/House_Models/house_Books_40_A_Object_001.house_Books_40_A_Object_001
[2026.03.23-08.48.51:632][ 14]LogFbx: Display: Triangulating static mesh Books_40_A_Object.002
[2026.03.23-08.48.51:655][ 14]LogStaticMesh: Building static mesh house_Books_40_A_Object_002...
[2026.03.23-08.48.51:669][ 14]LogStaticMesh: Built static mesh [0.01s] /Game/House_Models/house_Books_40_A_Object_002.house_Books_40_A_Object_002
[2026.03.23-08.48.51:676][ 14]LogFbx: Display: Triangulating static mesh Books_40_A_Object.003
[2026.03.23-08.48.51:700][ 14]LogStaticMesh: Building static mesh house_Books_40_A_Object_003...
[2026.03.23-08.48.51:714][ 14]LogStaticMesh: Built static mesh [0.01s] /Game/House_Models/house_Books_40_A_Object_003.house_Books_40_A_Object_003
[2026.03.23-08.48.51:721][ 14]LogFbxMaterialImport: Display: Unable to find Texture file D:\blender\assets\models\four-stacks-of-b_3c29f92f-d046-4ca3-8ce6-ff629bcad7dc\textures_2k\Books_40_B.COL.jpg
[2026.03.23-08.48.51:721][ 14]LogFbxMaterialImport: Display: Unable to find Texture file D:\blender\assets\models\four-stacks-of-b_3c29f92f-d046-4ca3-8ce6-ff629bcad7dc\textures_2k\Books_40_B.ROUGH.jpg
[2026.03.23-08.48.51:722][ 14]LogMaterial: Display: Missing cached shadermap for Books_40_B_MAT in PCD3D_SM5, Default, SM5 (DDC key hash: 4EE954758246ED21ACFA927B12DFD73BB7AAEA10), compiling. 
[2026.03.23-08.48.51:723][ 14]LogFbx: Display: Triangulating static mesh Books_40_B_Object
[2026.03.23-08.48.51:753][ 14]LogStaticMesh: Building static mesh house_Books_40_B_Object...
[2026.03.23-08.48.51:772][ 14]LogStaticMesh: Built static mesh [0.02s] /Game/House_Models/house_Books_40_B_Object.house_Books_40_B_Object
[2026.03.23-08.48.51:784][ 14]LogFbx: Display: Triangulating static mesh Books_40_B_Object.001
[2026.03.23-08.48.51:815][ 14]LogStaticMesh: Building static mesh house_Books_40_B_Object_001...
[2026.03.23-08.48.51:835][ 14]LogStaticMesh: Built static mesh [0.02s] /Game/House_Models/house_Books_40_B_Object_001.house_Books_40_B_Object_001
[2026.03.23-08.48.51:848][ 14]LogFbx: Display: Triangulating static mesh Books_40_B_Object.002
[2026.03.23-08.48.51:877][ 14]LogStaticMesh: Building static mesh house_Books_40_B_Object_002...
[2026.03.23-08.48.51:896][ 14]LogStaticMesh: Built static mesh [0.02s] /Game/House_Models/house_Books_40_B_Object_002.house_Books_40_B_Object_002
[2026.03.23-08.48.51:906][ 14]LogFbx: Display: Triangulating static mesh Books_40_B_Object.003
[2026.03.23-08.48.51:935][ 14]LogStaticMesh: Building static mesh house_Books_40_B_Object_003...
[2026.03.23-08.48.51:954][ 14]LogStaticMesh: Built static mesh [0.02s] /Game/House_Models/house_Books_40_B_Object_003.house_Books_40_B_Object_003
[2026.03.23-08.48.51:966][ 14]LogFbxMaterialImport: Display: Unable to find Texture file D:\blender\assets\models\four-stacks-of-b_3c29f92f-d046-4ca3-8ce6-ff629bcad7dc\textures_2k\Books_40_C.COL.jpg
[2026.03.23-08.48.51:966][ 14]LogFbxMaterialImport: Display: Unable to find Texture file D:\blender\assets\models\four-stacks-of-b_3c29f92f-d046-4ca3-8ce6-ff629bcad7dc\textures_2k\Books_40_C.ROUGH.jpg
[2026.03.23-08.48.51:967][ 14]LogMaterial: Display: Missing cached shadermap for Books_40_C_MAT in PCD3D_SM5, Default, SM5 (DDC key hash: 7309C16C39FB9F567C42EFEBAD6881BE1239F586), compiling. 
[2026.03.23-08.48.51:969][ 14]LogFbx: Display: Triangulating static mesh Books_40_C_Object
[2026.03.23-08.48.52:002][ 14]LogStaticMesh: Building static mesh house_Books_40_C_Object...
[2026.03.23-08.48.52:021][ 14]LogStaticMesh: Built static mesh [0.02s] /Game/House_Models/house_Books_40_C_Object.house_Books_40_C_Object
[2026.03.23-08.48.52:032][ 14]LogFbx: Display: Triangulating static mesh Books_40_C_Object.001
[2026.03.23-08.48.52:061][ 14]LogStaticMesh: Building static mesh house_Books_40_C_Object_001...
[2026.03.23-08.48.52:079][ 14]LogStaticMesh: Built static mesh [0.02s] /Game/House_Models/house_Books_40_C_Object_001.house_Books_40_C_Object_001
[2026.03.23-08.48.52:088][ 14]LogFbx: Display: Triangulating static mesh Books_40_C_Object.002
[2026.03.23-08.48.52:114][ 14]LogStaticMesh: Building static mesh house_Books_40_C_Object_002...
[2026.03.23-08.48.52:131][ 14]LogStaticMesh: Built static mesh [0.02s] /Game/House_Models/house_Books_40_C_Object_002.house_Books_40_C_Object_002
[2026.03.23-08.48.52:138][ 14]LogFbx: Display: Triangulating static mesh Books_40_C_Object.003
[2026.03.23-08.48.52:164][ 14]LogStaticMesh: Building static mesh house_Books_40_C_Object_003...
[2026.03.23-08.48.52:182][ 14]LogStaticMesh: Built static mesh [0.02s] /Game/House_Models/house_Books_40_C_Object_003.house_Books_40_C_Object_003
[2026.03.23-08.48.52:190][ 14]LogFbxMaterialImport: Display: Unable to find Texture file D:\blender\assets\models\four-stacks-of-b_3c29f92f-d046-4ca3-8ce6-ff629bcad7dc\textures_2k\Books_40_D.COL.jpg
[2026.03.23-08.48.52:190][ 14]LogFbxMaterialImport: Display: Unable to find Texture file D:\blender\assets\models\four-stacks-of-b_3c29f92f-d046-4ca3-8ce6-ff629bcad7dc\textures_2k\Books_40_D.ROUGH.jpg
[2026.03.23-08.48.52:191][ 14]LogMaterial: Display: Missing cached shadermap for Books_40_D_MAT in PCD3D_SM5, Default, SM5 (DDC key hash: 6C83646AC995E8116F8E8636A236A4935ADBD495), compiling. 
[2026.03.23-08.48.52:192][ 14]LogFbx: Display: Triangulating static mesh Books_40_D_Object
[2026.03.23-08.48.52:234][ 14]LogStaticMesh: Building static mesh house_Books_40_D_Object...
[2026.03.23-08.48.52:259][ 14]LogStaticMesh: Built static mesh [0.02s] /Game/House_Models/house_Books_40_D_Object.house_Books_40_D_Object
[2026.03.23-08.48.52:271][ 14]LogFbx: Display: Triangulating static mesh Books_40_D_Object.001
[2026.03.23-08.48.52:314][ 14]LogStaticMesh: Building static mesh house_Books_40_D_Object_001...
[2026.03.23-08.48.52:339][ 14]LogStaticMesh: Built static mesh [0.03s] /Game/House_Models/house_Books_40_D_Object_001.house_Books_40_D_Object_001
[2026.03.23-08.48.52:351][ 14]LogFbx: Display: Triangulating static mesh Books_40_D_Object.002
[2026.03.23-08.48.52:394][ 14]LogStaticMesh: Building static mesh house_Books_40_D_Object_002...
[2026.03.23-08.48.52:419][ 14]LogStaticMesh: Built static mesh [0.02s] /Game/House_Models/house_Books_40_D_Object_002.house_Books_40_D_Object_002
[2026.03.23-08.48.52:435][ 14]LogFbx: Display: Triangulating static mesh Books_40_D_Object.003
[2026.03.23-08.48.52:478][ 14]LogStaticMesh: Building static mesh house_Books_40_D_Object_003...
[2026.03.23-08.48.52:504][ 14]LogStaticMesh: Built static mesh [0.03s] /Game/House_Models/house_Books_40_D_Object_003.house_Books_40_D_Object_003
[2026.03.23-08.48.52:515][ 14]LogMaterial: Display: Missing cached shadermap for inner_part in PCD3D_SM5, Default, SM5 (DDC key hash: 40AFC83EB1DBE03185185A0AEE7669E9D277E470), compiling. 
[2026.03.23-08.48.52:516][ 14]LogFbx: Display: Triangulating static mesh CAM_Entrance
[2026.03.23-08.48.52:613][ 14]LogStaticMesh: Building static mesh house_CAM_Entrance...
[2026.03.23-08.48.52:660][ 14]LogStaticMesh: Built static mesh [0.05s] /Game/House_Models/house_CAM_Entrance.house_CAM_Entrance
[2026.03.23-08.48.52:680][ 14]LogFbx: Display: Triangulating static mesh Icosphere
[2026.03.23-08.48.52:765][ 14]LogStaticMesh: Building static mesh house_Icosphere...
[2026.03.23-08.48.52:828][ 14]LogStaticMesh: Built static mesh [0.06s] /Game/House_Models/house_Icosphere.house_Icosphere
[2026.03.23-08.48.52:848][ 14]LogMaterial: Display: Missing cached shadermap for emmit in PCD3D_SM5, Default, SM5 (DDC key hash: AB11827E4682E0CE7145F5CFEAE361D1AEDCAD0A), compiling. 
[2026.03.23-08.48.52:851][ 14]LogMaterial: Display: Missing cached shadermap for LENS in PCD3D_SM5, Default, SM5 (DDC key hash: 3F605921E9529DD31CB21F3CC9AA29CAEF17968B), compiling. 
[2026.03.23-08.48.52:853][ 14]LogMaterial: Display: Missing cached shadermap for Shell_ in PCD3D_SM5, Default, SM5 (DDC key hash: B340517370A7C66DBCBE9D6BCDF31275C0A7BD24), compiling. 
[2026.03.23-08.48.52:854][ 14]LogFbx: Display: Triangulating static mesh Security camera.002
[2026.03.23-08.48.53:899][ 14]LogStaticMesh: Building static mesh house_Security_camera_002...
[2026.03.23-08.48.54:614][ 14]LogStaticMesh: Built static mesh [0.72s] /Game/House_Models/house_Security_camera_002.house_Security_camera_002
[2026.03.23-08.48.54:892][ 14]LogFbx: Display: Triangulating static mesh CAM_Kitchen
[2026.03.23-08.48.54:983][ 14]LogStaticMesh: Building static mesh house_CAM_Kitchen...
[2026.03.23-08.48.55:031][ 14]LogStaticMesh: Built static mesh [0.05s] /Game/House_Models/house_CAM_Kitchen.house_CAM_Kitchen
[2026.03.23-08.48.55:053][ 14]LogFbx: Display: Triangulating static mesh Icosphere.004
[2026.03.23-08.48.55:134][ 14]LogStaticMesh: Building static mesh house_Icosphere_004...
[2026.03.23-08.48.55:200][ 14]LogStaticMesh: Built static mesh [0.07s] /Game/House_Models/house_Icosphere_004.house_Icosphere_004
[2026.03.23-08.48.55:219][ 14]LogFbx: Display: Triangulating static mesh Security camera.006
[2026.03.23-08.48.56:256][ 14]LogStaticMesh: Building static mesh house_Security_camera_006...
[2026.03.23-08.48.56:970][ 14]LogStaticMesh: Built static mesh [0.71s] /Game/House_Models/house_Security_camera_006.house_Security_camera_006
[2026.03.23-08.48.57:233][ 14]LogFbx: Display: Triangulating static mesh CAM_Kitchen.001
[2026.03.23-08.48.57:318][ 14]LogStaticMesh: Building static mesh house_CAM_Kitchen_001...
[2026.03.23-08.48.57:365][ 14]LogStaticMesh: Built static mesh [0.05s] /Game/House_Models/house_CAM_Kitchen_001.house_CAM_Kitchen_001
[2026.03.23-08.48.57:374][ 14]LogStaticMesh: Warning: house_CAM_Kitchen_001 has some nearly zero bi-normals which can create some issues. (Tolerance of 1E-4)
[2026.03.23-08.48.57:386][ 14]LogFbx: Display: Triangulating static mesh Icosphere.005
[2026.03.23-08.48.57:463][ 14]LogStaticMesh: Building static mesh house_Icosphere_005...
[2026.03.23-08.48.57:527][ 14]LogStaticMesh: Built static mesh [0.06s] /Game/House_Models/house_Icosphere_005.house_Icosphere_005
[2026.03.23-08.48.57:540][ 14]LogFbx: Display: Triangulating static mesh Security camera.008
[2026.03.23-08.48.58:557][ 14]LogStaticMesh: Building static mesh house_Security_camera_008...
[2026.03.23-08.48.59:268][ 14]LogStaticMesh: Built static mesh [0.71s] /Game/House_Models/house_Security_camera_008.house_Security_camera_008
[2026.03.23-08.48.59:406][ 14]LogStaticMesh: Warning: house_Security_camera_008 has some nearly zero tangents which can create some issues. (Tolerance of 1E-4)
[2026.03.23-08.48.59:406][ 14]LogStaticMesh: Warning: house_Security_camera_008 has some nearly zero bi-normals which can create some issues. (Tolerance of 1E-4)
[2026.03.23-08.48.59:541][ 14]LogFbx: Display: Triangulating static mesh CAM_Living_Room
[2026.03.23-08.48.59:631][ 14]LogStaticMesh: Building static mesh house_CAM_Living_Room...
[2026.03.23-08.48.59:678][ 14]LogStaticMesh: Built static mesh [0.05s] /Game/House_Models/house_CAM_Living_Room.house_CAM_Living_Room
[2026.03.23-08.48.59:690][ 14]LogStaticMesh: Warning: house_CAM_Living_Room has degenerate tangent bases which will result in incorrect shading.  MikkTSpace relies on tangent bases and may result in mesh corruption, consider disabling this option.
[2026.03.23-08.48.59:690][ 14]LogStaticMesh: Warning: house_CAM_Living_Room has some nearly zero bi-normals which can create some issues. (Tolerance of 1E-4)
[2026.03.23-08.48.59:702][ 14]LogFbx: Display: Triangulating static mesh Icosphere.001
[2026.03.23-08.48.59:780][ 14]LogStaticMesh: Building static mesh house_Icosphere_001...
[2026.03.23-08.48.59:849][ 14]LogStaticMesh: Built static mesh [0.07s] /Game/House_Models/house_Icosphere_001.house_Icosphere_001
[2026.03.23-08.48.59:862][ 14]LogFbx: Display: Triangulating static mesh Security camera.004
[2026.03.23-08.49.00:910][ 14]LogStaticMesh: Building static mesh house_Security_camera_004...
[2026.03.23-08.49.01:650][ 14]LogStaticMesh: Built static mesh [0.74s] /Game/House_Models/house_Security_camera_004.house_Security_camera_004
[2026.03.23-08.49.01:781][ 14]LogStaticMesh: Warning: house_Security_camera_004 has some nearly zero tangents which can create some issues. (Tolerance of 1E-4)
[2026.03.23-08.49.01:781][ 14]LogStaticMesh: Warning: house_Security_camera_004 has some nearly zero bi-normals which can create some issues. (Tolerance of 1E-4)
[2026.03.23-08.49.01:921][ 14]LogMaterial: Display: Missing cached shadermap for Stainless_Steel in PCD3D_SM5, Default, SM5 (DDC key hash: FF32EF485DFD5C0F45D9E0F15E89A09DBD36CAC9), compiling. 
[2026.03.23-08.49.01:923][ 14]LogFbx: Display: Triangulating static mesh handles.001
[2026.03.23-08.49.01:929][ 14]LogStaticMesh: Building static mesh house_handles_001...
[2026.03.23-08.49.01:931][ 14]LogStaticMesh: Built static mesh [0.00s] /Game/House_Models/house_handles_001.house_handles_001
[2026.03.23-08.49.01:932][ 14]LogStaticMesh: Warning: house_handles_001 has degenerate tangent bases which will result in incorrect shading.  MikkTSpace relies on tangent bases and may result in mesh corruption, consider disabling this option.
[2026.03.23-08.49.01:932][ 14]LogStaticMesh: Warning: house_handles_001 has some nearly zero bi-normals which can create some issues. (Tolerance of 1E-4)
[2026.03.23-08.49.01:936][ 14]LogFbxMaterialImport: Display: Unable to find Texture file D:\blender\assets\models\cabinet-139x97x6_9cd953bf-1b8c-471d-aeb2-38a33f6729a6\textures_1k\Wood021_2K_Color.jpg
[2026.03.23-08.49.01:936][ 14]LogFbxMaterialImport: Display: Unable to find Texture file D:\blender\assets\models\cabinet-139x97x6_9cd953bf-1b8c-471d-aeb2-38a33f6729a6\textures_1k\Wood021_2K_Roughness.jpg
[2026.03.23-08.49.01:937][ 14]LogMaterial: Display: Missing cached shadermap for CC0Textures_Wood021_2K-JPG in PCD3D_SM5, Default, SM5 (DDC key hash: C07B1AF9D5CD2FFBD42B780DC7FD19318ECD8BD9), compiling. 
[2026.03.23-08.49.01:938][ 14]LogFbx: Display: Triangulating static mesh wood-1
[2026.03.23-08.49.01:939][ 14]LogStaticMesh: Building static mesh house_wood-1...
[2026.03.23-08.49.01:940][ 14]LogStaticMesh: Built static mesh [0.00s] /Game/House_Models/house_wood-1.house_wood-1
[2026.03.23-08.49.01:942][ 14]LogFbx: Display: Triangulating static mesh wood-2
[2026.03.23-08.49.01:946][ 14]LogStaticMesh: Building static mesh house_wood-2...
[2026.03.23-08.49.01:949][ 14]LogStaticMesh: Built static mesh [0.00s] /Game/House_Models/house_wood-2.house_wood-2
[2026.03.23-08.49.01:951][ 14]LogFbx: Display: Triangulating static mesh wood-3
[2026.03.23-08.49.01:954][ 14]LogStaticMesh: Building static mesh house_wood-3...
[2026.03.23-08.49.01:956][ 14]LogStaticMesh: Built static mesh [0.00s] /Game/House_Models/house_wood-3.house_wood-3
[2026.03.23-08.49.01:958][ 14]LogFbx: Display: Triangulating static mesh wood-4
[2026.03.23-08.49.01:963][ 14]LogStaticMesh: Building static mesh house_wood-4...
[2026.03.23-08.49.01:968][ 14]LogStaticMesh: Built static mesh [0.00s] /Game/House_Models/house_wood-4.house_wood-4
[2026.03.23-08.49.01:969][ 14]LogFbx: Display: Triangulating static mesh wood-5
[2026.03.23-08.49.01:977][ 14]LogStaticMesh: Building static mesh house_wood-5...
[2026.03.23-08.49.01:984][ 14]LogStaticMesh: Built static mesh [0.01s] /Game/House_Models/house_wood-5.house_wood-5
[2026.03.23-08.49.01:987][ 14]LogFbx: Display: Triangulating static mesh wood-6
[2026.03.23-08.49.01:989][ 14]LogStaticMesh: Building static mesh house_wood-6...
[2026.03.23-08.49.01:991][ 14]LogStaticMesh: Built static mesh [0.00s] /Game/House_Models/house_wood-6.house_wood-6
[2026.03.23-08.49.01:994][ 14]LogFbxMaterialImport: Display: Unable to find Texture file D:\blender\assets\models\canon-eos-5d-mar_c71ed1a5-0c66-41af-9894-a5fd3ffdeb01\textures_2k\Image_6
[2026.03.23-08.49.01:995][ 14]LogMaterial: Display: Missing cached shadermap for PlasticMaterial_006 in PCD3D_SM5, Default, SM5 (DDC key hash: 50BC662391F6CC1CCB85AAA86308390E00F777B5), compiling. 
[2026.03.23-08.49.01:998][ 14]LogMaterial: Display: Missing cached shadermap for GapsColor_003 in PCD3D_SM5, Default, SM5 (DDC key hash: B315C359B586460ECB2808E79CC4857920875D1D), compiling. 
[2026.03.23-08.49.01:999][ 14]LogFbxMaterialImport: Display: Unable to find Texture file D:\blender\assets\models\canon-eos-5d-mar_c71ed1a5-0c66-41af-9894-a5fd3ffdeb01\textures_2k\Image_5
[2026.03.23-08.49.01:999][ 14]LogMaterial: Display: Missing cached shadermap for LEATHER_003 in PCD3D_SM5, Default, SM5 (DDC key hash: 9CE6C41E29817B049EDC9B15877F9A7EEEC61A5E), compiling. 
[2026.03.23-08.49.02:000][ 14]LogFbx: Display: Triangulating static mesh Body
[2026.03.23-08.49.02:048][ 14]LogStaticMesh: Building static mesh house_Body...
[2026.03.23-08.49.02:091][ 14]LogStaticMesh: Built static mesh [0.04s] /Game/House_Models/house_Body.house_Body
[2026.03.23-08.49.02:118][ 14]LogFbx: Display: Triangulating static mesh Body Center
[2026.03.23-08.49.02:167][ 14]LogStaticMesh: Building static mesh house_Body_Center...
[2026.03.23-08.49.02:185][ 14]LogStaticMesh: Built static mesh [0.02s] /Game/House_Models/house_Body_Center.house_Body_Center
[2026.03.23-08.49.02:199][ 14]LogMaterial: Display: Missing cached shadermap for PlasticMaterial_005 in PCD3D_SM5, Default, SM5 (DDC key hash: 67DAF6BBA3653470AA7D8A0EDFAFCB2CA5A061A3), compiling. 
[2026.03.23-08.49.02:200][ 14]LogFbx: Display: Triangulating static mesh Body Feature
[2026.03.23-08.49.02:215][ 14]LogStaticMesh: Building static mesh house_Body_Feature...
[2026.03.23-08.49.02:220][ 14]LogStaticMesh: Built static mesh [0.01s] /Game/House_Models/house_Body_Feature.house_Body_Feature
[2026.03.23-08.49.02:227][ 14]LogMaterial: Display: Missing cached shadermap for LABELS2_003 in PCD3D_SM5, Default, SM5 (DDC key hash: E163CF51AC83CA07EA653846CD878B157CAAB875), compiling. 
[2026.03.23-08.49.02:228][ 14]LogFbx: Display: Triangulating static mesh Brand
[2026.03.23-08.49.02:230][ 14]LogStaticMesh: Building static mesh house_Brand...
[2026.03.23-08.49.02:231][ 14]LogStaticMesh: Built static mesh [0.00s] /Game/House_Models/house_Brand.house_Brand
[2026.03.23-08.49.02:234][ 14]LogMaterial: Display: Missing cached shadermap for Shiny_Plastic in PCD3D_SM5, Default, SM5 (DDC key hash: 2B9EA717B8FA2F6EC7593B0A6CC219B202989E8A), compiling. 
[2026.03.23-08.49.02:235][ 14]LogFbx: Display: Triangulating static mesh Button.001
[2026.03.23-08.49.02:569][ 14]LogStaticMesh: Building static mesh house_Button_001...
[2026.03.23-08.49.02:660][ 14]LogStaticMesh: Built static mesh [0.09s] /Game/House_Models/house_Button_001.house_Button_001
[2026.03.23-08.49.02:668][ 14]LogFbx: Display: Triangulating static mesh Button.002
[2026.03.23-08.49.04:193][ 14]LogStaticMesh: Building static mesh house_Button_002...
[2026.03.23-08.49.04:581][ 14]LogStaticMesh: Built static mesh [0.39s] /Game/House_Models/house_Button_002.house_Button_002
[2026.03.23-08.49.04:599][ 14]LogFbx: Display: Triangulating static mesh Button.003
[2026.03.23-08.49.04:957][ 14]LogStaticMesh: Building static mesh house_Button_003...
[2026.03.23-08.49.05:012][ 14]LogStaticMesh: Built static mesh [0.06s] /Game/House_Models/house_Button_003.house_Button_003
[2026.03.23-08.49.05:018][ 14]LogFbx: Display: Triangulating static mesh Button.004
[2026.03.23-08.49.05:367][ 14]LogStaticMesh: Building static mesh house_Button_004...
[2026.03.23-08.49.05:457][ 14]LogStaticMesh: Built static mesh [0.09s] /Game/House_Models/house_Button_004.house_Button_004
[2026.03.23-08.49.05:465][ 14]LogFbx: Display: Triangulating static mesh Button.005
[2026.03.23-08.49.07:235][ 14]LogStaticMesh: Building static mesh house_Button_005...
[2026.03.23-08.49.07:799][ 14]LogStaticMesh: Built static mesh [0.56s] /Game/House_Models/house_Button_005.house_Button_005
[2026.03.23-08.49.07:838][ 14]LogFbx: Display: Triangulating static mesh Button.006
[2026.03.23-08.49.07:863][ 14]LogStaticMesh: Building static mesh house_Button_006...
[2026.03.23-08.49.07:872][ 14]LogStaticMesh: Built static mesh [0.01s] /Game/House_Models/house_Button_006.house_Button_006
[2026.03.23-08.49.07:878][ 14]LogFbx: Display: Triangulating static mesh Button.007
[2026.03.23-08.49.07:896][ 14]LogStaticMesh: Building static mesh house_Button_007...
[2026.03.23-08.49.07:903][ 14]LogStaticMesh: Built static mesh [0.01s] /Game/House_Models/house_Button_007.house_Button_007
[2026.03.23-08.49.07:908][ 14]LogFbx: Display: Triangulating static mesh Button.008
[2026.03.23-08.49.07:922][ 14]LogStaticMesh: Building static mesh house_Button_008...
[2026.03.23-08.49.07:930][ 14]LogStaticMesh: Built static mesh [0.01s] /Game/House_Models/house_Button_008.house_Button_008
[2026.03.23-08.49.07:936][ 14]LogMaterial: Display: Missing cached shadermap for Metal_Black in PCD3D_SM5, Default, SM5 (DDC key hash: A844F161123637FB3963758EEE89D225981DB026), compiling. 
[2026.03.23-08.49.07:937][ 14]LogFbx: Display: Triangulating static mesh Button.009
[2026.03.23-08.49.07:944][ 14]LogStaticMesh: Building static mesh house_Button_009...
[2026.03.23-08.49.07:957][ 14]LogStaticMesh: Built static mesh [0.01s] /Game/House_Models/house_Button_009.house_Button_009
[2026.03.23-08.49.07:960][ 14]LogFbx: Display: Triangulating static mesh Button.010
[2026.03.23-08.49.07:974][ 14]LogStaticMesh: Building static mesh house_Button_010...
[2026.03.23-08.49.07:980][ 14]LogStaticMesh: Built static mesh [0.01s] /Game/House_Models/house_Button_010.house_Button_010
[2026.03.23-08.49.07:985][ 14]LogFbx: Display: Triangulating static mesh Button.012
[2026.03.23-08.49.08:367][ 14]LogStaticMesh: Building static mesh house_Button_012...
[2026.03.23-08.49.08:517][ 14]LogStaticMesh: Built static mesh [0.15s] /Game/House_Models/house_Button_012.house_Button_012
[2026.03.23-08.49.08:530][ 14]LogFbx: Display: Triangulating static mesh Button.013
[2026.03.23-08.49.08:562][ 14]LogStaticMesh: Building static mesh house_Button_013...
[2026.03.23-08.49.08:572][ 14]LogStaticMesh: Built static mesh [0.01s] /Game/House_Models/house_Button_013.house_Button_013
[2026.03.23-08.49.08:577][ 14]LogFbx: Display: Triangulating static mesh Button.014
[2026.03.23-08.49.08:582][ 14]LogStaticMesh: Building static mesh house_Button_014...
[2026.03.23-08.49.08:583][ 14]LogStaticMesh: Built static mesh [0.00s] /Game/House_Models/house_Button_014.house_Button_014
[2026.03.23-08.49.08:584][ 14]LogPhysicsCore: Warning: PHYSX: (D:\Build\++Fortnite\Sync\Engine\Source\ThirdParty\PhysX3\PhysX_3.4\Source\PhysXCooking\src\convex\QuickHullConvexHullLib.cpp 937) eINTERNAL_ERROR : QuickHullConvexHullLib::findSimplex: Simplex input points appers to be coplanar.
[2026.03.23-08.49.08:584][ 14]LogPhysicsCore: Warning: PHYSX: (D:\Build\++Fortnite\Sync\Engine\Source\ThirdParty\PhysX3\PhysX_3.4\Source\PhysXCooking\src\convex\QuickHullConvexHullLib.cpp 937) eINTERNAL_ERROR : QuickHullConvexHullLib::findSimplex: Simplex input points appers to be coplanar.
[2026.03.23-08.49.08:584][ 14]LogPhysics: Warning: Failed to cook convex: /Game/House_Models/house_Button_014.house_Button_014 0 (FlipX:0). The remaining elements will not get cooked.
[2026.03.23-08.49.08:584][ 14]LogPhysicsCore: Warning: PHYSX: (D:\Build\++Fortnite\Sync\Engine\Source\ThirdParty\PhysX3\PhysX_3.4\Source\PhysXCooking\src\convex\QuickHullConvexHullLib.cpp 937) eINTERNAL_ERROR : QuickHullConvexHullLib::findSimplex: Simplex input points appers to be coplanar.
[2026.03.23-08.49.08:584][ 14]LogPhysicsCore: Warning: PHYSX: (D:\Build\++Fortnite\Sync\Engine\Source\ThirdParty\PhysX3\PhysX_3.4\Source\PhysXCooking\src\convex\QuickHullConvexHullLib.cpp 937) eINTERNAL_ERROR : QuickHullConvexHullLib::findSimplex: Simplex input points appers to be coplanar.
[2026.03.23-08.49.08:584][ 14]LogPhysics: Warning: Failed to cook convex: /Game/House_Models/house_Button_014.house_Button_014 0 (FlipX:1). The remaining elements will not get cooked.
[2026.03.23-08.49.08:584][ 14]LogPhysics: Warning: Attempt to build physics data for /Game/House_Models/house_Button_014.house_Button_014:BodySetup_0 when we are unable to.
[2026.03.23-08.49.08:586][ 14]LogFbx: Display: Triangulating static mesh Button.015
[2026.03.23-08.49.08:598][ 14]LogStaticMesh: Building static mesh house_Button_015...
[2026.03.23-08.49.08:602][ 14]LogStaticMesh: Built static mesh [0.00s] /Game/House_Models/house_Button_015.house_Button_015
[2026.03.23-08.49.08:605][ 14]LogFbx: Display: Triangulating static mesh Button.016
[2026.03.23-08.49.08:609][ 14]LogStaticMesh: Building static mesh house_Button_016...
[2026.03.23-08.49.08:610][ 14]LogStaticMesh: Built static mesh [0.00s] /Game/House_Models/house_Button_016.house_Button_016
[2026.03.23-08.49.08:613][ 14]LogFbx: Display: Triangulating static mesh Button.017
[2026.03.23-08.49.08:960][ 14]LogStaticMesh: Building static mesh house_Button_017...
[2026.03.23-08.49.09:086][ 14]LogStaticMesh: Built static mesh [0.13s] /Game/House_Models/house_Button_017.house_Button_017
[2026.03.23-08.49.09:099][ 14]LogFbx: Display: Triangulating static mesh Button.018
[2026.03.23-08.49.09:102][ 14]LogStaticMesh: Building static mesh house_Button_018...
[2026.03.23-08.49.09:106][ 14]LogStaticMesh: Built static mesh [0.00s] /Game/House_Models/house_Button_018.house_Button_018
[2026.03.23-08.49.09:111][ 14]LogFbx: Display: Triangulating static mesh Button.019
[2026.03.23-08.49.09:463][ 14]LogStaticMesh: Building static mesh house_Button_019...
[2026.03.23-08.49.09:592][ 14]LogStaticMesh: Built static mesh [0.13s] /Game/House_Models/house_Button_019.house_Button_019
[2026.03.23-08.49.09:599][ 14]LogFbx: Display: Triangulating static mesh Button.020
[2026.03.23-08.49.09:926][ 14]LogStaticMesh: Building static mesh house_Button_020...
[2026.03.23-08.49.10:016][ 14]LogStaticMesh: Built static mesh [0.09s] /Game/House_Models/house_Button_020.house_Button_020
[2026.03.23-08.49.10:024][ 14]LogStaticMesh: Building static mesh house_Camera_Internal...
[2026.03.23-08.49.10:027][ 14]LogStaticMesh: Built static mesh [0.00s] /Game/House_Models/house_Camera_Internal.house_Camera_Internal
[2026.03.23-08.49.10:028][ 14]LogStaticMesh: Warning: house_Camera_Internal has some nearly zero tangents which can create some issues. (Tolerance of 1E-4)
[2026.03.23-08.49.10:028][ 14]LogStaticMesh: Warning: house_Camera_Internal has some nearly zero bi-normals which can create some issues. (Tolerance of 1E-4)
[2026.03.23-08.49.10:037][ 14]LogStaticMesh: Building static mesh house_Circle002...
[2026.03.23-08.49.10:048][ 14]LogStaticMesh: Built static mesh [0.01s] /Game/House_Models/house_Circle002.house_Circle002
[2026.03.23-08.49.10:060][ 14]LogStaticMesh: Building static mesh house_Cube046001...
[2026.03.23-08.49.10:065][ 14]LogStaticMesh: Built static mesh [0.01s] /Game/House_Models/house_Cube046001.house_Cube046001
[2026.03.23-08.49.10:072][ 14]LogStaticMesh: Building static mesh house_Fastener...
[2026.03.23-08.49.10:076][ 14]LogStaticMesh: Built static mesh [0.00s] /Game/House_Models/house_Fastener.house_Fastener
[2026.03.23-08.49.10:079][ 14]LogMaterial: Display: Missing cached shadermap for Metal_White in PCD3D_SM5, Default, SM5 (DDC key hash: 27D75198F926299CBCE67B2328445A66F406842B), compiling. 
[2026.03.23-08.49.10:084][ 14]LogStaticMesh: Building static mesh house_Fastener_...
[2026.03.23-08.49.10:088][ 14]LogStaticMesh: Built static mesh [0.00s] /Game/House_Models/house_Fastener_.house_Fastener_
[2026.03.23-08.49.10:093][ 14]LogStaticMesh: Building static mesh house_Fastener_001...
[2026.03.23-08.49.10:098][ 14]LogStaticMesh: Built static mesh [0.01s] /Game/House_Models/house_Fastener_001.house_Fastener_001
[2026.03.23-08.49.10:104][ 14]LogStaticMesh: Building static mesh house_Fastener_002...
[2026.03.23-08.49.10:108][ 14]LogStaticMesh: Built static mesh [0.00s] /Game/House_Models/house_Fastener_002.house_Fastener_002
[2026.03.23-08.49.10:109][ 14]LogStaticMesh: Warning: house_Fastener_002 has some nearly zero bi-normals which can create some issues. (Tolerance of 1E-4)
[2026.03.23-08.49.10:113][ 14]LogStaticMesh: Building static mesh house_Fastener_003...
[2026.03.23-08.49.10:117][ 14]LogStaticMesh: Built static mesh [0.00s] /Game/House_Models/house_Fastener_003.house_Fastener_003
[2026.03.23-08.49.10:122][ 14]LogStaticMesh: Building static mesh house_Fastener_004...
[2026.03.23-08.49.10:126][ 14]LogStaticMesh: Built static mesh [0.00s] /Game/House_Models/house_Fastener_004.house_Fastener_004
[2026.03.23-08.49.10:131][ 14]LogStaticMesh: Building static mesh house_Fastener_005...
[2026.03.23-08.49.10:135][ 14]LogStaticMesh: Built static mesh [0.00s] /Game/House_Models/house_Fastener_005.house_Fastener_005
[2026.03.23-08.49.10:140][ 14]LogStaticMesh: Building static mesh house_Fastener_006...
[2026.03.23-08.49.10:143][ 14]LogStaticMesh: Built static mesh [0.00s] /Game/House_Models/house_Fastener_006.house_Fastener_006
[2026.03.23-08.49.10:145][ 14]LogFbx: Display: Triangulating static mesh Flash Shoe
[2026.03.23-08.49.10:155][ 14]LogStaticMesh: Building static mesh house_Flash_Shoe...
[2026.03.23-08.49.10:162][ 14]LogStaticMesh: Built static mesh [0.01s] /Game/House_Models/house_Flash_Shoe.house_Flash_Shoe
[2026.03.23-08.49.10:166][ 14]LogFbxMaterialImport: Display: Unable to find Texture file D:\blender\assets\models\canon-eos-5d-mar_c71ed1a5-0c66-41af-9894-a5fd3ffdeb01\textures_2k\Image_2
[2026.03.23-08.49.10:167][ 14]LogMaterial: Display: Missing cached shadermap for Screen_2_003 in PCD3D_SM5, Default, SM5 (DDC key hash: EB61E4BBF8930DED46320B2784E456618C35AA48), compiling. 
[2026.03.23-08.49.10:168][ 14]LogFbx: Display: Triangulating static mesh LCD
[2026.03.23-08.49.10:170][ 14]LogStaticMesh: Building static mesh house_LCD...
[2026.03.23-08.49.10:171][ 14]LogStaticMesh: Built static mesh [0.00s] /Game/House_Models/house_LCD.house_LCD
[2026.03.23-08.49.10:174][ 14]LogFbx: Display: Triangulating static mesh Labels
[2026.03.23-08.49.10:213][ 14]LogStaticMesh: Building static mesh house_Labels...
[2026.03.23-08.49.10:237][ 14]LogStaticMesh: Built static mesh [0.02s] /Game/House_Models/house_Labels.house_Labels
[2026.03.23-08.49.10:244][ 14]LogFbx: Display: Triangulating static mesh Labels.001
[2026.03.23-08.49.10:250][ 14]LogStaticMesh: Building static mesh house_Labels_001...
[2026.03.23-08.49.10:252][ 14]LogStaticMesh: Built static mesh [0.00s] /Game/House_Models/house_Labels_001.house_Labels_001
[2026.03.23-08.49.10:255][ 14]LogFbx: Display: Triangulating static mesh Labels.002
[2026.03.23-08.49.10:257][ 14]LogStaticMesh: Building static mesh house_Labels_002...
[2026.03.23-08.49.10:258][ 14]LogStaticMesh: Built static mesh [0.00s] /Game/House_Models/house_Labels_002.house_Labels_002
[2026.03.23-08.49.10:259][ 14]LogPhysicsCore: Warning: PHYSX: (D:\Build\++Fortnite\Sync\Engine\Source\ThirdParty\PhysX3\PhysX_3.4\Source\PhysXCooking\src\convex\QuickHullConvexHullLib.cpp 937) eINTERNAL_ERROR : QuickHullConvexHullLib::findSimplex: Simplex input points appers to be coplanar.
[2026.03.23-08.49.10:259][ 14]LogPhysicsCore: Warning: PHYSX: (D:\Build\++Fortnite\Sync\Engine\Source\ThirdParty\PhysX3\PhysX_3.4\Source\PhysXCooking\src\convex\QuickHullConvexHullLib.cpp 937) eINTERNAL_ERROR : QuickHullConvexHullLib::findSimplex: Simplex input points appers to be coplanar.
[2026.03.23-08.49.10:259][ 14]LogPhysics: Warning: Failed to cook convex: /Game/House_Models/house_Labels_002.house_Labels_002 0 (FlipX:0). The remaining elements will not get cooked.
[2026.03.23-08.49.10:259][ 14]LogPhysicsCore: Warning: PHYSX: (D:\Build\++Fortnite\Sync\Engine\Source\ThirdParty\PhysX3\PhysX_3.4\Source\PhysXCooking\src\convex\QuickHullConvexHullLib.cpp 937) eINTERNAL_ERROR : QuickHullConvexHullLib::findSimplex: Simplex input points appers to be coplanar.
[2026.03.23-08.49.10:259][ 14]LogPhysicsCore: Warning: PHYSX: (D:\Build\++Fortnite\Sync\Engine\Source\ThirdParty\PhysX3\PhysX_3.4\Source\PhysXCooking\src\convex\QuickHullConvexHullLib.cpp 937) eINTERNAL_ERROR : QuickHullConvexHullLib::findSimplex: Simplex input points appers to be coplanar.
[2026.03.23-08.49.10:259][ 14]LogPhysics: Warning: Failed to cook convex: /Game/House_Models/house_Labels_002.house_Labels_002 0 (FlipX:1). The remaining elements will not get cooked.
[2026.03.23-08.49.10:259][ 14]LogPhysics: Warning: Attempt to build physics data for /Game/House_Models/house_Labels_002.house_Labels_002:BodySetup_0 when we are unable to.
[2026.03.23-08.49.10:261][ 14]LogFbx: Display: Triangulating static mesh Labels.003
[2026.03.23-08.49.10:262][ 14]LogStaticMesh: Building static mesh house_Labels_003...
[2026.03.23-08.49.10:264][ 14]LogStaticMesh: Built static mesh [0.00s] /Game/House_Models/house_Labels_003.house_Labels_003
[2026.03.23-08.49.10:267][ 14]LogFbx: Display: Triangulating static mesh Labels.004
[2026.03.23-08.49.10:269][ 14]LogStaticMesh: Building static mesh house_Labels_004...
[2026.03.23-08.49.10:270][ 14]LogStaticMesh: Built static mesh [0.00s] /Game/House_Models/house_Labels_004.house_Labels_004
[2026.03.23-08.49.10:270][ 14]LogPhysicsCore: Warning: PHYSX: (D:\Build\++Fortnite\Sync\Engine\Source\ThirdParty\PhysX3\PhysX_3.4\Source\PhysXCooking\src\convex\QuickHullConvexHullLib.cpp 937) eINTERNAL_ERROR : QuickHullConvexHullLib::findSimplex: Simplex input points appers to be coplanar.
[2026.03.23-08.49.10:270][ 14]LogPhysicsCore: Warning: PHYSX: (D:\Build\++Fortnite\Sync\Engine\Source\ThirdParty\PhysX3\PhysX_3.4\Source\PhysXCooking\src\convex\QuickHullConvexHullLib.cpp 937) eINTERNAL_ERROR : QuickHullConvexHullLib::findSimplex: Simplex input points appers to be coplanar.
[2026.03.23-08.49.10:270][ 14]LogPhysics: Warning: Failed to cook convex: /Game/House_Models/house_Labels_004.house_Labels_004 0 (FlipX:0). The remaining elements will not get cooked.
[2026.03.23-08.49.10:270][ 14]LogPhysicsCore: Warning: PHYSX: (D:\Build\++Fortnite\Sync\Engine\Source\ThirdParty\PhysX3\PhysX_3.4\Source\PhysXCooking\src\convex\QuickHullConvexHullLib.cpp 937) eINTERNAL_ERROR : QuickHullConvexHullLib::findSimplex: Simplex input points appers to be coplanar.
[2026.03.23-08.49.10:270][ 14]LogPhysicsCore: Warning: PHYSX: (D:\Build\++Fortnite\Sync\Engine\Source\ThirdParty\PhysX3\PhysX_3.4\Source\PhysXCooking\src\convex\QuickHullConvexHullLib.cpp 937) eINTERNAL_ERROR : QuickHullConvexHullLib::findSimplex: Simplex input points appers to be coplanar.
[2026.03.23-08.49.10:271][ 14]LogPhysics: Warning: Failed to cook convex: /Game/House_Models/house_Labels_004.house_Labels_004 0 (FlipX:1). The remaining elements will not get cooked.
[2026.03.23-08.49.10:271][ 14]LogPhysics: Warning: Attempt to build physics data for /Game/House_Models/house_Labels_004.house_Labels_004:BodySetup_0 when we are unable to.
[2026.03.23-08.49.10:272][ 14]LogFbx: Display: Triangulating static mesh Labels.005
[2026.03.23-08.49.10:273][ 14]LogStaticMesh: Building static mesh house_Labels_005...
[2026.03.23-08.49.10:274][ 14]LogStaticMesh: Built static mesh [0.00s] /Game/House_Models/house_Labels_005.house_Labels_005
[2026.03.23-08.49.10:275][ 14]LogPhysicsCore: Warning: PHYSX: (D:\Build\++Fortnite\Sync\Engine\Source\ThirdParty\PhysX3\PhysX_3.4\Source\PhysXCooking\src\convex\QuickHullConvexHullLib.cpp 937) eINTERNAL_ERROR : QuickHullConvexHullLib::findSimplex: Simplex input points appers to be coplanar.
[2026.03.23-08.49.10:275][ 14]LogPhysicsCore: Warning: PHYSX: (D:\Build\++Fortnite\Sync\Engine\Source\ThirdParty\PhysX3\PhysX_3.4\Source\PhysXCooking\src\convex\QuickHullConvexHullLib.cpp 937) eINTERNAL_ERROR : QuickHullConvexHullLib::findSimplex: Simplex input points appers to be coplanar.
[2026.03.23-08.49.10:275][ 14]LogPhysics: Warning: Failed to cook convex: /Game/House_Models/house_Labels_005.house_Labels_005 0 (FlipX:0). The remaining elements will not get cooked.
[2026.03.23-08.49.10:275][ 14]LogPhysicsCore: Warning: PHYSX: (D:\Build\++Fortnite\Sync\Engine\Source\ThirdParty\PhysX3\PhysX_3.4\Source\PhysXCooking\src\convex\QuickHullConvexHullLib.cpp 937) eINTERNAL_ERROR : QuickHullConvexHullLib::findSimplex: Simplex input points appers to be coplanar.
[2026.03.23-08.49.10:275][ 14]LogPhysicsCore: Warning: PHYSX: (D:\Build\++Fortnite\Sync\Engine\Source\ThirdParty\PhysX3\PhysX_3.4\Source\PhysXCooking\src\convex\QuickHullConvexHullLib.cpp 937) eINTERNAL_ERROR : QuickHullConvexHullLib::findSimplex: Simplex input points appers to be coplanar.
[2026.03.23-08.49.10:275][ 14]LogPhysics: Warning: Failed to cook convex: /Game/House_Models/house_Labels_005.house_Labels_005 0 (FlipX:1). The remaining elements will not get cooked.
[2026.03.23-08.49.10:275][ 14]LogPhysics: Warning: Attempt to build physics data for /Game/House_Models/house_Labels_005.house_Labels_005:BodySetup_0 when we are unable to.
[2026.03.23-08.49.10:276][ 14]LogFbx: Display: Triangulating static mesh Labels.006
[2026.03.23-08.49.10:277][ 14]LogStaticMesh: Building static mesh house_Labels_006...
[2026.03.23-08.49.10:278][ 14]LogStaticMesh: Built static mesh [0.00s] /Game/House_Models/house_Labels_006.house_Labels_006
[2026.03.23-08.49.10:279][ 14]LogPhysicsCore: Warning: PHYSX: (D:\Build\++Fortnite\Sync\Engine\Source\ThirdParty\PhysX3\PhysX_3.4\Source\PhysXCooking\src\convex\QuickHullConvexHullLib.cpp 937) eINTERNAL_ERROR : QuickHullConvexHullLib::findSimplex: Simplex input points appers to be coplanar.
[2026.03.23-08.49.10:279][ 14]LogPhysicsCore: Warning: PHYSX: (D:\Build\++Fortnite\Sync\Engine\Source\ThirdParty\PhysX3\PhysX_3.4\Source\PhysXCooking\src\convex\QuickHullConvexHullLib.cpp 937) eINTERNAL_ERROR : QuickHullConvexHullLib::findSimplex: Simplex input points appers to be coplanar.
[2026.03.23-08.49.10:279][ 14]LogPhysics: Warning: Failed to cook convex: /Game/House_Models/house_Labels_006.house_Labels_006 0 (FlipX:0). The remaining elements will not get cooked.
[2026.03.23-08.49.10:279][ 14]LogPhysicsCore: Warning: PHYSX: (D:\Build\++Fortnite\Sync\Engine\Source\ThirdParty\PhysX3\PhysX_3.4\Source\PhysXCooking\src\convex\QuickHullConvexHullLib.cpp 937) eINTERNAL_ERROR : QuickHullConvexHullLib::findSimplex: Simplex input points appers to be coplanar.
[2026.03.23-08.49.10:279][ 14]LogPhysicsCore: Warning: PHYSX: (D:\Build\++Fortnite\Sync\Engine\Source\ThirdParty\PhysX3\PhysX_3.4\Source\PhysXCooking\src\convex\QuickHullConvexHullLib.cpp 937) eINTERNAL_ERROR : QuickHullConvexHullLib::findSimplex: Simplex input points appers to be coplanar.
[2026.03.23-08.49.10:279][ 14]LogPhysics: Warning: Failed to cook convex: /Game/House_Models/house_Labels_006.house_Labels_006 0 (FlipX:1). The remaining elements will not get cooked.
[2026.03.23-08.49.10:279][ 14]LogPhysics: Warning: Attempt to build physics data for /Game/House_Models/house_Labels_006.house_Labels_006:BodySetup_0 when we are unable to.
[2026.03.23-08.49.10:280][ 14]LogFbx: Display: Triangulating static mesh Labels.007
[2026.03.23-08.49.10:281][ 14]LogStaticMesh: Building static mesh house_Labels_007...
[2026.03.23-08.49.10:282][ 14]LogStaticMesh: Built static mesh [0.00s] /Game/House_Models/house_Labels_007.house_Labels_007
[2026.03.23-08.49.10:283][ 14]LogPhysicsCore: Warning: PHYSX: (D:\Build\++Fortnite\Sync\Engine\Source\ThirdParty\PhysX3\PhysX_3.4\Source\PhysXCooking\src\convex\QuickHullConvexHullLib.cpp 937) eINTERNAL_ERROR : QuickHullConvexHullLib::findSimplex: Simplex input points appers to be coplanar.
[2026.03.23-08.49.10:283][ 14]LogPhysicsCore: Warning: PHYSX: (D:\Build\++Fortnite\Sync\Engine\Source\ThirdParty\PhysX3\PhysX_3.4\Source\PhysXCooking\src\convex\QuickHullConvexHullLib.cpp 937) eINTERNAL_ERROR : QuickHullConvexHullLib::findSimplex: Simplex input points appers to be coplanar.
[2026.03.23-08.49.10:283][ 14]LogPhysics: Warning: Failed to cook convex: /Game/House_Models/house_Labels_007.house_Labels_007 0 (FlipX:0). The remaining elements will not get cooked.
[2026.03.23-08.49.10:283][ 14]LogPhysicsCore: Warning: PHYSX: (D:\Build\++Fortnite\Sync\Engine\Source\ThirdParty\PhysX3\PhysX_3.4\Source\PhysXCooking\src\convex\QuickHullConvexHullLib.cpp 937) eINTERNAL_ERROR : QuickHullConvexHullLib::findSimplex: Simplex input points appers to be coplanar.
[2026.03.23-08.49.10:283][ 14]LogPhysicsCore: Warning: PHYSX: (D:\Build\++Fortnite\Sync\Engine\Source\ThirdParty\PhysX3\PhysX_3.4\Source\PhysXCooking\src\convex\QuickHullConvexHullLib.cpp 937) eINTERNAL_ERROR : QuickHullConvexHullLib::findSimplex: Simplex input points appers to be coplanar.
[2026.03.23-08.49.10:283][ 14]LogPhysics: Warning: Failed to cook convex: /Game/House_Models/house_Labels_007.house_Labels_007 0 (FlipX:1). The remaining elements will not get cooked.
[2026.03.23-08.49.10:283][ 14]LogPhysics: Warning: Attempt to build physics data for /Game/House_Models/house_Labels_007.house_Labels_007:BodySetup_0 when we are unable to.
[2026.03.23-08.49.10:285][ 14]LogFbx: Display: Triangulating static mesh Labels.008
[2026.03.23-08.49.10:286][ 14]LogStaticMesh: Building static mesh house_Labels_008...
[2026.03.23-08.49.10:287][ 14]LogStaticMesh: Built static mesh [0.00s] /Game/House_Models/house_Labels_008.house_Labels_008
[2026.03.23-08.49.10:287][ 14]LogPhysicsCore: Warning: PHYSX: (D:\Build\++Fortnite\Sync\Engine\Source\ThirdParty\PhysX3\PhysX_3.4\Source\PhysXCooking\src\convex\QuickHullConvexHullLib.cpp 937) eINTERNAL_ERROR : QuickHullConvexHullLib::findSimplex: Simplex input points appers to be coplanar.
[2026.03.23-08.49.10:288][ 14]LogPhysicsCore: Warning: PHYSX: (D:\Build\++Fortnite\Sync\Engine\Source\ThirdParty\PhysX3\PhysX_3.4\Source\PhysXCooking\src\convex\QuickHullConvexHullLib.cpp 937) eINTERNAL_ERROR : QuickHullConvexHullLib::findSimplex: Simplex input points appers to be coplanar.
[2026.03.23-08.49.10:288][ 14]LogPhysics: Warning: Failed to cook convex: /Game/House_Models/house_Labels_008.house_Labels_008 0 (FlipX:0). The remaining elements will not get cooked.
[2026.03.23-08.49.10:288][ 14]LogPhysicsCore: Warning: PHYSX: (D:\Build\++Fortnite\Sync\Engine\Source\ThirdParty\PhysX3\PhysX_3.4\Source\PhysXCooking\src\convex\QuickHullConvexHullLib.cpp 937) eINTERNAL_ERROR : QuickHullConvexHullLib::findSimplex: Simplex input points appers to be coplanar.
[2026.03.23-08.49.10:288][ 14]LogPhysicsCore: Warning: PHYSX: (D:\Build\++Fortnite\Sync\Engine\Source\ThirdParty\PhysX3\PhysX_3.4\Source\PhysXCooking\src\convex\QuickHullConvexHullLib.cpp 937) eINTERNAL_ERROR : QuickHullConvexHullLib::findSimplex: Simplex input points appers to be coplanar.
[2026.03.23-08.49.10:288][ 14]LogPhysics: Warning: Failed to cook convex: /Game/House_Models/house_Labels_008.house_Labels_008 0 (FlipX:1). The remaining elements will not get cooked.
[2026.03.23-08.49.10:288][ 14]LogPhysics: Warning: Attempt to build physics data for /Game/House_Models/house_Labels_008.house_Labels_008:BodySetup_0 when we are unable to.
[2026.03.23-08.49.10:289][ 14]LogFbx: Display: Triangulating static mesh Labels.009
[2026.03.23-08.49.10:291][ 14]LogStaticMesh: Building static mesh house_Labels_009...
[2026.03.23-08.49.10:292][ 14]LogStaticMesh: Built static mesh [0.00s] /Game/House_Models/house_Labels_009.house_Labels_009
[2026.03.23-08.49.10:293][ 14]LogFbx: Display: Triangulating static mesh Labels.010
[2026.03.23-08.49.10:295][ 14]LogStaticMesh: Building static mesh house_Labels_010...
[2026.03.23-08.49.10:297][ 14]LogStaticMesh: Built static mesh [0.00s] /Game/House_Models/house_Labels_010.house_Labels_010
[2026.03.23-08.49.10:297][ 14]LogPhysicsCore: Warning: PHYSX: (D:\Build\++Fortnite\Sync\Engine\Source\ThirdParty\PhysX3\PhysX_3.4\Source\PhysXCooking\src\convex\QuickHullConvexHullLib.cpp 937) eINTERNAL_ERROR : QuickHullConvexHullLib::findSimplex: Simplex input points appers to be coplanar.
[2026.03.23-08.49.10:297][ 14]LogPhysicsCore: Warning: PHYSX: (D:\Build\++Fortnite\Sync\Engine\Source\ThirdParty\PhysX3\PhysX_3.4\Source\PhysXCooking\src\convex\QuickHullConvexHullLib.cpp 937) eINTERNAL_ERROR : QuickHullConvexHullLib::findSimplex: Simplex input points appers to be coplanar.
[2026.03.23-08.49.10:297][ 14]LogPhysics: Warning: Failed to cook convex: /Game/House_Models/house_Labels_010.house_Labels_010 0 (FlipX:0). The remaining elements will not get cooked.
[2026.03.23-08.49.10:297][ 14]LogPhysicsCore: Warning: PHYSX: (D:\Build\++Fortnite\Sync\Engine\Source\ThirdParty\PhysX3\PhysX_3.4\Source\PhysXCooking\src\convex\QuickHullConvexHullLib.cpp 937) eINTERNAL_ERROR : QuickHullConvexHullLib::findSimplex: Simplex input points appers to be coplanar.
[2026.03.23-08.49.10:297][ 14]LogPhysicsCore: Warning: PHYSX: (D:\Build\++Fortnite\Sync\Engine\Source\ThirdParty\PhysX3\PhysX_3.4\Source\PhysXCooking\src\convex\QuickHullConvexHullLib.cpp 937) eINTERNAL_ERROR : QuickHullConvexHullLib::findSimplex: Simplex input points appers to be coplanar.
[2026.03.23-08.49.10:297][ 14]LogPhysics: Warning: Failed to cook convex: /Game/House_Models/house_Labels_010.house_Labels_010 0 (FlipX:1). The remaining elements will not get cooked.
[2026.03.23-08.49.10:297][ 14]LogPhysics: Warning: Attempt to build physics data for /Game/House_Models/house_Labels_010.house_Labels_010:BodySetup_0 when we are unable to.
[2026.03.23-08.49.10:299][ 14]LogFbx: Display: Triangulating static mesh Labels.011
[2026.03.23-08.49.10:300][ 14]LogStaticMesh: Building static mesh house_Labels_011...
[2026.03.23-08.49.10:300][ 14]LogStaticMesh: Built static mesh [0.00s] /Game/House_Models/house_Labels_011.house_Labels_011
[2026.03.23-08.49.10:301][ 14]LogPhysicsCore: Warning: PHYSX: (D:\Build\++Fortnite\Sync\Engine\Source\ThirdParty\PhysX3\PhysX_3.4\Source\PhysXCooking\src\convex\QuickHullConvexHullLib.cpp 937) eINTERNAL_ERROR : QuickHullConvexHullLib::findSimplex: Simplex input points appers to be coplanar.
[2026.03.23-08.49.10:301][ 14]LogPhysicsCore: Warning: PHYSX: (D:\Build\++Fortnite\Sync\Engine\Source\ThirdParty\PhysX3\PhysX_3.4\Source\PhysXCooking\src\convex\QuickHullConvexHullLib.cpp 937) eINTERNAL_ERROR : QuickHullConvexHullLib::findSimplex: Simplex input points appers to be coplanar.
[2026.03.23-08.49.10:301][ 14]LogPhysics: Warning: Failed to cook convex: /Game/House_Models/house_Labels_011.house_Labels_011 0 (FlipX:0). The remaining elements will not get cooked.
[2026.03.23-08.49.10:301][ 14]LogPhysicsCore: Warning: PHYSX: (D:\Build\++Fortnite\Sync\Engine\Source\ThirdParty\PhysX3\PhysX_3.4\Source\PhysXCooking\src\convex\QuickHullConvexHullLib.cpp 937) eINTERNAL_ERROR : QuickHullConvexHullLib::findSimplex: Simplex input points appers to be coplanar.
[2026.03.23-08.49.10:301][ 14]LogPhysicsCore: Warning: PHYSX: (D:\Build\++Fortnite\Sync\Engine\Source\ThirdParty\PhysX3\PhysX_3.4\Source\PhysXCooking\src\convex\QuickHullConvexHullLib.cpp 937) eINTERNAL_ERROR : QuickHullConvexHullLib::findSimplex: Simplex input points appers to be coplanar.
[2026.03.23-08.49.10:301][ 14]LogPhysics: Warning: Failed to cook convex: /Game/House_Models/house_Labels_011.house_Labels_011 0 (FlipX:1). The remaining elements will not get cooked.
[2026.03.23-08.49.10:301][ 14]LogPhysics: Warning: Attempt to build physics data for /Game/House_Models/house_Labels_011.house_Labels_011:BodySetup_0 when we are unable to.
[2026.03.23-08.49.10:302][ 14]LogFbx: Display: Triangulating static mesh Labels.012
[2026.03.23-08.49.10:305][ 14]LogStaticMesh: Building static mesh house_Labels_012...
[2026.03.23-08.49.10:306][ 14]LogStaticMesh: Built static mesh [0.00s] /Game/House_Models/house_Labels_012.house_Labels_012
[2026.03.23-08.49.10:307][ 14]LogPhysicsCore: Warning: PHYSX: (D:\Build\++Fortnite\Sync\Engine\Source\ThirdParty\PhysX3\PhysX_3.4\Source\PhysXCooking\src\convex\QuickHullConvexHullLib.cpp 937) eINTERNAL_ERROR : QuickHullConvexHullLib::findSimplex: Simplex input points appers to be coplanar.
[2026.03.23-08.49.10:307][ 14]LogPhysicsCore: Warning: PHYSX: (D:\Build\++Fortnite\Sync\Engine\Source\ThirdParty\PhysX3\PhysX_3.4\Source\PhysXCooking\src\convex\QuickHullConvexHullLib.cpp 937) eINTERNAL_ERROR : QuickHullConvexHullLib::findSimplex: Simplex input points appers to be coplanar.
[2026.03.23-08.49.10:307][ 14]LogPhysics: Warning: Failed to cook convex: /Game/House_Models/house_Labels_012.house_Labels_012 0 (FlipX:0). The remaining elements will not get cooked.
[2026.03.23-08.49.10:307][ 14]LogPhysicsCore: Warning: PHYSX: (D:\Build\++Fortnite\Sync\Engine\Source\ThirdParty\PhysX3\PhysX_3.4\Source\PhysXCooking\src\convex\QuickHullConvexHullLib.cpp 937) eINTERNAL_ERROR : QuickHullConvexHullLib::findSimplex: Simplex input points appers to be coplanar.
[2026.03.23-08.49.10:307][ 14]LogPhysicsCore: Warning: PHYSX: (D:\Build\++Fortnite\Sync\Engine\Source\ThirdParty\PhysX3\PhysX_3.4\Source\PhysXCooking\src\convex\QuickHullConvexHullLib.cpp 937) eINTERNAL_ERROR : QuickHullConvexHullLib::findSimplex: Simplex input points appers to be coplanar.
[2026.03.23-08.49.10:307][ 14]LogPhysics: Warning: Failed to cook convex: /Game/House_Models/house_Labels_012.house_Labels_012 0 (FlipX:1). The remaining elements will not get cooked.
[2026.03.23-08.49.10:307][ 14]LogPhysics: Warning: Attempt to build physics data for /Game/House_Models/house_Labels_012.house_Labels_012:BodySetup_0 when we are unable to.
[2026.03.23-08.49.10:309][ 14]LogStaticMesh: Building static mesh house_Lanyard_Loop...
[2026.03.23-08.49.10:309][ 14]LogStaticMesh: Built static mesh [0.00s] /Game/House_Models/house_Lanyard_Loop.house_Lanyard_Loop
[2026.03.23-08.49.10:312][ 14]LogFbx: Display: Triangulating static mesh Lens Body
[2026.03.23-08.49.10:516][ 14]LogStaticMesh: Building static mesh house_Lens_Body...
[2026.03.23-08.49.10:624][ 14]LogStaticMesh: Built static mesh [0.11s] /Game/House_Models/house_Lens_Body.house_Lens_Body
[2026.03.23-08.49.10:676][ 14]LogFbx: Display: Triangulating static mesh Lens Button
[2026.03.23-08.49.10:678][ 14]LogStaticMesh: Building static mesh house_Lens_Button...
[2026.03.23-08.49.10:679][ 14]LogStaticMesh: Built static mesh [0.00s] /Game/House_Models/house_Lens_Button.house_Lens_Button
[2026.03.23-08.49.10:681][ 14]LogFbx: Display: Triangulating static mesh Lens Button holder
[2026.03.23-08.49.10:696][ 14]LogStaticMesh: Building static mesh house_Lens_Button_holder...
[2026.03.23-08.49.10:705][ 14]LogStaticMesh: Built static mesh [0.01s] /Game/House_Models/house_Lens_Button_holder.house_Lens_Button_holder
[2026.03.23-08.49.10:710][ 14]LogFbx: Display: Triangulating static mesh Lens Button.001
[2026.03.23-08.49.10:711][ 14]LogStaticMesh: Building static mesh house_Lens_Button_001...
[2026.03.23-08.49.10:712][ 14]LogStaticMesh: Built static mesh [0.00s] /Game/House_Models/house_Lens_Button_001.house_Lens_Button_001
[2026.03.23-08.49.10:715][ 14]LogMaterial: Display: Missing cached shadermap for Material_013 in PCD3D_SM5, Default, SM5 (DDC key hash: 59B77FE63D4C2242A7C4930BC00AC13A8AE05889), compiling. 
[2026.03.23-08.49.10:717][ 14]LogStaticMesh: Building static mesh house_Lens_Connector...
[2026.03.23-08.49.10:721][ 14]LogStaticMesh: Built static mesh [0.00s] /Game/House_Models/house_Lens_Connector.house_Lens_Connector
[2026.03.23-08.49.10:725][ 14]LogMaterial: Display: Missing cached shadermap for Multicoated_glass in PCD3D_SM5, Default, SM5 (DDC key hash: 2327B662FBE4C4B8D9AA28DEA4B88E19E57A1BE5), compiling. 
[2026.03.23-08.49.10:728][ 14]LogStaticMesh: Building static mesh house_Lens_Glass...
[2026.03.23-08.49.10:733][ 14]LogStaticMesh: Built static mesh [0.00s] /Game/House_Models/house_Lens_Glass.house_Lens_Glass
[2026.03.23-08.49.10:738][ 14]LogStaticMesh: Building static mesh house_Lens_Glass_001...
[2026.03.23-08.49.10:744][ 14]LogStaticMesh: Built static mesh [0.01s] /Game/House_Models/house_Lens_Glass_001.house_Lens_Glass_001
[2026.03.23-08.49.10:749][ 14]LogStaticMesh: Building static mesh house_Lens_Gless...
[2026.03.23-08.49.10:754][ 14]LogStaticMesh: Built static mesh [0.00s] /Game/House_Models/house_Lens_Gless.house_Lens_Gless
[2026.03.23-08.49.10:760][ 14]LogMaterial: Display: Missing cached shadermap for Material_004 in PCD3D_SM5, Default, SM5 (DDC key hash: F7DF37EB1C4164650C21781F13EBFCA89592391A), compiling. 
[2026.03.23-08.49.10:761][ 14]LogFbx: Display: Triangulating static mesh Lens Internal
[2026.03.23-08.49.10:821][ 14]LogStaticMesh: Building static mesh house_Lens_Internal...
[2026.03.23-08.49.10:839][ 14]LogStaticMesh: Built static mesh [0.02s] /Game/House_Models/house_Lens_Internal.house_Lens_Internal
[2026.03.23-08.49.10:856][ 14]LogStaticMesh: Building static mesh house_Lens_Internal_001...
[2026.03.23-08.49.10:861][ 14]LogStaticMesh: Built static mesh [0.00s] /Game/House_Models/house_Lens_Internal_001.house_Lens_Internal_001
[2026.03.23-08.49.10:866][ 14]LogMaterial: Display: Missing cached shadermap for labels_003 in PCD3D_SM5, Default, SM5 (DDC key hash: C36AA010634578156BA72779F6D82807F93127B3), compiling. 
[2026.03.23-08.49.10:870][ 14]LogStaticMesh: Building static mesh house_Lens_Labels...
[2026.03.23-08.49.10:877][ 14]LogStaticMesh: Built static mesh [0.01s] /Game/House_Models/house_Lens_Labels.house_Lens_Labels
[2026.03.23-08.49.10:878][ 14]LogStaticMesh: Warning: house_Lens_Labels has some nearly zero tangents which can create some issues. (Tolerance of 1E-4)
[2026.03.23-08.49.10:878][ 14]LogStaticMesh: Warning: house_Lens_Labels has some nearly zero bi-normals which can create some issues. (Tolerance of 1E-4)
[2026.03.23-08.49.10:882][ 14]LogMaterial: Display: Missing cached shadermap for Metal_Polished_White in PCD3D_SM5, Default, SM5 (DDC key hash: 0FAC769650E79B0426EEA1EC78E6C1977F6ACEDC), compiling. 
[2026.03.23-08.49.10:885][ 14]LogMaterial: Display: Missing cached shadermap for srebro_006 in PCD3D_SM5, Default, SM5 (DDC key hash: AC8BF7FF4B2E8CAFEAF6BA7CB9AA99F1C72E41B7), compiling. 
[2026.03.23-08.49.10:886][ 14]LogFbx: Display: Triangulating static mesh Lens Mount
[2026.03.23-08.49.10:908][ 14]LogStaticMesh: Building static mesh house_Lens_Mount...
[2026.03.23-08.49.10:921][ 14]LogStaticMesh: Built static mesh [0.01s] /Game/House_Models/house_Lens_Mount.house_Lens_Mount
[2026.03.23-08.49.10:928][ 14]LogMaterial: Display: Missing cached shadermap for Lens_text in PCD3D_SM5, Default, SM5 (DDC key hash: F7BA12BD55DC2EC6ACE039B2ED48A3C224212410), compiling. 
[2026.03.23-08.49.10:929][ 14]LogFbx: Display: Triangulating static mesh Lens text
[2026.03.23-08.49.10:934][ 14]LogStaticMesh: Building static mesh house_Lens_text...
[2026.03.23-08.49.10:943][ 14]LogStaticMesh: Built static mesh [0.01s] /Game/House_Models/house_Lens_text.house_Lens_text
[2026.03.23-08.49.10:948][ 14]LogMaterial: Display: Missing cached shadermap for LABELS3_003 in PCD3D_SM5, Default, SM5 (DDC key hash: 1AC82DBA702644307F19EE4F0DE8BAFDBEDB6B39), compiling. 
[2026.03.23-08.49.10:951][ 14]LogStaticMesh: Building static mesh house_Ports...
[2026.03.23-08.49.10:955][ 14]LogStaticMesh: Built static mesh [0.00s] /Game/House_Models/house_Ports.house_Ports
[2026.03.23-08.49.10:959][ 14]LogMaterial: Display: Missing cached shadermap for guma_005 in PCD3D_SM5, Default, SM5 (DDC key hash: D0B1D69B26AF4D3A298186E103C8D6370D9A35B8), compiling. 
[2026.03.23-08.49.10:961][ 14]LogFbx: Display: Triangulating static mesh Ring
[2026.03.23-08.49.10:993][ 14]LogStaticMesh: Building static mesh house_Ring...
[2026.03.23-08.49.11:021][ 14]LogStaticMesh: Built static mesh [0.03s] /Game/House_Models/house_Ring.house_Ring
[2026.03.23-08.49.11:029][ 14]LogFbx: Display: Triangulating static mesh Ring.001
[2026.03.23-08.49.11:044][ 14]LogStaticMesh: Building static mesh house_Ring_001...
[2026.03.23-08.49.11:064][ 14]LogStaticMesh: Built static mesh [0.02s] /Game/House_Models/house_Ring_001.house_Ring_001
[2026.03.23-08.49.11:072][ 14]LogMaterial: Display: Missing cached shadermap for Material_001 in PCD3D_SM5, Default, SM5 (DDC key hash: 33D3291A3882D2C1D86227E3F73FD679385ABEB1), compiling. 
[2026.03.23-08.49.11:073][ 14]LogFbx: Display: Triangulating static mesh Ring.002
[2026.03.23-08.49.11:081][ 14]LogStaticMesh: Building static mesh house_Ring_002...
[2026.03.23-08.49.11:085][ 14]LogStaticMesh: Built static mesh [0.00s] /Game/House_Models/house_Ring_002.house_Ring_002
[2026.03.23-08.49.11:092][ 14]LogFbxMaterialImport: Display: Unable to find Texture file D:\blender\assets\models\canon-eos-5d-mar_c71ed1a5-0c66-41af-9894-a5fd3ffdeb01\textures_2k\Image_3
[2026.03.23-08.49.11:093][ 14]LogMaterial: Display: Missing cached shadermap for Material_016 in PCD3D_SM5, Default, SM5 (DDC key hash: 7B403A067A23D2CA5E8B087F427CD95A4D20F18F), compiling. 
[2026.03.23-08.49.11:095][ 14]LogStaticMesh: Building static mesh house_Screen...
[2026.03.23-08.49.11:096][ 14]LogStaticMesh: Built static mesh [0.00s] /Game/House_Models/house_Screen.house_Screen
[2026.03.23-08.49.11:100][ 14]LogFbx: Display: Triangulating static mesh Scroll
[2026.03.23-08.49.11:203][ 14]LogStaticMesh: Building static mesh house_Scroll...
[2026.03.23-08.49.11:251][ 14]LogStaticMesh: Built static mesh [0.05s] /Game/House_Models/house_Scroll.house_Scroll
[2026.03.23-08.49.11:258][ 14]LogFbx: Display: Triangulating static mesh Scroll.001
[2026.03.23-08.49.11:314][ 14]LogStaticMesh: Building static mesh house_Scroll_001...
[2026.03.23-08.49.11:346][ 14]LogStaticMesh: Built static mesh [0.03s] /Game/House_Models/house_Scroll_001.house_Scroll_001
[2026.03.23-08.49.11:352][ 14]LogStaticMesh: Warning: house_Scroll_001 has some nearly zero bi-normals which can create some issues. (Tolerance of 1E-4)
[2026.03.23-08.49.11:361][ 14]LogFbx: Display: Triangulating static mesh Selector
[2026.03.23-08.49.11:394][ 14]LogStaticMesh: Building static mesh house_Selector...
[2026.03.23-08.49.11:425][ 14]LogStaticMesh: Built static mesh [0.03s] /Game/House_Models/house_Selector.house_Selector
[2026.03.23-08.49.11:438][ 14]LogMaterial: Display: Missing cached shadermap for Sensor in PCD3D_SM5, Default, SM5 (DDC key hash: D84CE1D81E74CFC4D65FB364DF2DDDE4F4E55CD5), compiling. 
[2026.03.23-08.49.11:440][ 14]LogStaticMesh: Building static mesh house_Sensor...
[2026.03.23-08.49.11:440][ 14]LogStaticMesh: Built static mesh [0.00s] /Game/House_Models/house_Sensor.house_Sensor
[2026.03.23-08.49.11:444][ 14]LogMaterial: Display: Missing cached shadermap for Rubber in PCD3D_SM5, Default, SM5 (DDC key hash: 763161AC46A81182579B5BF4964E03EB00BBA165), compiling. 
[2026.03.23-08.49.11:445][ 14]LogFbx: Display: Triangulating static mesh Visor
[2026.03.23-08.49.11:677][ 14]LogStaticMesh: Building static mesh house_Visor...
[2026.03.23-08.49.11:778][ 14]LogStaticMesh: Built static mesh [0.10s] /Game/House_Models/house_Visor.house_Visor
[2026.03.23-08.49.11:795][ 14]LogStaticMesh: Warning: house_Visor has some nearly zero bi-normals which can create some issues. (Tolerance of 1E-4)
[2026.03.23-08.49.11:813][ 14]LogMaterial: Display: Missing cached shadermap for Glass_001_ncl1_1 in PCD3D_SM5, Default, SM5 (DDC key hash: 61ADF96B01CE5688CD7A60D35D8FA481FFC6ADC3), compiling. 
[2026.03.23-08.49.11:815][ 14]LogStaticMesh: Building static mesh house_Visor_Lens...
[2026.03.23-08.49.11:820][ 14]LogStaticMesh: Built static mesh [0.00s] /Game/House_Models/house_Visor_Lens.house_Visor_Lens
[2026.03.23-08.49.11:825][ 14]LogMaterial: Display: Missing cached shadermap for wood_black_001 in PCD3D_SM5, Default, SM5 (DDC key hash: 2A4659459B053C2A3EDAFB58FA4663F8B28473CF), compiling. 
[2026.03.23-08.49.11:827][ 14]LogMaterial: Display: Missing cached shadermap for glass_001 in PCD3D_SM5, Default, SM5 (DDC key hash: 7A20ECAC8E5EED0401ECF495E5CCA5E075F8784C), compiling. 
[2026.03.23-08.49.11:830][ 14]LogMaterial: Display: Missing cached shadermap for chrome_001 in PCD3D_SM5, Default, SM5 (DDC key hash: 1DD896E9B51D9C9301375087F34B33463AAA8A3F), compiling. 
[2026.03.23-08.49.11:832][ 14]LogFbx: Display: Triangulating static mesh Coffee Table
[2026.03.23-08.49.11:839][ 14]LogStaticMesh: Building static mesh house_Coffee_Table...
[2026.03.23-08.49.11:844][ 14]LogStaticMesh: Built static mesh [0.01s] /Game/House_Models/house_Coffee_Table.house_Coffee_Table
[2026.03.23-08.49.11:848][ 14]LogMaterial: Display: Missing cached shadermap for Marble_5 in PCD3D_SM5, Default, SM5 (DDC key hash: D28170F1E525E48E0BA84A8EC6E7B22B025290AD), compiling. 
[2026.03.23-08.49.11:851][ 14]LogMaterial: Display: Missing cached shadermap for Wood_005 in PCD3D_SM5, Default, SM5 (DDC key hash: D0F1A91B3D655F357228A57CE4615BB2A477B1D4), compiling. 
[2026.03.23-08.49.11:853][ 14]LogFbx: Display: Triangulating static mesh Counter Table
[2026.03.23-08.49.11:855][ 14]LogStaticMesh: Building static mesh house_Counter_Table...
[2026.03.23-08.49.11:856][ 14]LogStaticMesh: Built static mesh [0.00s] /Game/House_Models/house_Counter_Table.house_Counter_Table
[2026.03.23-08.49.11:860][ 14]LogFbxMaterialImport: Display: Unable to find Texture file D:\blender\Environments\scen with 2\assets\materials\wood_e8fd2418-807a-4e4b-8033-0610404923ea\textures_2k\wood01_diffuse.jpg
[2026.03.23-08.49.11:860][ 14]LogFbxMaterialImport: Display: Unable to find Texture file D:\blender\Environments\scen with 2\assets\materials\wood_e8fd2418-807a-4e4b-8033-0610404923ea\textures_2k\wood01_normal_opengl.jpg
[2026.03.23-08.49.11:861][ 14]LogMaterial: Display: Missing cached shadermap for Wood_004 in PCD3D_SM5, Default, SM5 (DDC key hash: 904B698DB09D05139CE79F25C856FCD0F82EEFB5), compiling. 
[2026.03.23-08.49.11:863][ 14]LogFbx: Display: Triangulating static mesh Door Panel
[2026.03.23-08.49.11:864][ 14]LogStaticMesh: Building static mesh house_Door_Panel...
[2026.03.23-08.49.11:866][ 14]LogStaticMesh: Built static mesh [0.00s] /Game/House_Models/house_Door_Panel.house_Door_Panel
[2026.03.23-08.49.11:869][ 14]LogMaterial: Display: Missing cached shadermap for Handle_material_002 in PCD3D_SM5, Default, SM5 (DDC key hash: 7AD4CB5F1EC5A24F3AC1A544BEFCB7037D574A80), compiling. 
[2026.03.23-08.49.11:870][ 14]LogFbx: Display: Triangulating static mesh DoorFrame.002
[2026.03.23-08.49.11:872][ 14]LogStaticMesh: Building static mesh house_DoorFrame_002...
[2026.03.23-08.49.11:874][ 14]LogStaticMesh: Built static mesh [0.00s] /Game/House_Models/house_DoorFrame_002.house_DoorFrame_002
[2026.03.23-08.49.11:877][ 14]LogFbx: Display: Triangulating static mesh Handle_Back.001
[2026.03.23-08.49.11:921][ 14]LogStaticMesh: Building static mesh house_Handle_Back_001...
[2026.03.23-08.49.11:935][ 14]LogStaticMesh: Built static mesh [0.01s] /Game/House_Models/house_Handle_Back_001.house_Handle_Back_001
[2026.03.23-08.49.11:951][ 14]LogFbx: Display: Triangulating static mesh Handle_Front.001
[2026.03.23-08.49.11:996][ 14]LogStaticMesh: Building static mesh house_Handle_Front_001...
[2026.03.23-08.49.12:010][ 14]LogStaticMesh: Built static mesh [0.01s] /Game/House_Models/house_Handle_Front_001.house_Handle_Front_001
[2026.03.23-08.49.12:023][ 14]LogFbx: Display: Triangulating static mesh Door Panel.003
[2026.03.23-08.49.12:024][ 14]LogStaticMesh: Building static mesh house_Door_Panel_003...
[2026.03.23-08.49.12:025][ 14]LogStaticMesh: Built static mesh [0.00s] /Game/House_Models/house_Door_Panel_003.house_Door_Panel_003
[2026.03.23-08.49.12:028][ 14]LogFbx: Display: Triangulating static mesh DoorFrame.001
[2026.03.23-08.49.12:029][ 14]LogStaticMesh: Building static mesh house_DoorFrame_001...
[2026.03.23-08.49.12:031][ 14]LogStaticMesh: Built static mesh [0.00s] /Game/House_Models/house_DoorFrame_001.house_DoorFrame_001
[2026.03.23-08.49.12:033][ 14]LogFbx: Display: Triangulating static mesh Handle_Back.004
[2026.03.23-08.49.12:078][ 14]LogStaticMesh: Building static mesh house_Handle_Back_004...
[2026.03.23-08.49.12:093][ 14]LogStaticMesh: Built static mesh [0.02s] /Game/House_Models/house_Handle_Back_004.house_Handle_Back_004
[2026.03.23-08.49.12:109][ 14]LogFbx: Display: Triangulating static mesh Handle_Front.004
[2026.03.23-08.49.12:156][ 14]LogStaticMesh: Building static mesh house_Handle_Front_004...
[2026.03.23-08.49.12:178][ 14]LogStaticMesh: Built static mesh [0.02s] /Game/House_Models/house_Handle_Front_004.house_Handle_Front_004
[2026.03.23-08.49.12:192][ 14]LogFbx: Display: Triangulating static mesh Door Panel.001
[2026.03.23-08.49.12:193][ 14]LogStaticMesh: Building static mesh house_Door_Panel_001...
[2026.03.23-08.49.12:194][ 14]LogStaticMesh: Built static mesh [0.00s] /Game/House_Models/house_Door_Panel_001.house_Door_Panel_001
[2026.03.23-08.49.12:197][ 14]LogFbx: Display: Triangulating static mesh DoorFrame.003
[2026.03.23-08.49.12:199][ 14]LogStaticMesh: Building static mesh house_DoorFrame_003...
[2026.03.23-08.49.12:201][ 14]LogStaticMesh: Built static mesh [0.00s] /Game/House_Models/house_DoorFrame_003.house_DoorFrame_003
[2026.03.23-08.49.12:203][ 14]LogFbx: Display: Triangulating static mesh Handle_Back.002
[2026.03.23-08.49.12:251][ 14]LogStaticMesh: Building static mesh house_Handle_Back_002...
[2026.03.23-08.49.12:265][ 14]LogStaticMesh: Built static mesh [0.01s] /Game/House_Models/house_Handle_Back_002.house_Handle_Back_002
[2026.03.23-08.49.12:279][ 14]LogFbx: Display: Triangulating static mesh Handle_Front.002
[2026.03.23-08.49.12:325][ 14]LogStaticMesh: Building static mesh house_Handle_Front_002...
[2026.03.23-08.49.12:339][ 14]LogStaticMesh: Built static mesh [0.01s] /Game/House_Models/house_Handle_Front_002.house_Handle_Front_002
[2026.03.23-08.49.12:356][ 14]LogFbx: Display: Triangulating static mesh Door Panel.002
[2026.03.23-08.49.12:356][ 14]LogStaticMesh: Building static mesh house_Door_Panel_002...
[2026.03.23-08.49.12:358][ 14]LogStaticMesh: Built static mesh [0.00s] /Game/House_Models/house_Door_Panel_002.house_Door_Panel_002
[2026.03.23-08.49.12:361][ 14]LogFbx: Display: Triangulating static mesh DoorFrame.004
[2026.03.23-08.49.12:362][ 14]LogStaticMesh: Building static mesh house_DoorFrame_004...
[2026.03.23-08.49.12:363][ 14]LogStaticMesh: Built static mesh [0.00s] /Game/House_Models/house_DoorFrame_004.house_DoorFrame_004
[2026.03.23-08.49.12:365][ 14]LogFbx: Display: Triangulating static mesh Handle_Back.003
[2026.03.23-08.49.12:414][ 14]LogStaticMesh: Building static mesh house_Handle_Back_003...
[2026.03.23-08.49.12:428][ 14]LogStaticMesh: Built static mesh [0.01s] /Game/House_Models/house_Handle_Back_003.house_Handle_Back_003
[2026.03.23-08.49.12:441][ 14]LogFbx: Display: Triangulating static mesh Handle_Front.003
[2026.03.23-08.49.12:489][ 14]LogStaticMesh: Building static mesh house_Handle_Front_003...
[2026.03.23-08.49.12:503][ 14]LogStaticMesh: Built static mesh [0.01s] /Game/House_Models/house_Handle_Front_003.house_Handle_Front_003
[2026.03.23-08.49.12:520][ 14]LogMaterial: Display: Missing cached shadermap for Lamp_Bulb in PCD3D_SM5, Default, SM5 (DDC key hash: 3EB246EEAD3FC58962B6A4E77CAC78A04B7484FD), compiling. 
[2026.03.23-08.49.12:521][ 14]LogFbx: Display: Triangulating static mesh FloorLamp_Bulb
[2026.03.23-08.49.12:539][ 14]LogStaticMesh: Building static mesh house_FloorLamp_Bulb...
[2026.03.23-08.49.12:546][ 14]LogStaticMesh: Built static mesh [0.01s] /Game/House_Models/house_FloorLamp_Bulb.house_FloorLamp_Bulb
[2026.03.23-08.49.12:555][ 14]LogMaterial: Display: Missing cached shadermap for Material_005 in PCD3D_SM5, Default, SM5 (DDC key hash: C60C77E6718891131DCB7E2253A0DDB8D440D855), compiling. 
[2026.03.23-08.49.12:557][ 14]LogFbx: Display: Triangulating static mesh FloorLamp_Cover
[2026.03.23-08.49.12:573][ 14]LogStaticMesh: Building static mesh house_FloorLamp_Cover...
[2026.03.23-08.49.12:579][ 14]LogStaticMesh: Built static mesh [0.01s] /Game/House_Models/house_FloorLamp_Cover.house_FloorLamp_Cover
[2026.03.23-08.49.12:586][ 14]LogMaterial: Display: Missing cached shadermap for Plastic_Black_Shiny in PCD3D_SM5, Default, SM5 (DDC key hash: A1CB56E764E2279DABDE279BBCF89A32A5EF27A0), compiling. 
[2026.03.23-08.49.12:588][ 14]LogFbx: Display: Triangulating static mesh FloorLamp_Stem
[2026.03.23-08.49.12:599][ 14]LogStaticMesh: Building static mesh house_FloorLamp_Stem...
[2026.03.23-08.49.12:606][ 14]LogStaticMesh: Built static mesh [0.01s] /Game/House_Models/house_FloorLamp_Stem.house_FloorLamp_Stem
[2026.03.23-08.49.12:612][ 14]LogMaterial: Display: Missing cached shadermap for Plastic_Rubbery in PCD3D_SM5, Default, SM5 (DDC key hash: ABC7179C3C62F8418565D51E22437295556792FE), compiling. 
[2026.03.23-08.49.12:613][ 14]LogFbx: Display: Triangulating static mesh FloorLamp_Wire
[2026.03.23-08.49.12:660][ 14]LogStaticMesh: Building static mesh house_FloorLamp_Wire...
[2026.03.23-08.49.12:678][ 14]LogStaticMesh: Built static mesh [0.02s] /Game/House_Models/house_FloorLamp_Wire.house_FloorLamp_Wire
[2026.03.23-08.49.12:692][ 14]LogMaterial: Display: Missing cached shadermap for Plastic_Black_Insulator in PCD3D_SM5, Default, SM5 (DDC key hash: BA2BC0D8973B0119873BBCF9727B64B579B3DD8B), compiling. 
[2026.03.23-08.49.12:694][ 14]LogMaterial: Display: Missing cached shadermap for Metal_Chrome in PCD3D_SM5, Default, SM5 (DDC key hash: 6DA1B0922CF805E2C9E719C340728FC73252D3F2), compiling. 
[2026.03.23-08.49.12:695][ 14]LogFbx: Display: Triangulating static mesh FloroLamp_WirePlug
[2026.03.23-08.49.12:700][ 14]LogStaticMesh: Building static mesh house_FloroLamp_WirePlug...
[2026.03.23-08.49.12:707][ 14]LogStaticMesh: Built static mesh [0.01s] /Game/House_Models/house_FloroLamp_WirePlug.house_FloroLamp_WirePlug
[2026.03.23-08.49.12:712][ 14]LogFbxMaterialImport: Display: Unable to find Texture file D:\blender\Environments\scen with 2\assets\materials\concrete_082c81bc-51b3-43db-a09d-5b87319ca6bd\textures_1k\concrete_90_albedo.jpg
[2026.03.23-08.49.12:712][ 14]LogFbxMaterialImport: Display: Unable to find Texture file D:\blender\Environments\scen with 2\assets\materials\concrete_082c81bc-51b3-43db-a09d-5b87319ca6bd\textures_1k\concrete_90_rough.exr
[2026.03.23-08.49.12:712][ 14]LogFbxMaterialImport: Display: Unable to find Texture file D:\blender\Environments\scen with 2\assets\materials\concrete_082c81bc-51b3-43db-a09d-5b87319ca6bd\textures_1k\concrete_90_normal.jpg
[2026.03.23-08.49.12:712][ 14]LogMaterial: Display: Missing cached shadermap for Concrete in PCD3D_SM5, Default, SM5 (DDC key hash: DF6998C625574553F58AC2149D92A30A13406195), compiling. 
[2026.03.23-08.49.12:714][ 14]LogFbxMaterialImport: Display: Unable to find Texture file C:\Users\Sam\blenderkit_data\home\ed\Blender\textures\3d-wolf\Wood\Panel Maple\Panel Maple_Nor.jpg
[2026.03.23-08.49.12:716][ 14]LogMaterial: Display: Missing cached shadermap for wood_red in PCD3D_SM5, Default, SM5 (DDC key hash: 0DAC39BD2503A1D04DCA533562B680FA25BADF38), compiling. 
[2026.03.23-08.49.12:718][ 14]LogMaterial: Display: Missing cached shadermap for Carpet_1 in PCD3D_SM5, Default, SM5 (DDC key hash: EB7217AC2D3709399D05BE7CE3D59AF8D65F9167), compiling. 
[2026.03.23-08.49.12:719][ 14]LogFbxMaterialImport: Display: Unable to find Texture file C:\Users\Sam\blenderkit_data\media\ed\data1tb\blender\textures\cc0textures\Marble013_4K_Normal.jpg
[2026.03.23-08.49.12:720][ 14]LogMaterial: Display: Missing cached shadermap for floor_tiles in PCD3D_SM5, Default, SM5 (DDC key hash: FD50E923F84CE52EBA64ECCF532BE6D93C724AC5), compiling. 
[2026.03.23-08.49.12:721][ 14]LogFbx: Display: Triangulating static mesh Floor.001
[2026.03.23-08.49.12:722][ 14]LogStaticMesh: Building static mesh house_Floor_001...
[2026.03.23-08.49.12:724][ 14]LogStaticMesh: Built static mesh [0.00s] /Game/House_Models/house_Floor_001.house_Floor_001
[2026.03.23-08.49.12:725][ 14]LogFbx: Display: Triangulating static mesh Garage Door
[2026.03.23-08.49.12:725][ 14]LogStaticMesh: Building static mesh house_Garage_Door...
[2026.03.23-08.49.12:726][ 14]LogStaticMesh: Built static mesh [0.00s] /Game/House_Models/house_Garage_Door.house_Garage_Door
[2026.03.23-08.49.12:726][ 14]LogStaticMesh: Warning: house_Garage_Door has degenerate tangent bases which will result in incorrect shading.  MikkTSpace relies on tangent bases and may result in mesh corruption, consider disabling this option.
[2026.03.23-08.49.12:726][ 14]LogStaticMesh: Warning: house_Garage_Door has some nearly zero bi-normals which can create some issues. (Tolerance of 1E-4)
[2026.03.23-08.49.12:735][ 14]LogMaterial: Display: Missing cached shadermap for Curtain-fabric in PCD3D_SM5, Default, SM5 (DDC key hash: 81CCC1472D2E8DA1D06654D482F914E140680A50), compiling. 
[2026.03.23-08.49.12:738][ 14]LogMaterial: Display: Missing cached shadermap for Curtain-Lace in PCD3D_SM5, Default, SM5 (DDC key hash: ADB96F87F3F5FDCCCF788E7A1844EF8EF923E8B8), compiling. 
[2026.03.23-08.49.12:740][ 14]LogMaterial: Display: Missing cached shadermap for Black_Metal in PCD3D_SM5, Default, SM5 (DDC key hash: B1C71FAD0F93E98C56DC2167BC01D26829852B6C), compiling. 
[2026.03.23-08.49.12:740][ 14]LogFbx: Display: Triangulating static mesh Grey Blackout Curtain with Lace panel
[2026.03.23-08.49.20:671][ 14]LogStaticMesh: Building static mesh house_Grey_Blackout_Curtain_with_Lace_panel...
[2026.03.23-08.49.24:584][ 14]LogStaticMesh: Built static mesh [3.91s] /Game/House_Models/house_Grey_Blackout_Curtain_with_Lace_panel.house_Grey_Blackout_Curtain_with_Lace_panel
[2026.03.23-08.49.28:080][ 14]LogFbx: Display: Triangulating static mesh Grey Blackout Curtain with Lace panel.001
[2026.03.23-08.49.35:945][ 14]LogStaticMesh: Building static mesh house_Grey_Blackout_Curtain_with_Lace_panel_001...
[2026.03.23-08.49.39:520][ 14]LogStaticMesh: Built static mesh [3.57s] /Game/House_Models/house_Grey_Blackout_Curtain_with_Lace_panel_001.house_Grey_Blackout_Curtain_with_Lace_panel_001
[2026.03.23-08.49.42:520][ 14]LogFbxMaterialImport: Display: Unable to find Texture file D:\blender\assets\models\hallandale-sofa_f738d489-1ace-4a40-af1a-8c1a9ec73657\textures_2k\Fabric039_2K_Roughness.jpg
[2026.03.23-08.49.42:520][ 14]LogFbxMaterialImport: Display: Unable to find Texture file D:\blender\assets\models\hallandale-sofa_f738d489-1ace-4a40-af1a-8c1a9ec73657\textures_2k\Fabric039_2K_NormalDX.jpg
[2026.03.23-08.49.42:521][ 14]LogMaterial: Display: Missing cached shadermap for Fabric_002 in PCD3D_SM5, Default, SM5 (DDC key hash: 903A2B64AF9B3754556048F00733C25B0443BA9E), compiling. 
[2026.03.23-08.49.42:522][ 14]LogMaterial: Display: Missing cached shadermap for Base in PCD3D_SM5, Default, SM5 (DDC key hash: F93998E1B827B136C7E8A52B4CA9DEF30D1C7CBB), compiling. 
[2026.03.23-08.49.42:523][ 14]LogFbx: Display: Triangulating static mesh Hallandale Sofa
[2026.03.23-08.49.50:428][ 14]LogStaticMesh: Building static mesh house_Hallandale_Sofa...
[2026.03.23-08.49.54:273][ 14]LogStaticMesh: Built static mesh [3.85s] /Game/House_Models/house_Hallandale_Sofa.house_Hallandale_Sofa
[2026.03.23-08.49.57:431][ 14]LogFbx: Display: Triangulating static mesh Hallandale Sofa.001
[2026.03.23-08.50.05:280][ 14]LogStaticMesh: Building static mesh house_Hallandale_Sofa_001...
[2026.03.23-08.50.09:154][ 14]LogStaticMesh: Built static mesh [3.87s] /Game/House_Models/house_Hallandale_Sofa_001.house_Hallandale_Sofa_001
[2026.03.23-08.50.12:235][ 14]LogFbx: Display: Triangulating static mesh Holders
[2026.03.23-08.50.12:383][ 14]LogStaticMesh: Building static mesh house_Holders...
[2026.03.23-08.50.12:487][ 14]LogStaticMesh: Built static mesh [0.10s] /Game/House_Models/house_Holders.house_Holders
[2026.03.23-08.50.12:534][ 14]LogMaterial: Display: Missing cached shadermap for Wood_009 in PCD3D_SM5, Default, SM5 (DDC key hash: 74B9455AE1626C67C92A6D7E589C6FDF5FCDB377), compiling. 
[2026.03.23-08.50.12:536][ 14]LogMaterial: Display: Missing cached shadermap for Material_226 in PCD3D_SM5, Default, SM5 (DDC key hash: 3564EE464CB360533EAA0D5887CBCCE090F39B39), compiling. 
[2026.03.23-08.50.12:537][ 14]LogFbx: Display: Triangulating static mesh Kitchen Counter
[2026.03.23-08.50.12:542][ 14]LogStaticMesh: Building static mesh house_Kitchen_Counter...
[2026.03.23-08.50.12:547][ 14]LogStaticMesh: Built static mesh [0.01s] /Game/House_Models/house_Kitchen_Counter.house_Kitchen_Counter
[2026.03.23-08.50.12:552][ 14]LogFbxMaterialImport: Display: Unable to find Texture file D:\blender\assets\models\kitchen-pantry-c_01174684-f459-46e0-b70d-0e257da556c1\textures_2k\Kitchen Pantry_ color.png
[2026.03.23-08.50.12:553][ 14]LogMaterial: Display: Missing cached shadermap for Kitchen_Pantry_material in PCD3D_SM5, Default, SM5 (DDC key hash: 6C1974A7C35389A0230EFA7E1E5B3144286649EE), compiling. 
[2026.03.23-08.50.12:556][ 14]LogMaterial: Display: Missing cached shadermap for Basic_glass in PCD3D_SM5, Default, SM5 (DDC key hash: 62E231E6D2D7FD40682275A77105AB0969A1E46A), compiling. 
[2026.03.23-08.50.12:557][ 14]LogFbx: Display: Triangulating static mesh Kitchen Pantry Cabinet
[2026.03.23-08.50.12:718][ 14]LogStaticMesh: Building static mesh house_Kitchen_Pantry_Cabinet...
[2026.03.23-08.50.12:925][ 14]LogStaticMesh: Built static mesh [0.21s] /Game/House_Models/house_Kitchen_Pantry_Cabinet.house_Kitchen_Pantry_Cabinet
[2026.03.23-08.50.12:975][ 14]LogMaterial: Display: Missing cached shadermap for Glass_005 in PCD3D_SM5, Default, SM5 (DDC key hash: F9D9A05F564B5588A4FF517C39C4F2949EBDDB81), compiling. 
[2026.03.23-08.50.12:976][ 14]LogFbx: Display: Triangulating static mesh Circle.145
[2026.03.23-08.50.13:022][ 14]LogStaticMesh: Building static mesh house_Circle_145...
[2026.03.23-08.50.13:039][ 14]LogStaticMesh: Built static mesh [0.02s] /Game/House_Models/house_Circle_145.house_Circle_145
[2026.03.23-08.50.13:048][ 14]LogStaticMesh: Warning: house_Circle_145 has degenerate tangent bases which will result in incorrect shading.  MikkTSpace relies on tangent bases and may result in mesh corruption, consider disabling this option.
[2026.03.23-08.50.13:048][ 14]LogStaticMesh: Warning: house_Circle_145 has some nearly zero bi-normals which can create some issues. (Tolerance of 1E-4)
[2026.03.23-08.50.13:058][ 14]LogMaterial: Display: Missing cached shadermap for metal_oven_001 in PCD3D_SM5, Default, SM5 (DDC key hash: 70C957A6129331BF8A2DB73F7FFB34C8F4223CF9), compiling. 
[2026.03.23-08.50.13:059][ 14]LogFbx: Display: Triangulating static mesh Cube.067
[2026.03.23-08.50.13:069][ 14]LogStaticMesh: Building static mesh house_Cube_067...
[2026.03.23-08.50.13:076][ 14]LogStaticMesh: Built static mesh [0.01s] /Game/House_Models/house_Cube_067.house_Cube_067
[2026.03.23-08.50.13:082][ 14]LogMaterial: Display: Missing cached shadermap for Material_181 in PCD3D_SM5, Default, SM5 (DDC key hash: 339B99DE740ADFB1E46D4E8585A9E461A47063B3), compiling. 
[2026.03.23-08.50.13:083][ 14]LogFbx: Display: Triangulating static mesh Cube.068
[2026.03.23-08.50.13:085][ 14]LogStaticMesh: Building static mesh house_Cube_068...
[2026.03.23-08.50.13:086][ 14]LogStaticMesh: Built static mesh [0.00s] /Game/House_Models/house_Cube_068.house_Cube_068
[2026.03.23-08.50.13:089][ 14]LogMaterial: Display: Missing cached shadermap for Wood_007 in PCD3D_SM5, Default, SM5 (DDC key hash: D5EFEAE1F3554F03D43D786B8314704CEDD4E3F9), compiling. 
[2026.03.23-08.50.13:091][ 14]LogMaterial: Display: Missing cached shadermap for Material_182 in PCD3D_SM5, Default, SM5 (DDC key hash: 3D27E6D6DBBD6A7537FAACF784786FE6F193716E), compiling. 
[2026.03.23-08.50.13:093][ 14]LogFbxMaterialImport: Display: Unable to find Texture file D:\blender\Environments\19 INTERIOR\assets\materials\wood_fc4a30fa-9fe1-4a5b-a78b-40920c4486f0\textures_2k\woodcreator_1_roughness.jpg
[2026.03.23-08.50.13:094][ 14]LogMaterial: Display: Missing cached shadermap for Wood_008 in PCD3D_SM5, Default, SM5 (DDC key hash: 9509015339E661262DFE23D0A3F1AB7466386E80), compiling. 
[2026.03.23-08.50.13:095][ 14]LogFbx: Display: Triangulating static mesh Cube.102
[2026.03.23-08.50.13:124][ 14]LogStaticMesh: Building static mesh house_Cube_102...
[2026.03.23-08.50.13:141][ 14]LogStaticMesh: Built static mesh [0.02s] /Game/House_Models/house_Cube_102.house_Cube_102
[2026.03.23-08.50.13:143][ 14]LogStaticMesh: Warning: house_Cube_102 has degenerate tangent bases which will result in incorrect shading.  MikkTSpace relies on tangent bases and may result in mesh corruption, consider disabling this option.
[2026.03.23-08.50.13:143][ 14]LogStaticMesh: Warning: house_Cube_102 has some nearly zero bi-normals which can create some issues. (Tolerance of 1E-4)
[2026.03.23-08.50.13:147][ 14]LogMaterial: Display: Missing cached shadermap for Procedural_Wood_002 in PCD3D_SM5, Default, SM5 (DDC key hash: FF844B26CD41B476441CE861E2E246185D17F6C9), compiling. 
[2026.03.23-08.50.13:150][ 14]LogFbx: Display: Triangulating static mesh Plane.078
[2026.03.23-08.50.13:194][ 14]LogStaticMesh: Building static mesh house_Plane_078...
[2026.03.23-08.50.13:212][ 14]LogStaticMesh: Built static mesh [0.02s] /Game/House_Models/house_Plane_078.house_Plane_078
[2026.03.23-08.50.13:228][ 14]LogMaterial: Display: Missing cached shadermap for Switch_White_Plastic in PCD3D_SM5, Default, SM5 (DDC key hash: A94AC4C6F4016C584F8FA6FA150221E52914AB2D), compiling. 
[2026.03.23-08.50.13:231][ 14]LogMaterial: Display: Missing cached shadermap for Switch_Led in PCD3D_SM5, Default, SM5 (DDC key hash: D36AF030A9C4368F54395EA351035C7F4929B91E), compiling. 
[2026.03.23-08.50.13:232][ 14]LogFbx: Display: Triangulating static mesh Plane.003
[2026.03.23-08.50.13:247][ 14]LogStaticMesh: Building static mesh house_Plane_003...
[2026.03.23-08.50.13:258][ 14]LogStaticMesh: Built static mesh [0.01s] /Game/House_Models/house_Plane_003.house_Plane_003
[2026.03.23-08.50.13:263][ 14]LogFbx: Display: Triangulating static mesh Plane.006
[2026.03.23-08.50.13:278][ 14]LogStaticMesh: Building static mesh house_Plane_006...
[2026.03.23-08.50.13:290][ 14]LogStaticMesh: Built static mesh [0.01s] /Game/House_Models/house_Plane_006.house_Plane_006
[2026.03.23-08.50.13:294][ 14]LogFbx: Display: Triangulating static mesh Plane.007
[2026.03.23-08.50.13:318][ 14]LogStaticMesh: Building static mesh house_Plane_007...
[2026.03.23-08.50.13:330][ 14]LogStaticMesh: Built static mesh [0.01s] /Game/House_Models/house_Plane_007.house_Plane_007
[2026.03.23-08.50.13:334][ 14]LogFbx: Display: Triangulating static mesh Plane.008
[2026.03.23-08.50.13:349][ 14]LogStaticMesh: Building static mesh house_Plane_008...
[2026.03.23-08.50.13:360][ 14]LogStaticMesh: Built static mesh [0.01s] /Game/House_Models/house_Plane_008.house_Plane_008
[2026.03.23-08.50.13:366][ 14]LogMaterial: Display: Missing cached shadermap for White_Paint in PCD3D_SM5, Default, SM5 (DDC key hash: 0A32803F0BE3084C4AFF7BCE3A3BE2496CA67B55), compiling. 
[2026.03.23-08.50.13:369][ 14]LogFbx: Display: Triangulating static mesh Med Box
[2026.03.23-08.50.13:370][ 14]LogStaticMesh: Building static mesh house_Med_Box...
[2026.03.23-08.50.13:371][ 14]LogStaticMesh: Built static mesh [0.00s] /Game/House_Models/house_Med_Box.house_Med_Box
[2026.03.23-08.50.13:371][ 14]LogStaticMesh: Warning: house_Med_Box has degenerate tangent bases which will result in incorrect shading.  MikkTSpace relies on tangent bases and may result in mesh corruption, consider disabling this option.
[2026.03.23-08.50.13:371][ 14]LogStaticMesh: Warning: house_Med_Box has some nearly zero bi-normals which can create some issues. (Tolerance of 1E-4)
[2026.03.23-08.50.13:374][ 14]LogMaterial: Display: Missing cached shadermap for Red_Paint in PCD3D_SM5, Default, SM5 (DDC key hash: 29EFCA35A2B45374C6A9A875D52C2B1B2834FD82), compiling. 
[2026.03.23-08.50.13:377][ 14]LogMaterial: Display: Missing cached shadermap for Black in PCD3D_SM5, Default, SM5 (DDC key hash: A3EC8E3FA3DAE07A45FF0D0BB18A395A93F54CAA), compiling. 
[2026.03.23-08.50.13:378][ 14]LogFbx: Display: Triangulating static mesh Plane.004
[2026.03.23-08.50.13:383][ 14]LogStaticMesh: Building static mesh house_Plane_004...
[2026.03.23-08.50.13:384][ 14]LogStaticMesh: Built static mesh [0.00s] /Game/House_Models/house_Plane_004.house_Plane_004
[2026.03.23-08.50.13:385][ 14]LogStaticMesh: Warning: house_Plane_004 has degenerate tangent bases which will result in incorrect shading.  MikkTSpace relies on tangent bases and may result in mesh corruption, consider disabling this option.
[2026.03.23-08.50.13:385][ 14]LogStaticMesh: Warning: house_Plane_004 has some nearly zero bi-normals which can create some issues. (Tolerance of 1E-4)
[2026.03.23-08.50.13:388][ 14]LogMaterial: Display: Missing cached shadermap for Metal in PCD3D_SM5, Default, SM5 (DDC key hash: 5896A4A61546A272D986245447A7FB088BB3A56A), compiling. 
[2026.03.23-08.50.13:389][ 14]LogFbx: Display: Triangulating static mesh Body.001
[2026.03.23-08.50.13:393][ 14]LogStaticMesh: Building static mesh house_Body_001...
[2026.03.23-08.50.13:395][ 14]LogStaticMesh: Built static mesh [0.00s] /Game/House_Models/house_Body_001.house_Body_001
[2026.03.23-08.50.13:396][ 14]LogStaticMesh: Warning: house_Body_001 has some nearly zero tangents which can create some issues. (Tolerance of 1E-4)
[2026.03.23-08.50.13:396][ 14]LogStaticMesh: Warning: house_Body_001 has some nearly zero bi-normals which can create some issues. (Tolerance of 1E-4)
[2026.03.23-08.50.13:400][ 14]LogMaterial: Display: Missing cached shadermap for Plastic in PCD3D_SM5, Default, SM5 (DDC key hash: F162137A222233BBBDDD15D9F140DC75541CB2EA), compiling. 
[2026.03.23-08.50.13:405][ 14]LogMaterial: Display: Missing cached shadermap for Glass_003 in PCD3D_SM5, Default, SM5 (DDC key hash: 14F5F9CBC7B54A57080CBA3C4D7E7579AD9C1596), compiling. 
[2026.03.23-08.50.13:406][ 14]LogFbx: Display: Triangulating static mesh Door.005
[2026.03.23-08.50.13:411][ 14]LogStaticMesh: Building static mesh house_Door_005...
[2026.03.23-08.50.13:416][ 14]LogStaticMesh: Built static mesh [0.01s] /Game/House_Models/house_Door_005.house_Door_005
[2026.03.23-08.50.13:420][ 14]LogFbxMaterialImport: Display: Unable to find Texture file D:\blender\assets\models\microwave_47a66a71-53f4-4007-857f-248cd2e1fe18\textures_2k\Panel_color.jpg
[2026.03.23-08.50.13:420][ 14]LogFbxMaterialImport: Display: Unable to find Texture file D:\blender\assets\models\microwave_47a66a71-53f4-4007-857f-248cd2e1fe18\textures_2k\Panel_emission.jpg
[2026.03.23-08.50.13:421][ 14]LogMaterial: Display: Missing cached shadermap for Panel in PCD3D_SM5, Default, SM5 (DDC key hash: 6CE4AE709116DD215FA57C6CD0C19FE0C84BFD67), compiling. 
[2026.03.23-08.50.13:422][ 14]LogFbx: Display: Triangulating static mesh Panel
[2026.03.23-08.50.13:430][ 14]LogStaticMesh: Building static mesh house_Panel...
[2026.03.23-08.50.13:438][ 14]LogStaticMesh: Built static mesh [0.01s] /Game/House_Models/house_Panel.house_Panel
[2026.03.23-08.50.13:439][ 14]LogStaticMesh: Warning: house_Panel has some nearly zero tangents which can create some issues. (Tolerance of 1E-4)
[2026.03.23-08.50.13:439][ 14]LogStaticMesh: Warning: house_Panel has some nearly zero bi-normals which can create some issues. (Tolerance of 1E-4)
[2026.03.23-08.50.13:442][ 14]LogFbx: Display: Triangulating static mesh legs
[2026.03.23-08.50.13:443][ 14]LogStaticMesh: Building static mesh house_legs...
[2026.03.23-08.50.13:445][ 14]LogStaticMesh: Built static mesh [0.00s] /Game/House_Models/house_legs.house_legs
[2026.03.23-08.50.13:450][ 14]LogFbxMaterialImport: Display: Unable to find Texture file D:\blender\assets\models\pill-bottle_36ecb37d-2d52-4da7-9eb0-72b629a965c3\textures_2k\pILLBOITTLE_basecolor.jpg
[2026.03.23-08.50.13:450][ 14]LogFbxMaterialImport: Display: Unable to find Texture file D:\blender\assets\models\pill-bottle_36ecb37d-2d52-4da7-9eb0-72b629a965c3\textures_2k\pILLBOITTLE_roughness.jpg
[2026.03.23-08.50.13:450][ 14]LogFbxMaterialImport: Display: Unable to find Texture file D:\blender\assets\models\pill-bottle_36ecb37d-2d52-4da7-9eb0-72b629a965c3\textures_2k\pILLBOITTLE_normal.jpg
[2026.03.23-08.50.13:451][ 14]LogMaterial: Display: Missing cached shadermap for pILLBOITTLE in PCD3D_SM5, Default, SM5 (DDC key hash: 130F2945CCEEEAE41D978255CAB9AB1795A252B1), compiling. 
[2026.03.23-08.50.13:453][ 14]LogFbxMaterialImport: Display: Unable to find Texture file D:\blender\assets\models\pill-bottle_36ecb37d-2d52-4da7-9eb0-72b629a965c3\textures_2k\Tablet_basecolor.jpg
[2026.03.23-08.50.13:453][ 14]LogFbxMaterialImport: Display: Unable to find Texture file D:\blender\assets\models\pill-bottle_36ecb37d-2d52-4da7-9eb0-72b629a965c3\textures_2k\Tablet_roughness.jpg
[2026.03.23-08.50.13:453][ 14]LogFbxMaterialImport: Display: Unable to find Texture file D:\blender\assets\models\pill-bottle_36ecb37d-2d52-4da7-9eb0-72b629a965c3\textures_2k\Tablet_normal.jpg
[2026.03.23-08.50.13:453][ 14]LogMaterial: Display: Missing cached shadermap for Tablet in PCD3D_SM5, Default, SM5 (DDC key hash: 483F187AAF4E8732F1D3C1D9E99C3B34DFA9E6B7), compiling. 
[2026.03.23-08.50.13:454][ 14]LogFbx: Display: Triangulating static mesh Pillbottle.001
[2026.03.23-08.50.13:626][ 14]LogStaticMesh: Building static mesh house_Pillbottle_001...
[2026.03.23-08.50.13:760][ 14]LogStaticMesh: Built static mesh [0.13s] /Game/House_Models/house_Pillbottle_001.house_Pillbottle_001
[2026.03.23-08.50.13:789][ 14]LogMaterial: Display: Missing cached shadermap for metal_tables_001 in PCD3D_SM5, Default, SM5 (DDC key hash: 1516E41F47BFB7026A98C32CA6287CC1788AD22C), compiling. 
[2026.03.23-08.50.13:790][ 14]LogFbx: Display: Triangulating static mesh Short Table
[2026.03.23-08.50.13:797][ 14]LogStaticMesh: Building static mesh house_Short_Table...
[2026.03.23-08.50.13:800][ 14]LogStaticMesh: Built static mesh [0.00s] /Game/House_Models/house_Short_Table.house_Short_Table
[2026.03.23-08.50.13:806][ 14]LogMaterial: Display: Missing cached shadermap for Material_180 in PCD3D_SM5, Default, SM5 (DDC key hash: 8A4D27509B55CB45E77F2620BB9B3E90D0F61909), compiling. 
[2026.03.23-08.50.13:807][ 14]LogFbx: Display: Triangulating static mesh Sink.001
[2026.03.23-08.50.13:818][ 14]LogStaticMesh: Building static mesh house_Sink_001...
[2026.03.23-08.50.13:824][ 14]LogStaticMesh: Built static mesh [0.01s] /Game/House_Models/house_Sink_001.house_Sink_001
[2026.03.23-08.50.13:825][ 14]LogStaticMesh: Warning: house_Sink_001 has degenerate tangent bases which will result in incorrect shading.  MikkTSpace relies on tangent bases and may result in mesh corruption, consider disabling this option.
[2026.03.23-08.50.13:825][ 14]LogStaticMesh: Warning: house_Sink_001 has some nearly zero bi-normals which can create some issues. (Tolerance of 1E-4)
[2026.03.23-08.50.13:830][ 14]LogMaterial: Display: Missing cached shadermap for Black_005 in PCD3D_SM5, Default, SM5 (DDC key hash: 43CFD38C4C181F1CC64B68BAF24CBA3254186FE5), compiling. 
[2026.03.23-08.50.13:831][ 14]LogFbx: Display: Triangulating static mesh Cylinder.022
[2026.03.23-08.50.14:015][ 14]LogStaticMesh: Building static mesh house_Cylinder_022...
[2026.03.23-08.50.14:163][ 14]LogStaticMesh: Built static mesh [0.15s] /Game/House_Models/house_Cylinder_022.house_Cylinder_022
[2026.03.23-08.50.14:209][ 14]LogFbx: Display: Triangulating static mesh Kitchen tap balck.001
[2026.03.23-08.50.14:360][ 14]LogStaticMesh: Building static mesh house_Kitchen_tap_balck_001...
[2026.03.23-08.50.14:419][ 14]LogStaticMesh: Built static mesh [0.06s] /Game/House_Models/house_Kitchen_tap_balck_001.house_Kitchen_tap_balck_001
[2026.03.23-08.50.14:428][ 14]LogStaticMesh: Warning: house_Kitchen_tap_balck_001 has degenerate tangent bases which will result in incorrect shading.  MikkTSpace relies on tangent bases and may result in mesh corruption, consider disabling this option.
[2026.03.23-08.50.14:428][ 14]LogStaticMesh: Warning: house_Kitchen_tap_balck_001 has some nearly zero bi-normals which can create some issues. (Tolerance of 1E-4)
[2026.03.23-08.50.14:440][ 14]LogMaterial: Display: Missing cached shadermap for Material_109 in PCD3D_SM5, Default, SM5 (DDC key hash: DFEEF111F8D7B35E0175DF45FC6CEAB2CC683046), compiling. 
[2026.03.23-08.50.14:441][ 14]LogFbx: Display: Triangulating static mesh Sono Salmon Rug by The Rug Company.021
[2026.03.23-08.50.14:549][ 14]LogStaticMesh: Building static mesh house_Sono_Salmon_Rug_by_The_Rug_Company_021...
[2026.03.23-08.50.14:597][ 14]LogStaticMesh: Built static mesh [0.05s] /Game/House_Models/house_Sono_Salmon_Rug_by_The_Rug_Company_021.house_Sono_Salmon_Rug_by_The_Rug_Company_021
[2026.03.23-08.50.14:629][ 14]LogFbxMaterialImport: Display: Unable to find Texture file D:\blender\Environments\21 interior\assets\models\modern-rug_d65184fb-8a4c-4405-8a89-7def44553b3e\textures_2k\4_roughness.bmp
[2026.03.23-08.50.14:630][ 14]LogMaterial: Display: Missing cached shadermap for Material_107 in PCD3D_SM5, Default, SM5 (DDC key hash: 5B59A40A117EC66776305BBA1EAEE059767B5F68), compiling. 
[2026.03.23-08.50.14:631][ 14]LogFbx: Display: Triangulating static mesh Modern Rug.003
[2026.03.23-08.50.14:648][ 14]LogStaticMesh: Building static mesh house_Modern_Rug_003...
[2026.03.23-08.50.14:657][ 14]LogStaticMesh: Built static mesh [0.01s] /Game/House_Models/house_Modern_Rug_003.house_Modern_Rug_003
[2026.03.23-08.50.14:664][ 14]LogMaterial: Display: Missing cached shadermap for Window_009 in PCD3D_SM5, Default, SM5 (DDC key hash: 195B7FB367D3B0DA4A300CC53837E7155916D298), compiling. 
[2026.03.23-08.50.14:665][ 14]LogFbx: Display: Triangulating static mesh Sono Salmon Rug by The Rug Company.022
[2026.03.23-08.50.14:666][ 14]LogStaticMesh: Building static mesh house_Sono_Salmon_Rug_by_The_Rug_Company_022...
[2026.03.23-08.50.14:667][ 14]LogStaticMesh: Built static mesh [0.00s] /Game/House_Models/house_Sono_Salmon_Rug_by_The_Rug_Company_022.house_Sono_Salmon_Rug_by_The_Rug_Company_022
[2026.03.23-08.50.14:671][ 14]LogMaterial: Display: Missing cached shadermap for Window_008 in PCD3D_SM5, Default, SM5 (DDC key hash: 47E4F8C5CA9F6351B60ADA323CEA5072778189AE), compiling. 
[2026.03.23-08.50.14:673][ 14]LogFbx: Display: Triangulating static mesh Sono Salmon Rug by The Rug Company.024
[2026.03.23-08.50.14:674][ 14]LogStaticMesh: Building static mesh house_Sono_Salmon_Rug_by_The_Rug_Company_024...
[2026.03.23-08.50.14:675][ 14]LogStaticMesh: Built static mesh [0.00s] /Game/House_Models/house_Sono_Salmon_Rug_by_The_Rug_Company_024.house_Sono_Salmon_Rug_by_The_Rug_Company_024
[2026.03.23-08.50.14:676][ 14]LogFbx: Display: Triangulating static mesh Sono Salmon Rug by The Rug Company.023
[2026.03.23-08.50.14:786][ 14]LogStaticMesh: Building static mesh house_Sono_Salmon_Rug_by_The_Rug_Company_023...
[2026.03.23-08.50.14:834][ 14]LogStaticMesh: Built static mesh [0.05s] /Game/House_Models/house_Sono_Salmon_Rug_by_The_Rug_Company_023.house_Sono_Salmon_Rug_by_The_Rug_Company_023
[2026.03.23-08.50.14:863][ 14]LogFbxMaterialImport: Display: Unable to find Texture file D:\4.1 Blender Sharipov K\1 MODELS FOR STOCKS\39 rugs\2\maps\4_normal.jpg
[2026.03.23-08.50.14:864][ 14]LogMaterial: Display: Missing cached shadermap for Material_108 in PCD3D_SM5, Default, SM5 (DDC key hash: 39B5B82CEBD34D783C9A3345F2BAB8D729E264C1), compiling. 
[2026.03.23-08.50.14:865][ 14]LogFbx: Display: Triangulating static mesh Wander Rug.004
[2026.03.23-08.50.14:881][ 14]LogStaticMesh: Building static mesh house_Wander_Rug_004...
[2026.03.23-08.50.14:890][ 14]LogStaticMesh: Built static mesh [0.01s] /Game/House_Models/house_Wander_Rug_004.house_Wander_Rug_004
[2026.03.23-08.50.14:896][ 14]LogMaterial: Display: Missing cached shadermap for Sanosalmon_004 in PCD3D_SM5, Default, SM5 (DDC key hash: D4D111C1DF4CE07FA044AA0F7CC595F949A0D58F), compiling. 
[2026.03.23-08.50.14:897][ 14]LogFbx: Display: Triangulating static mesh Sono Salmon Rug by The Rug Company.027
[2026.03.23-08.50.14:915][ 14]LogStaticMesh: Building static mesh house_Sono_Salmon_Rug_by_The_Rug_Company_027...
[2026.03.23-08.50.14:923][ 14]LogStaticMesh: Built static mesh [0.01s] /Game/House_Models/house_Sono_Salmon_Rug_by_The_Rug_Company_027.house_Sono_Salmon_Rug_by_The_Rug_Company_027
[2026.03.23-08.50.14:930][ 14]LogFbx: Display: Triangulating static mesh Sono Salmon Rug by The Rug Company.025
[2026.03.23-08.50.15:039][ 14]LogStaticMesh: Building static mesh house_Sono_Salmon_Rug_by_The_Rug_Company_025...
[2026.03.23-08.50.15:087][ 14]LogStaticMesh: Built static mesh [0.05s] /Game/House_Models/house_Sono_Salmon_Rug_by_The_Rug_Company_025.house_Sono_Salmon_Rug_by_The_Rug_Company_025
[2026.03.23-08.50.15:119][ 14]LogFbx: Display: Triangulating static mesh Sono Salmon Rug by The Rug Company.026
[2026.03.23-08.50.15:120][ 14]LogStaticMesh: Building static mesh house_Sono_Salmon_Rug_by_The_Rug_Company_026...
[2026.03.23-08.50.15:121][ 14]LogStaticMesh: Built static mesh [0.00s] /Game/House_Models/house_Sono_Salmon_Rug_by_The_Rug_Company_026.house_Sono_Salmon_Rug_by_The_Rug_Company_026
[2026.03.23-08.50.15:123][ 14]LogMaterial: Display: Missing cached shadermap for plastic_white in PCD3D_SM5, Default, SM5 (DDC key hash: 518AD86689579C5F99C1499998E7E4350274D1F7), compiling. 
[2026.03.23-08.50.15:125][ 14]LogFbxMaterialImport: Display: Unable to find Texture file C:\Users\User\blenderkit_data\models\neuilly-chair_ca18f9a1-1e2b-4ba9-b1ba-c1be2ccdce77\textures_2k\fabric02_basecolor_diffuse.jpg
[2026.03.23-08.50.15:125][ 14]LogFbxMaterialImport: Display: Unable to find Texture file C:\Users\User\blenderkit_data\models\neuilly-chair_ca18f9a1-1e2b-4ba9-b1ba-c1be2ccdce77\textures_2k\fabric02_specular.jpg
[2026.03.23-08.50.15:125][ 14]LogFbxMaterialImport: Display: Unable to find Texture file C:\Users\User\blenderkit_data\models\neuilly-chair_ca18f9a1-1e2b-4ba9-b1ba-c1be2ccdce77\textures_2k\fabric02_normal_opengl.jpg
[2026.03.23-08.50.15:126][ 14]LogMaterial: Display: Missing cached shadermap for Black_fabric in PCD3D_SM5, Default, SM5 (DDC key hash: 1EF5057282BFFD640E14C62FA6E0FEA1CC521900), compiling. 
[2026.03.23-08.50.15:127][ 14]LogFbx: Display: Triangulating static mesh Stairs
[2026.03.23-08.50.15:133][ 14]LogStaticMesh: Building static mesh house_Stairs...
[2026.03.23-08.50.15:147][ 14]LogStaticMesh: Built static mesh [0.01s] /Game/House_Models/house_Stairs.house_Stairs
[2026.03.23-08.50.15:147][ 14]LogStaticMesh: Warning: house_Stairs has degenerate tangent bases which will result in incorrect shading.  MikkTSpace relies on tangent bases and may result in mesh corruption, consider disabling this option.
[2026.03.23-08.50.15:147][ 14]LogStaticMesh: Warning: house_Stairs has some nearly zero bi-normals which can create some issues. (Tolerance of 1E-4)
[2026.03.23-08.50.15:150][ 14]LogFbx: Display: Triangulating static mesh TV Table
[2026.03.23-08.50.15:172][ 14]LogStaticMesh: Building static mesh house_TV_Table...
[2026.03.23-08.50.15:188][ 14]LogStaticMesh: Built static mesh [0.02s] /Game/House_Models/house_TV_Table.house_TV_Table
[2026.03.23-08.50.15:198][ 14]LogMaterial: Display: Missing cached shadermap for tv_plastic_001 in PCD3D_SM5, Default, SM5 (DDC key hash: 9F6A9BB004DC5F1DF199A2A4A846DB079A2EFF2E), compiling. 
[2026.03.23-08.50.15:200][ 14]LogMaterial: Display: Missing cached shadermap for tv_chrome_001 in PCD3D_SM5, Default, SM5 (DDC key hash: 0191F7E2ADA9CDCBAC2FBA091B452F8C40AEAA32), compiling. 
[2026.03.23-08.50.15:201][ 14]LogMaterial: Display: Missing cached shadermap for tv_screen_001 in PCD3D_SM5, Default, SM5 (DDC key hash: 6623AAC6AB56E38BA4FD1E0868FD77053E802D9D), compiling. 
[2026.03.23-08.50.15:202][ 14]LogFbx: Display: Triangulating static mesh TV.001
[2026.03.23-08.50.15:237][ 14]LogStaticMesh: Building static mesh house_TV_001...
[2026.03.23-08.50.15:257][ 14]LogStaticMesh: Built static mesh [0.02s] /Game/House_Models/house_TV_001.house_TV_001
[2026.03.23-08.50.15:263][ 14]LogStaticMesh: Warning: house_TV_001 has degenerate tangent bases which will result in incorrect shading.  MikkTSpace relies on tangent bases and may result in mesh corruption, consider disabling this option.
[2026.03.23-08.50.15:263][ 14]LogStaticMesh: Warning: house_TV_001 has some nearly zero bi-normals which can create some issues. (Tolerance of 1E-4)
[2026.03.23-08.50.15:271][ 14]LogFbxMaterialImport: Display: Unable to find Texture file D:\blender\assets\models\toilet_7b20f714-e7ed-4133-a6ed-fd9452278778\textures_2k\Marble008_2K_Roughness.jpg
[2026.03.23-08.50.15:271][ 14]LogMaterial: Display: Missing cached shadermap for Toilet_Main_White in PCD3D_SM5, Default, SM5 (DDC key hash: 6B1EF4C0952E3F180097313789226F56168197E3), compiling. 
[2026.03.23-08.50.15:274][ 14]LogMaterial: Display: Missing cached shadermap for Toilet_Lock in PCD3D_SM5, Default, SM5 (DDC key hash: 9892B29942B2C50F6CC89FF955EEC6110D68DCDE), compiling. 
[2026.03.23-08.50.15:277][ 14]LogMaterial: Display: Missing cached shadermap for Toilet_Metal in PCD3D_SM5, Default, SM5 (DDC key hash: 79D43ED0CDBC4694E0D6BC8C0DEC6BE904D80E48), compiling. 
[2026.03.23-08.50.15:279][ 14]LogMaterial: Display: Missing cached shadermap for Toilet_Plastic in PCD3D_SM5, Default, SM5 (DDC key hash: 198ABBF350605B2EFCCA3B78A460464B04EDA864), compiling. 
[2026.03.23-08.50.15:279][ 14]LogFbx: Display: Triangulating static mesh Circle.004
[2026.03.23-08.50.15:376][ 14]LogStaticMesh: Building static mesh house_Circle_004...
[2026.03.23-08.50.15:451][ 14]LogStaticMesh: Built static mesh [0.08s] /Game/House_Models/house_Circle_004.house_Circle_004
[2026.03.23-08.50.15:481][ 14]LogFbxMaterialImport: Display: Unable to find Texture file D:\blender\Environments\scen with 2\assets\materials\old-plaster-wall_6cfea7c1-dc06-4cb2-aaee-a083bc805540\textures_2k\Old concrete wall_Roughness.jpg
[2026.03.23-08.50.15:482][ 14]LogMaterial: Display: Missing cached shadermap for Wall in PCD3D_SM5, Default, SM5 (DDC key hash: E45F254E7E290E70C24D9A4E79E2E74C7293AFB5), compiling. 
[2026.03.23-08.50.15:484][ 14]LogMaterial: Display: Missing cached shadermap for Wall_Lower in PCD3D_SM5, Default, SM5 (DDC key hash: 3C6F7D212DCDCCFD2A4BA8D6AEE4E43342CF660E), compiling. 
[2026.03.23-08.50.15:486][ 14]LogMaterial: Display: Missing cached shadermap for tiles_blue in PCD3D_SM5, Default, SM5 (DDC key hash: 1CE2E9D53BE6FFF30ABDDCC71863FCE91F9F519B), compiling. 
[2026.03.23-08.50.15:486][ 14]LogFbx: Display: Triangulating static mesh Wall 1
[2026.03.23-08.50.15:495][ 14]LogStaticMesh: Building static mesh house_Wall_1...
[2026.03.23-08.50.15:509][ 14]LogStaticMesh: Built static mesh [0.01s] /Game/House_Models/house_Wall_1.house_Wall_1
[2026.03.23-08.50.15:514][ 14]LogFbxMaterialImport: Display: Unable to find Texture file D:\blender\assets\models\white-cabinet_b537fec8-f165-4ec1-a350-c461c9eb7afe\textures_1k\0100 белый.jpg
[2026.03.23-08.50.15:515][ 14]LogMaterial: Display: Missing cached shadermap for material_1 in PCD3D_SM5, Default, SM5 (DDC key hash: 39D2856419759BB9CD9D4576B0B0DD4A986A72E5), compiling. 
[2026.03.23-08.50.15:517][ 14]LogFbx: Display: Triangulating static mesh Plane.002
[2026.03.23-08.50.15:518][ 14]LogStaticMesh: Building static mesh house_Plane_002...
[2026.03.23-08.50.15:519][ 14]LogStaticMesh: Built static mesh [0.00s] /Game/House_Models/house_Plane_002.house_Plane_002
[2026.03.23-08.50.15:519][ 14]LogStaticMesh: Warning: house_Plane_002 has degenerate tangent bases which will result in incorrect shading.  MikkTSpace relies on tangent bases and may result in mesh corruption, consider disabling this option.
[2026.03.23-08.50.15:519][ 14]LogStaticMesh: Warning: house_Plane_002 has some nearly zero bi-normals which can create some issues. (Tolerance of 1E-4)
[2026.03.23-08.50.15:521][ 14]LogFbx: Display: Triangulating static mesh Plane.005
[2026.03.23-08.50.15:522][ 14]LogStaticMesh: Building static mesh house_Plane_005...
[2026.03.23-08.50.15:522][ 14]LogStaticMesh: Built static mesh [0.00s] /Game/House_Models/house_Plane_005.house_Plane_005
[2026.03.23-08.50.15:522][ 14]LogStaticMesh: Warning: house_Plane_005 has degenerate tangent bases which will result in incorrect shading.  MikkTSpace relies on tangent bases and may result in mesh corruption, consider disabling this option.
[2026.03.23-08.50.15:522][ 14]LogStaticMesh: Warning: house_Plane_005 has some nearly zero bi-normals which can create some issues. (Tolerance of 1E-4)
[2026.03.23-08.50.15:528][ 14]LogFbxMaterialImport: Display: Unable to find Texture file D:\blender\assets\models\white-cabinet_b537fec8-f165-4ec1-a350-c461c9eb7afe\textures_1k\0100 белый.jpg
[2026.03.23-08.50.15:529][ 14]LogMaterial: Display: Missing cached shadermap for material_0 in PCD3D_SM5, Default, SM5 (DDC key hash: B0509EBA3C69C09A9BAFC6707197999E4670CCE6), compiling. 
[2026.03.23-08.50.15:530][ 14]LogFbx: Display: Triangulating static mesh back wall
[2026.03.23-08.50.15:531][ 14]LogStaticMesh: Building static mesh house_back_wall...
[2026.03.23-08.50.15:532][ 14]LogStaticMesh: Built static mesh [0.00s] /Game/House_Models/house_back_wall.house_back_wall
[2026.03.23-08.50.15:536][ 14]LogFbxMaterialImport: Display: Unable to find Texture file D:\blender\assets\models\white-cabinet_b537fec8-f165-4ec1-a350-c461c9eb7afe\textures_1k\blum белый шёлк.jpg
[2026.03.23-08.50.15:537][ 14]LogMaterial: Display: Missing cached shadermap for material_4 in PCD3D_SM5, Default, SM5 (DDC key hash: 260F8C00D7CEA2A2C1981AD652C8C2F62B1A105E), compiling. 
[2026.03.23-08.50.15:538][ 14]LogFbxMaterialImport: Display: Unable to find Texture file D:\blender\assets\models\white-cabinet_b537fec8-f165-4ec1-a350-c461c9eb7afe\textures_1k\Шлиц PH.jpg
[2026.03.23-08.50.15:539][ 14]LogMaterial: Display: Missing cached shadermap for material_8 in PCD3D_SM5, Default, SM5 (DDC key hash: 9CB37C6218E289B70E010BECCA0A1F65EE3DA914), compiling. 
[2026.03.23-08.50.15:541][ 14]LogFbxMaterialImport: Display: Unable to find Texture file D:\blender\assets\models\white-cabinet_b537fec8-f165-4ec1-a350-c461c9eb7afe\textures_1k\_СТАЛЬ stweit светлая.jpg
[2026.03.23-08.50.15:541][ 14]LogMaterial: Display: Missing cached shadermap for material_2 in PCD3D_SM5, Default, SM5 (DDC key hash: D4B62FAAAFC4BDA99CD6A4DE5497478A3BE8A11C), compiling. 
[2026.03.23-08.50.15:543][ 14]LogFbxMaterialImport: Display: Unable to find Texture file D:\blender\assets\models\white-cabinet_b537fec8-f165-4ec1-a350-c461c9eb7afe\textures_1k\Cветло-серый.jpg
[2026.03.23-08.50.15:543][ 14]LogMaterial: Display: Missing cached shadermap for material_7 in PCD3D_SM5, Default, SM5 (DDC key hash: 41EAC721D6F1E86C9D7F2ABEF3C3BA9766BCEF79), compiling. 
[2026.03.23-08.50.15:545][ 14]LogFbxMaterialImport: Display: Unable to find Texture file D:\blender\assets\models\white-cabinet_b537fec8-f165-4ec1-a350-c461c9eb7afe\textures_1k\logo_blum_grey.jpg
[2026.03.23-08.50.15:545][ 14]LogMaterial: Display: Missing cached shadermap for material_5 in PCD3D_SM5, Default, SM5 (DDC key hash: A442228D06500565B3080101CEB05CBCF08D0CC4), compiling. 
[2026.03.23-08.50.15:547][ 14]LogFbxMaterialImport: Display: Unable to find Texture file D:\blender\assets\models\white-cabinet_b537fec8-f165-4ec1-a350-c461c9eb7afe\textures_1k\0440 Белая Аляска 16мм.jpg
[2026.03.23-08.50.15:547][ 14]LogMaterial: Display: Missing cached shadermap for material_3 in PCD3D_SM5, Default, SM5 (DDC key hash: 26060B0CA814C77F55DEFCF60112C27106217140), compiling. 
[2026.03.23-08.50.15:549][ 14]LogFbxMaterialImport: Display: Unable to find Texture file D:\blender\assets\models\white-cabinet_b537fec8-f165-4ec1-a350-c461c9eb7afe\textures_1k\Серый 2.jpg
[2026.03.23-08.50.15:549][ 14]LogMaterial: Display: Missing cached shadermap for material_6 in PCD3D_SM5, Default, SM5 (DDC key hash: 5845DC2F2311CAC6348C6E7D056C31CE15723829), compiling. 
[2026.03.23-08.50.15:550][ 14]LogFbxMaterialImport: Display: Unable to find Texture file D:\blender\assets\models\white-cabinet_b537fec8-f165-4ec1-a350-c461c9eb7afe\textures_1k\фасад ящика 176х596.jpg
[2026.03.23-08.50.15:551][ 14]LogMaterial: Display: Missing cached shadermap for material_10_001 in PCD3D_SM5, Default, SM5 (DDC key hash: 4B51403B0ACB7386AEF02F8ECC36B8C16CB75835), compiling. 
[2026.03.23-08.50.15:552][ 14]LogFbx: Display: Triangulating static mesh box 1
[2026.03.23-08.50.15:689][ 14]LogStaticMesh: Building static mesh house_box_1...
[2026.03.23-08.50.15:959][ 14]LogStaticMesh: Built static mesh [0.27s] /Game/House_Models/house_box_1.house_box_1
[2026.03.23-08.50.15:971][ 14]LogStaticMesh: Warning: house_box_1 has degenerate tangent bases which will result in incorrect shading.  MikkTSpace relies on tangent bases and may result in mesh corruption, consider disabling this option.
[2026.03.23-08.50.15:971][ 14]LogStaticMesh: Warning: house_box_1 has some nearly zero tangents which can create some issues. (Tolerance of 1E-4)
[2026.03.23-08.50.15:971][ 14]LogStaticMesh: Warning: house_box_1 has some nearly zero bi-normals which can create some issues. (Tolerance of 1E-4)
[2026.03.23-08.50.15:986][ 14]LogFbx: Display: Triangulating static mesh box 2
[2026.03.23-08.50.16:121][ 14]LogStaticMesh: Building static mesh house_box_2...
[2026.03.23-08.50.16:379][ 14]LogStaticMesh: Built static mesh [0.26s] /Game/House_Models/house_box_2.house_box_2
[2026.03.23-08.50.16:390][ 14]LogStaticMesh: Warning: house_box_2 has degenerate tangent bases which will result in incorrect shading.  MikkTSpace relies on tangent bases and may result in mesh corruption, consider disabling this option.
[2026.03.23-08.50.16:390][ 14]LogStaticMesh: Warning: house_box_2 has some nearly zero tangents which can create some issues. (Tolerance of 1E-4)
[2026.03.23-08.50.16:391][ 14]LogStaticMesh: Warning: house_box_2 has some nearly zero bi-normals which can create some issues. (Tolerance of 1E-4)
[2026.03.23-08.50.16:404][ 14]LogFbx: Display: Triangulating static mesh box3
[2026.03.23-08.50.16:541][ 14]LogStaticMesh: Building static mesh house_box3...
[2026.03.23-08.50.16:793][ 14]LogStaticMesh: Built static mesh [0.25s] /Game/House_Models/house_box3.house_box3
[2026.03.23-08.50.16:805][ 14]LogStaticMesh: Warning: house_box3 has degenerate tangent bases which will result in incorrect shading.  MikkTSpace relies on tangent bases and may result in mesh corruption, consider disabling this option.
[2026.03.23-08.50.16:805][ 14]LogStaticMesh: Warning: house_box3 has some nearly zero tangents which can create some issues. (Tolerance of 1E-4)
[2026.03.23-08.50.16:805][ 14]LogStaticMesh: Warning: house_box3 has some nearly zero bi-normals which can create some issues. (Tolerance of 1E-4)
[2026.03.23-08.50.16:818][ 14]LogFbx: Display: Triangulating static mesh ceiling
[2026.03.23-08.50.16:819][ 14]LogStaticMesh: Building static mesh house_ceiling...
[2026.03.23-08.50.16:820][ 14]LogStaticMesh: Built static mesh [0.00s] /Game/House_Models/house_ceiling.house_ceiling
[2026.03.23-08.50.16:824][ 14]LogFbxMaterialImport: Display: Unable to find Texture file D:\blender\assets\models\white-cabinet_b537fec8-f165-4ec1-a350-c461c9eb7afe\textures_1k\_Алюминий.jpg
[2026.03.23-08.50.16:825][ 14]LogMaterial: Display: Missing cached shadermap for material_9 in PCD3D_SM5, Default, SM5 (DDC key hash: 085FF171A94BF0CFB51EBBC75D32CB9F45F26A74), compiling. 
[2026.03.23-08.50.16:827][ 14]LogFbx: Display: Triangulating static mesh drawer guides 1
[2026.03.23-08.50.16:860][ 14]LogStaticMesh: Building static mesh house_drawer_guides_1...
[2026.03.23-08.50.16:896][ 14]LogStaticMesh: Built static mesh [0.04s] /Game/House_Models/house_drawer_guides_1.house_drawer_guides_1
[2026.03.23-08.50.16:898][ 14]LogStaticMesh: Warning: house_drawer_guides_1 has some nearly zero tangents which can create some issues. (Tolerance of 1E-4)
[2026.03.23-08.50.16:898][ 14]LogStaticMesh: Warning: house_drawer_guides_1 has some nearly zero bi-normals which can create some issues. (Tolerance of 1E-4)
[2026.03.23-08.50.16:903][ 14]LogFbx: Display: Triangulating static mesh drawer guides 2
[2026.03.23-08.50.16:936][ 14]LogStaticMesh: Building static mesh house_drawer_guides_2...
[2026.03.23-08.50.16:973][ 14]LogStaticMesh: Built static mesh [0.04s] /Game/House_Models/house_drawer_guides_2.house_drawer_guides_2
[2026.03.23-08.50.16:975][ 14]LogStaticMesh: Warning: house_drawer_guides_2 has some nearly zero tangents which can create some issues. (Tolerance of 1E-4)
[2026.03.23-08.50.16:975][ 14]LogStaticMesh: Warning: house_drawer_guides_2 has some nearly zero bi-normals which can create some issues. (Tolerance of 1E-4)
[2026.03.23-08.50.16:980][ 14]LogFbx: Display: Triangulating static mesh drawer guides 3
[2026.03.23-08.50.17:014][ 14]LogStaticMesh: Building static mesh house_drawer_guides_3...
[2026.03.23-08.50.17:052][ 14]LogStaticMesh: Built static mesh [0.04s] /Game/House_Models/house_drawer_guides_3.house_drawer_guides_3
[2026.03.23-08.50.17:053][ 14]LogStaticMesh: Warning: house_drawer_guides_3 has some nearly zero tangents which can create some issues. (Tolerance of 1E-4)
[2026.03.23-08.50.17:053][ 14]LogStaticMesh: Warning: house_drawer_guides_3 has some nearly zero bi-normals which can create some issues. (Tolerance of 1E-4)
[2026.03.23-08.50.17:057][ 14]LogFbx: Display: Triangulating static mesh floor
[2026.03.23-08.50.17:058][ 14]LogStaticMesh: Building static mesh house_floor...
[2026.03.23-08.50.17:062][ 14]LogStaticMesh: Built static mesh [0.00s] /Game/House_Models/house_floor.house_floor
[2026.03.23-08.50.17:066][ 14]LogMaterial: Display: Missing cached shadermap for material_12 in PCD3D_SM5, Default, SM5 (DDC key hash: 07C68FEEFD2FBA5C694C00BFA5A4FBBB14DB8B90), compiling. 
[2026.03.23-08.50.17:067][ 14]LogFbx: Display: Triangulating static mesh guide
[2026.03.23-08.50.17:068][ 14]LogStaticMesh: Building static mesh house_guide...
[2026.03.23-08.50.17:072][ 14]LogStaticMesh: Built static mesh [0.00s] /Game/House_Models/house_guide.house_guide
[2026.03.23-08.50.17:074][ 14]LogFbx: Display: Triangulating static mesh guide2
[2026.03.23-08.50.17:075][ 14]LogStaticMesh: Building static mesh house_guide2...
[2026.03.23-08.50.17:079][ 14]LogStaticMesh: Built static mesh [0.00s] /Game/House_Models/house_guide2.house_guide2
[2026.03.23-08.50.17:081][ 14]LogFbx: Display: Triangulating static mesh hanger
[2026.03.23-08.50.17:085][ 14]LogStaticMesh: Building static mesh house_hanger...
[2026.03.23-08.50.17:090][ 14]LogStaticMesh: Built static mesh [0.00s] /Game/House_Models/house_hanger.house_hanger
[2026.03.23-08.50.17:093][ 14]LogFbx: Display: Triangulating static mesh shelf1
[2026.03.23-08.50.17:094][ 14]LogStaticMesh: Building static mesh house_shelf1...
[2026.03.23-08.50.17:095][ 14]LogStaticMesh: Built static mesh [0.00s] /Game/House_Models/house_shelf1.house_shelf1
[2026.03.23-08.50.17:097][ 14]LogFbx: Display: Triangulating static mesh shelf2
[2026.03.23-08.50.17:098][ 14]LogStaticMesh: Building static mesh house_shelf2...
[2026.03.23-08.50.17:099][ 14]LogStaticMesh: Built static mesh [0.00s] /Game/House_Models/house_shelf2.house_shelf2
[2026.03.23-08.50.17:101][ 14]LogFbx: Display: Triangulating static mesh shelf3
[2026.03.23-08.50.17:101][ 14]LogStaticMesh: Building static mesh house_shelf3...
[2026.03.23-08.50.17:102][ 14]LogStaticMesh: Built static mesh [0.00s] /Game/House_Models/house_shelf3.house_shelf3
[2026.03.23-08.50.17:105][ 14]LogFbx: Display: Triangulating static mesh shelf4
[2026.03.23-08.50.17:105][ 14]LogStaticMesh: Building static mesh house_shelf4...
[2026.03.23-08.50.17:106][ 14]LogStaticMesh: Built static mesh [0.00s] /Game/House_Models/house_shelf4.house_shelf4
[2026.03.23-08.50.17:109][ 14]LogFbx: Display: Triangulating static mesh shelf5
[2026.03.23-08.50.17:110][ 14]LogStaticMesh: Building static mesh house_shelf5...
[2026.03.23-08.50.17:111][ 14]LogStaticMesh: Built static mesh [0.00s] /Game/House_Models/house_shelf5.house_shelf5
[2026.03.23-08.50.17:113][ 14]LogFbx: Display: Triangulating static mesh shelf6
[2026.03.23-08.50.17:114][ 14]LogStaticMesh: Building static mesh house_shelf6...
[2026.03.23-08.50.17:116][ 14]LogStaticMesh: Built static mesh [0.00s] /Game/House_Models/house_shelf6.house_shelf6
[2026.03.23-08.50.17:119][ 14]LogFbx: Display: Triangulating static mesh shelf7
[2026.03.23-08.50.17:120][ 14]LogStaticMesh: Building static mesh house_shelf7...
[2026.03.23-08.50.17:122][ 14]LogStaticMesh: Built static mesh [0.00s] /Game/House_Models/house_shelf7.house_shelf7
[2026.03.23-08.50.17:124][ 14]LogFbx: Display: Triangulating static mesh wall1
[2026.03.23-08.50.17:125][ 14]LogStaticMesh: Building static mesh house_wall1...
[2026.03.23-08.50.17:127][ 14]LogStaticMesh: Built static mesh [0.00s] /Game/House_Models/house_wall1.house_wall1
[2026.03.23-08.50.17:127][ 14]LogStaticMesh: Warning: house_wall1 has degenerate tangent bases which will result in incorrect shading.  MikkTSpace relies on tangent bases and may result in mesh corruption, consider disabling this option.
[2026.03.23-08.50.17:127][ 14]LogStaticMesh: Warning: house_wall1 has some nearly zero bi-normals which can create some issues. (Tolerance of 1E-4)
[2026.03.23-08.50.17:129][ 14]LogFbx: Display: Triangulating static mesh wall2
[2026.03.23-08.50.17:130][ 14]LogStaticMesh: Building static mesh house_wall2...
[2026.03.23-08.50.17:132][ 14]LogStaticMesh: Built static mesh [0.00s] /Game/House_Models/house_wall2.house_wall2
[2026.03.23-08.50.17:134][ 14]LogFbx: Display: Triangulating static mesh wall3
[2026.03.23-08.50.17:135][ 14]LogStaticMesh: Building static mesh house_wall3...
[2026.03.23-08.50.17:136][ 14]LogStaticMesh: Built static mesh [0.00s] /Game/House_Models/house_wall3.house_wall3
[2026.03.23-08.50.17:139][ 14]LogFbx: Display: Triangulating static mesh wall4
[2026.03.23-08.50.17:139][ 14]LogStaticMesh: Building static mesh house_wall4...
[2026.03.23-08.50.17:141][ 14]LogStaticMesh: Built static mesh [0.00s] /Game/House_Models/house_wall4.house_wall4
[2026.03.23-08.50.17:143][ 14]LogFbx: Display: Triangulating static mesh wall5
[2026.03.23-08.50.17:144][ 14]LogStaticMesh: Building static mesh house_wall5...
[2026.03.23-08.50.17:146][ 14]LogStaticMesh: Built static mesh [0.00s] /Game/House_Models/house_wall5.house_wall5
[2026.03.23-08.50.17:148][ 14]LogFbx: Display: Triangulating static mesh WindowFrame.001
[2026.03.23-08.50.17:151][ 14]LogStaticMesh: Building static mesh house_WindowFrame_001...
[2026.03.23-08.50.17:152][ 14]LogStaticMesh: Built static mesh [0.00s] /Game/House_Models/house_WindowFrame_001.house_WindowFrame_001
[2026.03.23-08.50.17:152][ 14]LogStaticMesh: Warning: house_WindowFrame_001 has degenerate tangent bases which will result in incorrect shading.  MikkTSpace relies on tangent bases and may result in mesh corruption, consider disabling this option.
[2026.03.23-08.50.17:152][ 14]LogStaticMesh: Warning: house_WindowFrame_001 has some nearly zero bi-normals which can create some issues. (Tolerance of 1E-4)
[2026.03.23-08.50.17:156][ 14]LogMaterial: Display: Missing cached shadermap for Window_007 in PCD3D_SM5, Default, SM5 (DDC key hash: D7A4064FAAEF7EFD430B6AA35E3A205FE0D8FD87), compiling. 
[2026.03.23-08.50.17:157][ 14]LogFbx: Display: Triangulating static mesh Window.L.001
[2026.03.23-08.50.17:159][ 14]LogStaticMesh: Building static mesh house_Window_L_001...
[2026.03.23-08.50.17:165][ 14]LogStaticMesh: Built static mesh [0.01s] /Game/House_Models/house_Window_L_001.house_Window_L_001
[2026.03.23-08.50.17:168][ 14]LogFbx: Display: Triangulating static mesh Window.R.001
[2026.03.23-08.50.17:170][ 14]LogStaticMesh: Building static mesh house_Window_R_001...
[2026.03.23-08.50.17:171][ 14]LogStaticMesh: Built static mesh [0.00s] /Game/House_Models/house_Window_R_001.house_Window_R_001
[2026.03.23-08.50.17:171][ 14]LogStaticMesh: Warning: house_Window_R_001 has degenerate tangent bases which will result in incorrect shading.  MikkTSpace relies on tangent bases and may result in mesh corruption, consider disabling this option.
[2026.03.23-08.50.17:171][ 14]LogStaticMesh: Warning: house_Window_R_001 has some nearly zero bi-normals which can create some issues. (Tolerance of 1E-4)
[2026.03.23-08.50.17:173][ 14]LogFbx: Display: Triangulating static mesh WindowFrame.004
[2026.03.23-08.50.17:176][ 14]LogStaticMesh: Building static mesh house_WindowFrame_004...
[2026.03.23-08.50.17:177][ 14]LogStaticMesh: Built static mesh [0.00s] /Game/House_Models/house_WindowFrame_004.house_WindowFrame_004
[2026.03.23-08.50.17:177][ 14]LogStaticMesh: Warning: house_WindowFrame_004 has degenerate tangent bases which will result in incorrect shading.  MikkTSpace relies on tangent bases and may result in mesh corruption, consider disabling this option.
[2026.03.23-08.50.17:177][ 14]LogStaticMesh: Warning: house_WindowFrame_004 has some nearly zero bi-normals which can create some issues. (Tolerance of 1E-4)
[2026.03.23-08.50.17:179][ 14]LogFbx: Display: Triangulating static mesh Window.L.005
[2026.03.23-08.50.17:182][ 14]LogStaticMesh: Building static mesh house_Window_L_005...
[2026.03.23-08.50.17:188][ 14]LogStaticMesh: Built static mesh [0.01s] /Game/House_Models/house_Window_L_005.house_Window_L_005
[2026.03.23-08.50.17:191][ 14]LogFbxMaterialImport: Display: Unable to find Texture file D:\4.1 Blender Sharipov K\2 Models\20\New Folder\assets\models\piled-books_bf654b3a-e036-4b67-ba8d-774d4a1868d7\textures_2k\book list.jpg
[2026.03.23-08.50.17:192][ 14]LogMaterial: Display: Missing cached shadermap for Material_103 in PCD3D_SM5, Default, SM5 (DDC key hash: 9F6C1BB83CB45EDAA3BAE886F34AC94DC24536EC), compiling. 
[2026.03.23-08.50.17:193][ 14]LogFbx: Display: Triangulating static mesh WindowFrame.005
[2026.03.23-08.50.17:196][ 14]LogStaticMesh: Building static mesh house_WindowFrame_005...
[2026.03.23-08.50.17:196][ 14]LogStaticMesh: Built static mesh [0.00s] /Game/House_Models/house_WindowFrame_005.house_WindowFrame_005
[2026.03.23-08.50.17:197][ 14]LogStaticMesh: Warning: house_WindowFrame_005 has degenerate tangent bases which will result in incorrect shading.  MikkTSpace relies on tangent bases and may result in mesh corruption, consider disabling this option.
[2026.03.23-08.50.17:197][ 14]LogStaticMesh: Warning: house_WindowFrame_005 has some nearly zero bi-normals which can create some issues. (Tolerance of 1E-4)
[2026.03.23-08.50.17:199][ 14]LogFbx: Display: Triangulating static mesh Window.L.004
[2026.03.23-08.50.17:201][ 14]LogStaticMesh: Building static mesh house_Window_L_004...
[2026.03.23-08.50.17:207][ 14]LogStaticMesh: Built static mesh [0.01s] /Game/House_Models/house_Window_L_004.house_Window_L_004
[2026.03.23-08.50.17:210][ 14]LogFbx: Display: Triangulating static mesh WindowFrame.003
[2026.03.23-08.50.17:214][ 14]LogStaticMesh: Building static mesh house_WindowFrame_003...
[2026.03.23-08.50.17:222][ 14]LogStaticMesh: Built static mesh [0.01s] /Game/House_Models/house_WindowFrame_003.house_WindowFrame_003
[2026.03.23-08.50.17:222][ 14]LogStaticMesh: Warning: house_WindowFrame_003 has some nearly zero bi-normals which can create some issues. (Tolerance of 1E-4)
[2026.03.23-08.50.17:226][ 14]LogMaterial: Display: Missing cached shadermap for Raindrops_On_The_Glass_001 in PCD3D_SM5, Default, SM5 (DDC key hash: 0A009CE3512A6926628F1B49ABA5EC8C405C659C), compiling. 
[2026.03.23-08.50.17:227][ 14]LogFbx: Display: Triangulating static mesh Window.L.003
[2026.03.23-08.50.17:229][ 14]LogStaticMesh: Building static mesh house_Window_L_003...
[2026.03.23-08.50.17:234][ 14]LogStaticMesh: Built static mesh [0.01s] /Game/House_Models/house_Window_L_003.house_Window_L_003
[2026.03.23-08.50.17:238][ 14]LogMaterial: Display: Missing cached shadermap for Black_003 in PCD3D_SM5, Default, SM5 (DDC key hash: 308E53CFA44D9CAD1617753B4515970BB84EFA8F), compiling. 
[2026.03.23-08.50.17:240][ 14]LogFbx: Display: Triangulating static mesh Handle.003
[2026.03.23-08.50.17:246][ 14]LogStaticMesh: Building static mesh house_Handle_003...
[2026.03.23-08.50.17:248][ 14]LogStaticMesh: Built static mesh [0.00s] /Game/House_Models/house_Handle_003.house_Handle_003
[2026.03.23-08.50.17:249][ 14]LogStaticMesh: Warning: house_Handle_003 has degenerate tangent bases which will result in incorrect shading.  MikkTSpace relies on tangent bases and may result in mesh corruption, consider disabling this option.
[2026.03.23-08.50.17:249][ 14]LogStaticMesh: Warning: house_Handle_003 has some nearly zero bi-normals which can create some issues. (Tolerance of 1E-4)
[2026.03.23-08.50.17:251][ 14]LogFbx: Display: Triangulating static mesh Window.R.003
[2026.03.23-08.50.17:253][ 14]LogStaticMesh: Building static mesh house_Window_R_003...
[2026.03.23-08.50.17:258][ 14]LogStaticMesh: Built static mesh [0.01s] /Game/House_Models/house_Window_R_003.house_Window_R_003
[2026.03.23-08.50.17:261][ 14]LogFbx: Display: Triangulating static mesh Handle.002
[2026.03.23-08.50.17:266][ 14]LogStaticMesh: Building static mesh house_Handle_002...
[2026.03.23-08.50.17:268][ 14]LogStaticMesh: Built static mesh [0.00s] /Game/House_Models/house_Handle_002.house_Handle_002
[2026.03.23-08.50.17:269][ 14]LogStaticMesh: Warning: house_Handle_002 has degenerate tangent bases which will result in incorrect shading.  MikkTSpace relies on tangent bases and may result in mesh corruption, consider disabling this option.
[2026.03.23-08.50.17:269][ 14]LogStaticMesh: Warning: house_Handle_002 has some nearly zero bi-normals which can create some issues. (Tolerance of 1E-4)
[2026.03.23-08.50.17:271][ 14]LogFbx: Display: Triangulating static mesh Windows_Sill.001
[2026.03.23-08.50.17:273][ 14]LogStaticMesh: Building static mesh house_Windows_Sill_001...
[2026.03.23-08.50.17:276][ 14]LogStaticMesh: Built static mesh [0.00s] /Game/House_Models/house_Windows_Sill_001.house_Windows_Sill_001
[2026.03.23-08.50.17:281][ 14]LogFbxMaterialImport: Display: Unable to find Texture file D:\blender\assets\models\wooden-bookshelv_b3cd515c-4471-46c8-a1f1-4dc3e345e4e1\textures_2k\WoodenShelves_BaseColor.jpg
[2026.03.23-08.50.17:281][ 14]LogFbxMaterialImport: Display: Unable to find Texture file D:\blender\assets\models\wooden-bookshelv_b3cd515c-4471-46c8-a1f1-4dc3e345e4e1\textures_2k\WoodenShelves_Roughness.jpg
[2026.03.23-08.50.17:282][ 14]LogFbxMaterialImport: Display: Unable to find Texture file D:\blender\assets\models\wooden-bookshelv_b3cd515c-4471-46c8-a1f1-4dc3e345e4e1\textures_2k\WoodenShelves_Normal.jpg
[2026.03.23-08.50.17:282][ 14]LogMaterial: Display: Missing cached shadermap for Wooden_Bookshelves_Four_Layers in PCD3D_SM5, Default, SM5 (DDC key hash: C2849C0839F3BDA14B38B10446EF9AF09D1C6C80), compiling. 
[2026.03.23-08.50.17:283][ 14]LogFbx: Display: Triangulating static mesh Wooden Bookshelves Four Layers
[2026.03.23-08.50.17:287][ 14]LogStaticMesh: Building static mesh house_Wooden_Bookshelves_Four_Layers...
[2026.03.23-08.50.17:291][ 14]LogStaticMesh: Built static mesh [0.00s] /Game/House_Models/house_Wooden_Bookshelves_Four_Layers.house_Wooden_Bookshelves_Four_Layers
[2026.03.23-08.50.17:294][ 14]LogFbx: Display: Triangulating static mesh Wooden Bookshelves Four Layers.001
[2026.03.23-08.50.17:297][ 14]LogStaticMesh: Building static mesh house_Wooden_Bookshelves_Four_Layers_001...
[2026.03.23-08.50.17:301][ 14]LogStaticMesh: Built static mesh [0.00s] /Game/House_Models/house_Wooden_Bookshelves_Four_Layers_001.house_Wooden_Bookshelves_Four_Layers_001
[2026.03.23-08.50.17:306][ 14]LogMaterial: Display: Missing cached shadermap for key in PCD3D_SM5, Default, SM5 (DDC key hash: DF6DC97096BDE4274E37A7A9787A97D868D24FC6), compiling. 
[2026.03.23-08.50.17:307][ 14]LogFbx: Display: Triangulating static mesh key2
[2026.03.23-08.50.17:548][ 14]LogStaticMesh: Building static mesh house_key2...
[2026.03.23-08.50.17:678][ 14]LogStaticMesh: Built static mesh [0.13s] /Game/House_Models/house_key2.house_key2
[2026.03.23-08.50.17:686][ 14]LogStaticMesh: Warning: house_key2 has degenerate tangent bases which will result in incorrect shading.  MikkTSpace relies on tangent bases and may result in mesh corruption, consider disabling this option.
[2026.03.23-08.50.17:687][ 14]LogStaticMesh: Warning: house_key2 has some nearly zero bi-normals which can create some issues. (Tolerance of 1E-4)
[2026.03.23-08.50.17:696][ 14]LogFbx: Display: Triangulating static mesh key_ring
[2026.03.23-08.50.17:737][ 14]LogStaticMesh: Building static mesh house_key_ring...
[2026.03.23-08.50.17:750][ 14]LogStaticMesh: Built static mesh [0.01s] /Game/House_Models/house_key_ring.house_key_ring
[2026.03.23-08.50.17:758][ 14]LogMaterial: Display: Missing cached shadermap for key01 in PCD3D_SM5, Default, SM5 (DDC key hash: 41C5F28861C7F7DB96A8104E6757A0246C7385DC), compiling. 
[2026.03.23-08.50.17:760][ 14]LogFbx: Display: Triangulating static mesh key
[2026.03.23-08.50.17:873][ 14]LogStaticMesh: Building static mesh house_key...
[2026.03.23-08.50.17:934][ 14]LogStaticMesh: Built static mesh [0.06s] /Game/House_Models/house_key.house_key
[2026.03.23-08.50.17:950][ 14]LogMaterial: Display: Missing cached shadermap for leather in PCD3D_SM5, Default, SM5 (DDC key hash: 6448D2257C2655549B1BD9391F887B6F789CA48B), compiling. 
[2026.03.23-08.50.17:951][ 14]LogFbx: Display: Triangulating static mesh leather
[2026.03.23-08.50.17:988][ 14]LogStaticMesh: Building static mesh house_leather...
[2026.03.23-08.50.18:007][ 14]LogStaticMesh: Built static mesh [0.02s] /Game/House_Models/house_leather.house_leather
[2026.03.23-08.50.18:016][ 14]LogMaterial: Display: Missing cached shadermap for mirror_002 in PCD3D_SM5, Default, SM5 (DDC key hash: 46844A3920549EF3F96AC6CEB56786C7BF17A5F3), compiling. 
[2026.03.23-08.50.18:019][ 14]LogMaterial: Display: Missing cached shadermap for mirror_light_001 in PCD3D_SM5, Default, SM5 (DDC key hash: 3DECA50AEDB3EBC2C005D49FD306F24BD4E8E114), compiling. 
[2026.03.23-08.50.18:021][ 14]LogFbx: Display: Triangulating static mesh mirror.001
[2026.03.23-08.50.18:046][ 14]LogStaticMesh: Building static mesh house_mirror_001...
[2026.03.23-08.50.18:054][ 14]LogStaticMesh: Built static mesh [0.01s] /Game/House_Models/house_mirror_001.house_mirror_001
[2026.03.23-08.50.18:056][ 14]LogStaticMesh: Warning: house_mirror_001 has degenerate tangent bases which will result in incorrect shading.  MikkTSpace relies on tangent bases and may result in mesh corruption, consider disabling this option.
[2026.03.23-08.50.18:056][ 14]LogStaticMesh: Warning: house_mirror_001 has some nearly zero bi-normals which can create some issues. (Tolerance of 1E-4)
[2026.03.23-08.50.18:871][ 14]LogPhysicsCore: Warning: PHYSX: (D:\Build\++Fortnite\Sync\Engine\Source\ThirdParty\PhysX3\PhysX_3.4\Source\PhysXCooking\src\convex\QuickHullConvexHullLib.cpp 937) eINTERNAL_ERROR : QuickHullConvexHullLib::findSimplex: Simplex input points appers to be coplanar.
[2026.03.23-08.50.18:872][ 14]LogPhysicsCore: Warning: PHYSX: (D:\Build\++Fortnite\Sync\Engine\Source\ThirdParty\PhysX3\PhysX_3.4\Source\PhysXCooking\src\convex\QuickHullConvexHullLib.cpp 937) eINTERNAL_ERROR : QuickHullConvexHullLib::findSimplex: Simplex input points appers to be coplanar.
[2026.03.23-08.50.18:872][ 14]LogPhysics: Warning: Failed to cook convex: /Game/House_Models/house_Button_014.house_Button_014 0 (FlipX:0). The remaining elements will not get cooked.
[2026.03.23-08.50.18:872][ 14]LogPhysicsCore: Warning: PHYSX: (D:\Build\++Fortnite\Sync\Engine\Source\ThirdParty\PhysX3\PhysX_3.4\Source\PhysXCooking\src\convex\QuickHullConvexHullLib.cpp 937) eINTERNAL_ERROR : QuickHullConvexHullLib::findSimplex: Simplex input points appers to be coplanar.
[2026.03.23-08.50.18:872][ 14]LogPhysicsCore: Warning: PHYSX: (D:\Build\++Fortnite\Sync\Engine\Source\ThirdParty\PhysX3\PhysX_3.4\Source\PhysXCooking\src\convex\QuickHullConvexHullLib.cpp 937) eINTERNAL_ERROR : QuickHullConvexHullLib::findSimplex: Simplex input points appers to be coplanar.
[2026.03.23-08.50.18:872][ 14]LogPhysics: Warning: Failed to cook convex: /Game/House_Models/house_Button_014.house_Button_014 0 (FlipX:1). The remaining elements will not get cooked.
[2026.03.23-08.50.18:872][ 14]LogPhysics: Warning: Attempt to build physics data for /Game/House_Models/house_Button_014.house_Button_014:BodySetup_0 when we are unable to.
[2026.03.23-08.50.18:909][ 14]LogPhysicsCore: Warning: PHYSX: (D:\Build\++Fortnite\Sync\Engine\Source\ThirdParty\PhysX3\PhysX_3.4\Source\PhysXCooking\src\convex\QuickHullConvexHullLib.cpp 937) eINTERNAL_ERROR : QuickHullConvexHullLib::findSimplex: Simplex input points appers to be coplanar.
[2026.03.23-08.50.18:909][ 14]LogPhysicsCore: Warning: PHYSX: (D:\Build\++Fortnite\Sync\Engine\Source\ThirdParty\PhysX3\PhysX_3.4\Source\PhysXCooking\src\convex\QuickHullConvexHullLib.cpp 937) eINTERNAL_ERROR : QuickHullConvexHullLib::findSimplex: Simplex input points appers to be coplanar.
[2026.03.23-08.50.18:909][ 14]LogPhysics: Warning: Failed to cook convex: /Game/House_Models/house_Labels_002.house_Labels_002 0 (FlipX:0). The remaining elements will not get cooked.
[2026.03.23-08.50.18:909][ 14]LogPhysicsCore: Warning: PHYSX: (D:\Build\++Fortnite\Sync\Engine\Source\ThirdParty\PhysX3\PhysX_3.4\Source\PhysXCooking\src\convex\QuickHullConvexHullLib.cpp 937) eINTERNAL_ERROR : QuickHullConvexHullLib::findSimplex: Simplex input points appers to be coplanar.
[2026.03.23-08.50.18:909][ 14]LogPhysicsCore: Warning: PHYSX: (D:\Build\++Fortnite\Sync\Engine\Source\ThirdParty\PhysX3\PhysX_3.4\Source\PhysXCooking\src\convex\QuickHullConvexHullLib.cpp 937) eINTERNAL_ERROR : QuickHullConvexHullLib::findSimplex: Simplex input points appers to be coplanar.
[2026.03.23-08.50.18:909][ 14]LogPhysics: Warning: Failed to cook convex: /Game/House_Models/house_Labels_002.house_Labels_002 0 (FlipX:1). The remaining elements will not get cooked.
[2026.03.23-08.50.18:909][ 14]LogPhysics: Warning: Attempt to build physics data for /Game/House_Models/house_Labels_002.house_Labels_002:BodySetup_0 when we are unable to.
[2026.03.23-08.50.18:910][ 14]LogPhysicsCore: Warning: PHYSX: (D:\Build\++Fortnite\Sync\Engine\Source\ThirdParty\PhysX3\PhysX_3.4\Source\PhysXCooking\src\convex\QuickHullConvexHullLib.cpp 937) eINTERNAL_ERROR : QuickHullConvexHullLib::findSimplex: Simplex input points appers to be coplanar.
[2026.03.23-08.50.18:910][ 14]LogPhysicsCore: Warning: PHYSX: (D:\Build\++Fortnite\Sync\Engine\Source\ThirdParty\PhysX3\PhysX_3.4\Source\PhysXCooking\src\convex\QuickHullConvexHullLib.cpp 937) eINTERNAL_ERROR : QuickHullConvexHullLib::findSimplex: Simplex input points appers to be coplanar.
[2026.03.23-08.50.18:910][ 14]LogPhysics: Warning: Failed to cook convex: /Game/House_Models/house_Labels_004.house_Labels_004 0 (FlipX:0). The remaining elements will not get cooked.
[2026.03.23-08.50.18:910][ 14]LogPhysicsCore: Warning: PHYSX: (D:\Build\++Fortnite\Sync\Engine\Source\ThirdParty\PhysX3\PhysX_3.4\Source\PhysXCooking\src\convex\QuickHullConvexHullLib.cpp 937) eINTERNAL_ERROR : QuickHullConvexHullLib::findSimplex: Simplex input points appers to be coplanar.
[2026.03.23-08.50.18:910][ 14]LogPhysicsCore: Warning: PHYSX: (D:\Build\++Fortnite\Sync\Engine\Source\ThirdParty\PhysX3\PhysX_3.4\Source\PhysXCooking\src\convex\QuickHullConvexHullLib.cpp 937) eINTERNAL_ERROR : QuickHullConvexHullLib::findSimplex: Simplex input points appers to be coplanar.
[2026.03.23-08.50.18:910][ 14]LogPhysics: Warning: Failed to cook convex: /Game/House_Models/house_Labels_004.house_Labels_004 0 (FlipX:1). The remaining elements will not get cooked.
[2026.03.23-08.50.18:910][ 14]LogPhysics: Warning: Attempt to build physics data for /Game/House_Models/house_Labels_004.house_Labels_004:BodySetup_0 when we are unable to.
[2026.03.23-08.50.18:910][ 14]LogPhysicsCore: Warning: PHYSX: (D:\Build\++Fortnite\Sync\Engine\Source\ThirdParty\PhysX3\PhysX_3.4\Source\PhysXCooking\src\convex\QuickHullConvexHullLib.cpp 937) eINTERNAL_ERROR : QuickHullConvexHullLib::findSimplex: Simplex input points appers to be coplanar.
[2026.03.23-08.50.18:910][ 14]LogPhysicsCore: Warning: PHYSX: (D:\Build\++Fortnite\Sync\Engine\Source\ThirdParty\PhysX3\PhysX_3.4\Source\PhysXCooking\src\convex\QuickHullConvexHullLib.cpp 937) eINTERNAL_ERROR : QuickHullConvexHullLib::findSimplex: Simplex input points appers to be coplanar.
[2026.03.23-08.50.18:910][ 14]LogPhysics: Warning: Failed to cook convex: /Game/House_Models/house_Labels_005.house_Labels_005 0 (FlipX:0). The remaining elements will not get cooked.
[2026.03.23-08.50.18:910][ 14]LogPhysicsCore: Warning: PHYSX: (D:\Build\++Fortnite\Sync\Engine\Source\ThirdParty\PhysX3\PhysX_3.4\Source\PhysXCooking\src\convex\QuickHullConvexHullLib.cpp 937) eINTERNAL_ERROR : QuickHullConvexHullLib::findSimplex: Simplex input points appers to be coplanar.
[2026.03.23-08.50.18:910][ 14]LogPhysicsCore: Warning: PHYSX: (D:\Build\++Fortnite\Sync\Engine\Source\ThirdParty\PhysX3\PhysX_3.4\Source\PhysXCooking\src\convex\QuickHullConvexHullLib.cpp 937) eINTERNAL_ERROR : QuickHullConvexHullLib::findSimplex: Simplex input points appers to be coplanar.
[2026.03.23-08.50.18:910][ 14]LogPhysics: Warning: Failed to cook convex: /Game/House_Models/house_Labels_005.house_Labels_005 0 (FlipX:1). The remaining elements will not get cooked.
[2026.03.23-08.50.18:910][ 14]LogPhysics: Warning: Attempt to build physics data for /Game/House_Models/house_Labels_005.house_Labels_005:BodySetup_0 when we are unable to.
[2026.03.23-08.50.18:911][ 14]LogPhysicsCore: Warning: PHYSX: (D:\Build\++Fortnite\Sync\Engine\Source\ThirdParty\PhysX3\PhysX_3.4\Source\PhysXCooking\src\convex\QuickHullConvexHullLib.cpp 937) eINTERNAL_ERROR : QuickHullConvexHullLib::findSimplex: Simplex input points appers to be coplanar.
[2026.03.23-08.50.18:911][ 14]LogPhysicsCore: Warning: PHYSX: (D:\Build\++Fortnite\Sync\Engine\Source\ThirdParty\PhysX3\PhysX_3.4\Source\PhysXCooking\src\convex\QuickHullConvexHullLib.cpp 937) eINTERNAL_ERROR : QuickHullConvexHullLib::findSimplex: Simplex input points appers to be coplanar.
[2026.03.23-08.50.18:911][ 14]LogPhysics: Warning: Failed to cook convex: /Game/House_Models/house_Labels_006.house_Labels_006 0 (FlipX:0). The remaining elements will not get cooked.
[2026.03.23-08.50.18:911][ 14]LogPhysicsCore: Warning: PHYSX: (D:\Build\++Fortnite\Sync\Engine\Source\ThirdParty\PhysX3\PhysX_3.4\Source\PhysXCooking\src\convex\QuickHullConvexHullLib.cpp 937) eINTERNAL_ERROR : QuickHullConvexHullLib::findSimplex: Simplex input points appers to be coplanar.
[2026.03.23-08.50.18:911][ 14]LogPhysicsCore: Warning: PHYSX: (D:\Build\++Fortnite\Sync\Engine\Source\ThirdParty\PhysX3\PhysX_3.4\Source\PhysXCooking\src\convex\QuickHullConvexHullLib.cpp 937) eINTERNAL_ERROR : QuickHullConvexHullLib::findSimplex: Simplex input points appers to be coplanar.
[2026.03.23-08.50.18:911][ 14]LogPhysics: Warning: Failed to cook convex: /Game/House_Models/house_Labels_006.house_Labels_006 0 (FlipX:1). The remaining elements will not get cooked.
[2026.03.23-08.50.18:911][ 14]LogPhysics: Warning: Attempt to build physics data for /Game/House_Models/house_Labels_006.house_Labels_006:BodySetup_0 when we are unable to.
[2026.03.23-08.50.18:911][ 14]LogPhysicsCore: Warning: PHYSX: (D:\Build\++Fortnite\Sync\Engine\Source\ThirdParty\PhysX3\PhysX_3.4\Source\PhysXCooking\src\convex\QuickHullConvexHullLib.cpp 937) eINTERNAL_ERROR : QuickHullConvexHullLib::findSimplex: Simplex input points appers to be coplanar.
[2026.03.23-08.50.18:911][ 14]LogPhysicsCore: Warning: PHYSX: (D:\Build\++Fortnite\Sync\Engine\Source\ThirdParty\PhysX3\PhysX_3.4\Source\PhysXCooking\src\convex\QuickHullConvexHullLib.cpp 937) eINTERNAL_ERROR : QuickHullConvexHullLib::findSimplex: Simplex input points appers to be coplanar.
[2026.03.23-08.50.18:911][ 14]LogPhysics: Warning: Failed to cook convex: /Game/House_Models/house_Labels_007.house_Labels_007 0 (FlipX:0). The remaining elements will not get cooked.
[2026.03.23-08.50.18:911][ 14]LogPhysicsCore: Warning: PHYSX: (D:\Build\++Fortnite\Sync\Engine\Source\ThirdParty\PhysX3\PhysX_3.4\Source\PhysXCooking\src\convex\QuickHullConvexHullLib.cpp 937) eINTERNAL_ERROR : QuickHullConvexHullLib::findSimplex: Simplex input points appers to be coplanar.
[2026.03.23-08.50.18:912][ 14]LogPhysicsCore: Warning: PHYSX: (D:\Build\++Fortnite\Sync\Engine\Source\ThirdParty\PhysX3\PhysX_3.4\Source\PhysXCooking\src\convex\QuickHullConvexHullLib.cpp 937) eINTERNAL_ERROR : QuickHullConvexHullLib::findSimplex: Simplex input points appers to be coplanar.
[2026.03.23-08.50.18:912][ 14]LogPhysics: Warning: Failed to cook convex: /Game/House_Models/house_Labels_007.house_Labels_007 0 (FlipX:1). The remaining elements will not get cooked.
[2026.03.23-08.50.18:912][ 14]LogPhysics: Warning: Attempt to build physics data for /Game/House_Models/house_Labels_007.house_Labels_007:BodySetup_0 when we are unable to.
[2026.03.23-08.50.18:912][ 14]LogPhysicsCore: Warning: PHYSX: (D:\Build\++Fortnite\Sync\Engine\Source\ThirdParty\PhysX3\PhysX_3.4\Source\PhysXCooking\src\convex\QuickHullConvexHullLib.cpp 937) eINTERNAL_ERROR : QuickHullConvexHullLib::findSimplex: Simplex input points appers to be coplanar.
[2026.03.23-08.50.18:912][ 14]LogPhysicsCore: Warning: PHYSX: (D:\Build\++Fortnite\Sync\Engine\Source\ThirdParty\PhysX3\PhysX_3.4\Source\PhysXCooking\src\convex\QuickHullConvexHullLib.cpp 937) eINTERNAL_ERROR : QuickHullConvexHullLib::findSimplex: Simplex input points appers to be coplanar.
[2026.03.23-08.50.18:912][ 14]LogPhysics: Warning: Failed to cook convex: /Game/House_Models/house_Labels_008.house_Labels_008 0 (FlipX:0). The remaining elements will not get cooked.
[2026.03.23-08.50.18:912][ 14]LogPhysicsCore: Warning: PHYSX: (D:\Build\++Fortnite\Sync\Engine\Source\ThirdParty\PhysX3\PhysX_3.4\Source\PhysXCooking\src\convex\QuickHullConvexHullLib.cpp 937) eINTERNAL_ERROR : QuickHullConvexHullLib::findSimplex: Simplex input points appers to be coplanar.
[2026.03.23-08.50.18:912][ 14]LogPhysicsCore: Warning: PHYSX: (D:\Build\++Fortnite\Sync\Engine\Source\ThirdParty\PhysX3\PhysX_3.4\Source\PhysXCooking\src\convex\QuickHullConvexHullLib.cpp 937) eINTERNAL_ERROR : QuickHullConvexHullLib::findSimplex: Simplex input points appers to be coplanar.
[2026.03.23-08.50.18:912][ 14]LogPhysics: Warning: Failed to cook convex: /Game/House_Models/house_Labels_008.house_Labels_008 0 (FlipX:1). The remaining elements will not get cooked.
[2026.03.23-08.50.18:912][ 14]LogPhysics: Warning: Attempt to build physics data for /Game/House_Models/house_Labels_008.house_Labels_008:BodySetup_0 when we are unable to.
[2026.03.23-08.50.18:913][ 14]LogPhysicsCore: Warning: PHYSX: (D:\Build\++Fortnite\Sync\Engine\Source\ThirdParty\PhysX3\PhysX_3.4\Source\PhysXCooking\src\convex\QuickHullConvexHullLib.cpp 937) eINTERNAL_ERROR : QuickHullConvexHullLib::findSimplex: Simplex input points appers to be coplanar.
[2026.03.23-08.50.18:913][ 14]LogPhysicsCore: Warning: PHYSX: (D:\Build\++Fortnite\Sync\Engine\Source\ThirdParty\PhysX3\PhysX_3.4\Source\PhysXCooking\src\convex\QuickHullConvexHullLib.cpp 937) eINTERNAL_ERROR : QuickHullConvexHullLib::findSimplex: Simplex input points appers to be coplanar.
[2026.03.23-08.50.18:913][ 14]LogPhysics: Warning: Failed to cook convex: /Game/House_Models/house_Labels_010.house_Labels_010 0 (FlipX:0). The remaining elements will not get cooked.
[2026.03.23-08.50.18:913][ 14]LogPhysicsCore: Warning: PHYSX: (D:\Build\++Fortnite\Sync\Engine\Source\ThirdParty\PhysX3\PhysX_3.4\Source\PhysXCooking\src\convex\QuickHullConvexHullLib.cpp 937) eINTERNAL_ERROR : QuickHullConvexHullLib::findSimplex: Simplex input points appers to be coplanar.
[2026.03.23-08.50.18:913][ 14]LogPhysicsCore: Warning: PHYSX: (D:\Build\++Fortnite\Sync\Engine\Source\ThirdParty\PhysX3\PhysX_3.4\Source\PhysXCooking\src\convex\QuickHullConvexHullLib.cpp 937) eINTERNAL_ERROR : QuickHullConvexHullLib::findSimplex: Simplex input points appers to be coplanar.
[2026.03.23-08.50.18:913][ 14]LogPhysics: Warning: Failed to cook convex: /Game/House_Models/house_Labels_010.house_Labels_010 0 (FlipX:1). The remaining elements will not get cooked.
[2026.03.23-08.50.18:913][ 14]LogPhysics: Warning: Attempt to build physics data for /Game/House_Models/house_Labels_010.house_Labels_010:BodySetup_0 when we are unable to.
[2026.03.23-08.50.18:914][ 14]LogPhysicsCore: Warning: PHYSX: (D:\Build\++Fortnite\Sync\Engine\Source\ThirdParty\PhysX3\PhysX_3.4\Source\PhysXCooking\src\convex\QuickHullConvexHullLib.cpp 937) eINTERNAL_ERROR : QuickHullConvexHullLib::findSimplex: Simplex input points appers to be coplanar.
[2026.03.23-08.50.18:914][ 14]LogPhysicsCore: Warning: PHYSX: (D:\Build\++Fortnite\Sync\Engine\Source\ThirdParty\PhysX3\PhysX_3.4\Source\PhysXCooking\src\convex\QuickHullConvexHullLib.cpp 937) eINTERNAL_ERROR : QuickHullConvexHullLib::findSimplex: Simplex input points appers to be coplanar.
[2026.03.23-08.50.18:914][ 14]LogPhysics: Warning: Failed to cook convex: /Game/House_Models/house_Labels_011.house_Labels_011 0 (FlipX:0). The remaining elements will not get cooked.
[2026.03.23-08.50.18:914][ 14]LogPhysicsCore: Warning: PHYSX: (D:\Build\++Fortnite\Sync\Engine\Source\ThirdParty\PhysX3\PhysX_3.4\Source\PhysXCooking\src\convex\QuickHullConvexHullLib.cpp 937) eINTERNAL_ERROR : QuickHullConvexHullLib::findSimplex: Simplex input points appers to be coplanar.
[2026.03.23-08.50.18:914][ 14]LogPhysicsCore: Warning: PHYSX: (D:\Build\++Fortnite\Sync\Engine\Source\ThirdParty\PhysX3\PhysX_3.4\Source\PhysXCooking\src\convex\QuickHullConvexHullLib.cpp 937) eINTERNAL_ERROR : QuickHullConvexHullLib::findSimplex: Simplex input points appers to be coplanar.
[2026.03.23-08.50.18:914][ 14]LogPhysics: Warning: Failed to cook convex: /Game/House_Models/house_Labels_011.house_Labels_011 0 (FlipX:1). The remaining elements will not get cooked.
[2026.03.23-08.50.18:914][ 14]LogPhysics: Warning: Attempt to build physics data for /Game/House_Models/house_Labels_011.house_Labels_011:BodySetup_0 when we are unable to.
[2026.03.23-08.50.18:914][ 14]LogPhysicsCore: Warning: PHYSX: (D:\Build\++Fortnite\Sync\Engine\Source\ThirdParty\PhysX3\PhysX_3.4\Source\PhysXCooking\src\convex\QuickHullConvexHullLib.cpp 937) eINTERNAL_ERROR : QuickHullConvexHullLib::findSimplex: Simplex input points appers to be coplanar.
[2026.03.23-08.50.18:914][ 14]LogPhysicsCore: Warning: PHYSX: (D:\Build\++Fortnite\Sync\Engine\Source\ThirdParty\PhysX3\PhysX_3.4\Source\PhysXCooking\src\convex\QuickHullConvexHullLib.cpp 937) eINTERNAL_ERROR : QuickHullConvexHullLib::findSimplex: Simplex input points appers to be coplanar.
[2026.03.23-08.50.18:914][ 14]LogPhysics: Warning: Failed to cook convex: /Game/House_Models/house_Labels_012.house_Labels_012 0 (FlipX:0). The remaining elements will not get cooked.
[2026.03.23-08.50.18:914][ 14]LogPhysicsCore: Warning: PHYSX: (D:\Build\++Fortnite\Sync\Engine\Source\ThirdParty\PhysX3\PhysX_3.4\Source\PhysXCooking\src\convex\QuickHullConvexHullLib.cpp 937) eINTERNAL_ERROR : QuickHullConvexHullLib::findSimplex: Simplex input points appers to be coplanar.
[2026.03.23-08.50.18:914][ 14]LogPhysicsCore: Warning: PHYSX: (D:\Build\++Fortnite\Sync\Engine\Source\ThirdParty\PhysX3\PhysX_3.4\Source\PhysXCooking\src\convex\QuickHullConvexHullLib.cpp 937) eINTERNAL_ERROR : QuickHullConvexHullLib::findSimplex: Simplex input points appers to be coplanar.
[2026.03.23-08.50.18:914][ 14]LogPhysics: Warning: Failed to cook convex: /Game/House_Models/house_Labels_012.house_Labels_012 0 (FlipX:1). The remaining elements will not get cooked.
[2026.03.23-08.50.18:914][ 14]LogPhysics: Warning: Attempt to build physics data for /Game/House_Models/house_Labels_012.house_Labels_012:BodySetup_0 when we are unable to.
[2026.03.23-08.50.25:857][ 14]FBXImport: FBX Scene Loading: Found material name clash, name clash can be wrongly reassign at reimport , material 'Glass_001' was renamed 'Glass_001_ncl1_1' 
[2026.03.23-08.50.25:857][ 14]FBXImport: FBX Scene Loading: Found texture name clash, name clash can be wrongly reassign at reimport , texture 'base_color' was renamed 'base_color_ncl1_1' 
[2026.03.23-08.50.25:857][ 14]FBXImport: FBX Scene Loading: Found texture name clash, name clash can be wrongly reassign at reimport , texture 'wood-49_smooth' was renamed 'wood-49_smooth_ncl1_1' 
[2026.03.23-08.50.25:857][ 14]FBXImport: FBX Scene Loading: Found texture name clash, name clash can be wrongly reassign at reimport , texture 'wood-49_smooth' was renamed 'wood-49_smooth_ncl1_2' 
[2026.03.23-08.50.25:857][ 14]FBXImport: FBX Scene Loading: Found texture name clash, name clash can be wrongly reassign at reimport , texture 'woodcreator_1_roughness' was renamed 'woodcreator_1_roughness_ncl1_1' 
[2026.03.23-08.50.25:857][ 14]FBXImport: FBX Scene Loading: Found texture name clash, name clash can be wrongly reassign at reimport , texture 'woodcreator_1_metallic' was renamed 'woodcreator_1_metallic_ncl1_1' 
[2026.03.23-08.50.25:857][ 14]FBXImport: FBX Scene Loading: Found texture name clash, name clash can be wrongly reassign at reimport , texture 'Panel' was renamed 'Panel_ncl1_1' 
[2026.03.23-08.50.25:857][ 14]FBXImport: FBX Scene Loading: Found texture name clash, name clash can be wrongly reassign at reimport , texture 'Image_3' was renamed 'Image_3_ncl1_1' 
[2026.03.23-08.50.25:857][ 14]FBXImport: FBX Scene Loading: Found texture name clash, name clash can be wrongly reassign at reimport , texture '0100_белый' was renamed '0100_белый_ncl1_1' 
[2026.03.23-08.50.25:857][ 14]FBXImport: Warning: No smoothing group information was found in this FBX scene.  Please make sure to enable the 'Export Smoothing Groups' option in the FBX Exporter plug-in before exporting the file.  Even for tools that don't support smoothing groups, the FBX Exporter will generate appropriate smoothing data at export-time so that correct vertex normals can be inferred while importing. 
[2026.03.23-08.50.25:857][ 14]FBXImport: Warning: house_sinktap_001 has degenerate tangent bases which will result in incorrect shading.  MikkTSpace relies on tangent bases and may result in mesh corruption, consider disabling this option. 
[2026.03.23-08.50.25:857][ 14]FBXImport: Warning: house_sinktap_001 has some nearly zero bi-normals which can create some issues. (Tolerance of 1E-4) 
[2026.03.23-08.50.25:857][ 14]FBXImport: Warning: house_CAM_Kitchen_001 has some nearly zero bi-normals which can create some issues. (Tolerance of 1E-4) 
[2026.03.23-08.50.25:857][ 14]FBXImport: Warning: house_Security_camera_008 has some nearly zero tangents which can create some issues. (Tolerance of 1E-4) 
[2026.03.23-08.50.25:857][ 14]FBXImport: Warning: house_Security_camera_008 has some nearly zero bi-normals which can create some issues. (Tolerance of 1E-4) 
[2026.03.23-08.50.25:857][ 14]FBXImport: Warning: house_CAM_Living_Room has degenerate tangent bases which will result in incorrect shading.  MikkTSpace relies on tangent bases and may result in mesh corruption, consider disabling this option. 
[2026.03.23-08.50.25:857][ 14]FBXImport: Warning: house_CAM_Living_Room has some nearly zero bi-normals which can create some issues. (Tolerance of 1E-4) 
[2026.03.23-08.50.25:857][ 14]FBXImport: Warning: house_Security_camera_004 has some nearly zero tangents which can create some issues. (Tolerance of 1E-4) 
[2026.03.23-08.50.25:857][ 14]FBXImport: Warning: house_Security_camera_004 has some nearly zero bi-normals which can create some issues. (Tolerance of 1E-4) 
[2026.03.23-08.50.25:857][ 14]FBXImport: Warning: house_handles_001 has degenerate tangent bases which will result in incorrect shading.  MikkTSpace relies on tangent bases and may result in mesh corruption, consider disabling this option. 
[2026.03.23-08.50.25:857][ 14]FBXImport: Warning: house_handles_001 has some nearly zero bi-normals which can create some issues. (Tolerance of 1E-4) 
[2026.03.23-08.50.25:857][ 14]FBXImport: Warning: house_Camera_Internal has some nearly zero tangents which can create some issues. (Tolerance of 1E-4) 
[2026.03.23-08.50.25:857][ 14]FBXImport: Warning: house_Camera_Internal has some nearly zero bi-normals which can create some issues. (Tolerance of 1E-4) 
[2026.03.23-08.50.25:857][ 14]FBXImport: Warning: house_Fastener_002 has some nearly zero bi-normals which can create some issues. (Tolerance of 1E-4) 
[2026.03.23-08.50.25:857][ 14]FBXImport: Warning: house_Lens_Labels has some nearly zero tangents which can create some issues. (Tolerance of 1E-4) 
[2026.03.23-08.50.25:857][ 14]FBXImport: Warning: house_Lens_Labels has some nearly zero bi-normals which can create some issues. (Tolerance of 1E-4) 
[2026.03.23-08.50.25:857][ 14]FBXImport: Warning: house_Scroll_001 has some nearly zero bi-normals which can create some issues. (Tolerance of 1E-4) 
[2026.03.23-08.50.25:857][ 14]FBXImport: Warning: house_Visor has some nearly zero bi-normals which can create some issues. (Tolerance of 1E-4) 
[2026.03.23-08.50.25:857][ 14]FBXImport: Warning: house_Garage_Door has degenerate tangent bases which will result in incorrect shading.  MikkTSpace relies on tangent bases and may result in mesh corruption, consider disabling this option. 
[2026.03.23-08.50.25:857][ 14]FBXImport: Warning: house_Garage_Door has some nearly zero bi-normals which can create some issues. (Tolerance of 1E-4) 
[2026.03.23-08.50.25:857][ 14]FBXImport: Warning: house_Circle_145 has degenerate tangent bases which will result in incorrect shading.  MikkTSpace relies on tangent bases and may result in mesh corruption, consider disabling this option. 
[2026.03.23-08.50.25:857][ 14]FBXImport: Warning: house_Circle_145 has some nearly zero bi-normals which can create some issues. (Tolerance of 1E-4) 
[2026.03.23-08.50.25:857][ 14]FBXImport: Warning: house_Cube_102 has degenerate tangent bases which will result in incorrect shading.  MikkTSpace relies on tangent bases and may result in mesh corruption, consider disabling this option. 
[2026.03.23-08.50.25:857][ 14]FBXImport: Warning: house_Cube_102 has some nearly zero bi-normals which can create some issues. (Tolerance of 1E-4) 
[2026.03.23-08.50.25:857][ 14]FBXImport: Warning: house_Med_Box has degenerate tangent bases which will result in incorrect shading.  MikkTSpace relies on tangent bases and may result in mesh corruption, consider disabling this option. 
[2026.03.23-08.50.25:857][ 14]FBXImport: Warning: house_Med_Box has some nearly zero bi-normals which can create some issues. (Tolerance of 1E-4) 
[2026.03.23-08.50.25:857][ 14]FBXImport: Warning: house_Plane_004 has degenerate tangent bases which will result in incorrect shading.  MikkTSpace relies on tangent bases and may result in mesh corruption, consider disabling this option. 
[2026.03.23-08.50.25:857][ 14]FBXImport: Warning: house_Plane_004 has some nearly zero bi-normals which can create some issues. (Tolerance of 1E-4) 
[2026.03.23-08.50.25:857][ 14]FBXImport: Warning: house_Body_001 has some nearly zero tangents which can create some issues. (Tolerance of 1E-4) 
[2026.03.23-08.50.25:857][ 14]FBXImport: Warning: house_Body_001 has some nearly zero bi-normals which can create some issues. (Tolerance of 1E-4) 
[2026.03.23-08.50.25:857][ 14]FBXImport: Warning: house_Panel has some nearly zero tangents which can create some issues. (Tolerance of 1E-4) 
[2026.03.23-08.50.25:857][ 14]FBXImport: Warning: house_Panel has some nearly zero bi-normals which can create some issues. (Tolerance of 1E-4) 
[2026.03.23-08.50.25:857][ 14]FBXImport: Warning: house_Sink_001 has degenerate tangent bases which will result in incorrect shading.  MikkTSpace relies on tangent bases and may result in mesh corruption, consider disabling this option. 
[2026.03.23-08.50.25:857][ 14]FBXImport: Warning: house_Sink_001 has some nearly zero bi-normals which can create some issues. (Tolerance of 1E-4) 
[2026.03.23-08.50.25:857][ 14]FBXImport: Warning: house_Kitchen_tap_balck_001 has degenerate tangent bases which will result in incorrect shading.  MikkTSpace relies on tangent bases and may result in mesh corruption, consider disabling this option. 
[2026.03.23-08.50.25:857][ 14]FBXImport: Warning: house_Kitchen_tap_balck_001 has some nearly zero bi-normals which can create some issues. (Tolerance of 1E-4) 
[2026.03.23-08.50.25:857][ 14]FBXImport: Warning: house_Stairs has degenerate tangent bases which will result in incorrect shading.  MikkTSpace relies on tangent bases and may result in mesh corruption, consider disabling this option. 
[2026.03.23-08.50.25:857][ 14]FBXImport: Warning: house_Stairs has some nearly zero bi-normals which can create some issues. (Tolerance of 1E-4) 
[2026.03.23-08.50.25:857][ 14]FBXImport: Warning: house_TV_001 has degenerate tangent bases which will result in incorrect shading.  MikkTSpace relies on tangent bases and may result in mesh corruption, consider disabling this option. 
[2026.03.23-08.50.25:858][ 14]FBXImport: Warning: house_TV_001 has some nearly zero bi-normals which can create some issues. (Tolerance of 1E-4) 
[2026.03.23-08.50.25:858][ 14]FBXImport: Warning: house_Plane_002 has degenerate tangent bases which will result in incorrect shading.  MikkTSpace relies on tangent bases and may result in mesh corruption, consider disabling this option. 
[2026.03.23-08.50.25:858][ 14]FBXImport: Warning: house_Plane_002 has some nearly zero bi-normals which can create some issues. (Tolerance of 1E-4) 
[2026.03.23-08.50.25:858][ 14]FBXImport: Warning: house_Plane_005 has degenerate tangent bases which will result in incorrect shading.  MikkTSpace relies on tangent bases and may result in mesh corruption, consider disabling this option. 
[2026.03.23-08.50.25:858][ 14]FBXImport: Warning: house_Plane_005 has some nearly zero bi-normals which can create some issues. (Tolerance of 1E-4) 
[2026.03.23-08.50.25:858][ 14]FBXImport: Warning: house_box_1 has degenerate tangent bases which will result in incorrect shading.  MikkTSpace relies on tangent bases and may result in mesh corruption, consider disabling this option. 
[2026.03.23-08.50.25:858][ 14]FBXImport: Warning: house_box_1 has some nearly zero tangents which can create some issues. (Tolerance of 1E-4) 
[2026.03.23-08.50.25:858][ 14]FBXImport: Warning: house_box_1 has some nearly zero bi-normals which can create some issues. (Tolerance of 1E-4) 
[2026.03.23-08.50.25:858][ 14]FBXImport: Warning: house_box_2 has degenerate tangent bases which will result in incorrect shading.  MikkTSpace relies on tangent bases and may result in mesh corruption, consider disabling this option. 
[2026.03.23-08.50.25:858][ 14]FBXImport: Warning: house_box_2 has some nearly zero tangents which can create some issues. (Tolerance of 1E-4) 
[2026.03.23-08.50.25:858][ 14]FBXImport: Warning: house_box_2 has some nearly zero bi-normals which can create some issues. (Tolerance of 1E-4) 
[2026.03.23-08.50.25:858][ 14]FBXImport: Warning: house_box3 has degenerate tangent bases which will result in incorrect shading.  MikkTSpace relies on tangent bases and may result in mesh corruption, consider disabling this option. 
[2026.03.23-08.50.25:858][ 14]FBXImport: Warning: house_box3 has some nearly zero tangents which can create some issues. (Tolerance of 1E-4) 
[2026.03.23-08.50.25:858][ 14]FBXImport: Warning: house_box3 has some nearly zero bi-normals which can create some issues. (Tolerance of 1E-4) 
[2026.03.23-08.50.25:858][ 14]FBXImport: Warning: house_drawer_guides_1 has some nearly zero tangents which can create some issues. (Tolerance of 1E-4) 
[2026.03.23-08.50.25:858][ 14]FBXImport: Warning: house_drawer_guides_1 has some nearly zero bi-normals which can create some issues. (Tolerance of 1E-4) 
[2026.03.23-08.50.25:858][ 14]FBXImport: Warning: house_drawer_guides_2 has some nearly zero tangents which can create some issues. (Tolerance of 1E-4) 
[2026.03.23-08.50.25:858][ 14]FBXImport: Warning: house_drawer_guides_2 has some nearly zero bi-normals which can create some issues. (Tolerance of 1E-4) 
[2026.03.23-08.50.25:858][ 14]FBXImport: Warning: house_drawer_guides_3 has some nearly zero tangents which can create some issues. (Tolerance of 1E-4) 
[2026.03.23-08.50.25:858][ 14]FBXImport: Warning: house_drawer_guides_3 has some nearly zero bi-normals which can create some issues. (Tolerance of 1E-4) 
[2026.03.23-08.50.25:858][ 14]FBXImport: Warning: house_wall1 has degenerate tangent bases which will result in incorrect shading.  MikkTSpace relies on tangent bases and may result in mesh corruption, consider disabling this option. 
[2026.03.23-08.50.25:858][ 14]FBXImport: Warning: house_wall1 has some nearly zero bi-normals which can create some issues. (Tolerance of 1E-4) 
[2026.03.23-08.50.25:858][ 14]FBXImport: Warning: house_WindowFrame_001 has degenerate tangent bases which will result in incorrect shading.  MikkTSpace relies on tangent bases and may result in mesh corruption, consider disabling this option. 
[2026.03.23-08.50.25:858][ 14]FBXImport: Warning: house_WindowFrame_001 has some nearly zero bi-normals which can create some issues. (Tolerance of 1E-4) 
[2026.03.23-08.50.25:858][ 14]FBXImport: Warning: house_Window_R_001 has degenerate tangent bases which will result in incorrect shading.  MikkTSpace relies on tangent bases and may result in mesh corruption, consider disabling this option. 
[2026.03.23-08.50.25:858][ 14]FBXImport: Warning: house_Window_R_001 has some nearly zero bi-normals which can create some issues. (Tolerance of 1E-4) 
[2026.03.23-08.50.25:858][ 14]FBXImport: Warning: house_WindowFrame_004 has degenerate tangent bases which will result in incorrect shading.  MikkTSpace relies on tangent bases and may result in mesh corruption, consider disabling this option. 
[2026.03.23-08.50.25:858][ 14]FBXImport: Warning: house_WindowFrame_004 has some nearly zero bi-normals which can create some issues. (Tolerance of 1E-4) 
[2026.03.23-08.50.25:858][ 14]FBXImport: Warning: house_WindowFrame_005 has degenerate tangent bases which will result in incorrect shading.  MikkTSpace relies on tangent bases and may result in mesh corruption, consider disabling this option. 
[2026.03.23-08.50.25:858][ 14]FBXImport: Warning: house_WindowFrame_005 has some nearly zero bi-normals which can create some issues. (Tolerance of 1E-4) 
[2026.03.23-08.50.25:858][ 14]FBXImport: Warning: house_WindowFrame_003 has some nearly zero bi-normals which can create some issues. (Tolerance of 1E-4) 
[2026.03.23-08.50.25:858][ 14]FBXImport: Warning: house_Handle_003 has degenerate tangent bases which will result in incorrect shading.  MikkTSpace relies on tangent bases and may result in mesh corruption, consider disabling this option. 
[2026.03.23-08.50.25:858][ 14]FBXImport: Warning: house_Handle_003 has some nearly zero bi-normals which can create some issues. (Tolerance of 1E-4) 
[2026.03.23-08.50.25:858][ 14]FBXImport: Warning: house_Handle_002 has degenerate tangent bases which will result in incorrect shading.  MikkTSpace relies on tangent bases and may result in mesh corruption, consider disabling this option. 
[2026.03.23-08.50.25:858][ 14]FBXImport: Warning: house_Handle_002 has some nearly zero bi-normals which can create some issues. (Tolerance of 1E-4) 
[2026.03.23-08.50.25:858][ 14]FBXImport: Warning: house_key2 has degenerate tangent bases which will result in incorrect shading.  MikkTSpace relies on tangent bases and may result in mesh corruption, consider disabling this option. 
[2026.03.23-08.50.25:858][ 14]FBXImport: Warning: house_key2 has some nearly zero bi-normals which can create some issues. (Tolerance of 1E-4) 
[2026.03.23-08.50.25:858][ 14]FBXImport: Warning: house_mirror_001 has degenerate tangent bases which will result in incorrect shading.  MikkTSpace relies on tangent bases and may result in mesh corruption, consider disabling this option. 
[2026.03.23-08.50.25:858][ 14]FBXImport: Warning: house_mirror_001 has some nearly zero bi-normals which can create some issues. (Tolerance of 1E-4) 
[2026.03.23-08.50.26:127][ 14]LogSlate: Took 0.000131 seconds to synchronously load lazily loaded font '../../../Engine/Content/Slate/Fonts/DroidSansMono.ttf' (77K)
[2026.03.23-08.50.26:211][ 18]LogShaderCompilers: Display: Submitted 2 shader compile jobs with 'ForceLocal' priority
[2026.03.23-08.50.26:220][ 18]LogShaderCompilers: Display: Worker (1/17): shaders left to compile 2
[2026.03.23-08.50.26:220][ 18]LogShaderCompilers: Display: Worker (2/17): shaders left to compile 1
[2026.03.23-08.50.26:220][ 18]LogShaderCompilers: Display: Started 2 'Local' shader compile jobs with 'ForceLocal' priority
[2026.03.23-08.50.26:229][ 18]LogShaderCompilers: Display: Submitted 14 shader compile jobs with 'Normal' priority
[2026.03.23-08.50.26:229][ 18]LogShaderCompilers: Display: Worker (3/17): shaders left to compile 14
[2026.03.23-08.50.26:229][ 18]LogShaderCompilers: Display: Worker (4/17): shaders left to compile 13
[2026.03.23-08.50.26:229][ 18]LogShaderCompilers: Display: Worker (5/17): shaders left to compile 12
[2026.03.23-08.50.26:229][ 18]LogShaderCompilers: Display: Worker (6/17): shaders left to compile 11
[2026.03.23-08.50.26:229][ 18]LogShaderCompilers: Display: Worker (7/17): shaders left to compile 10
[2026.03.23-08.50.26:229][ 18]LogShaderCompilers: Display: Worker (8/17): shaders left to compile 9
[2026.03.23-08.50.26:229][ 18]LogShaderCompilers: Display: Worker (9/17): shaders left to compile 8
[2026.03.23-08.50.26:229][ 18]LogShaderCompilers: Display: Worker (10/17): shaders left to compile 7
[2026.03.23-08.50.26:229][ 18]LogShaderCompilers: Display: Worker (11/17): shaders left to compile 6
[2026.03.23-08.50.26:229][ 18]LogShaderCompilers: Display: Worker (12/17): shaders left to compile 5
[2026.03.23-08.50.26:229][ 18]LogShaderCompilers: Display: Worker (13/17): shaders left to compile 4
[2026.03.23-08.50.26:229][ 18]LogShaderCompilers: Display: Worker (14/17): shaders left to compile 3
[2026.03.23-08.50.26:229][ 18]LogShaderCompilers: Display: Worker (15/17): shaders left to compile 2
[2026.03.23-08.50.26:229][ 18]LogShaderCompilers: Display: Worker (16/17): shaders left to compile 1
[2026.03.23-08.50.26:229][ 18]LogShaderCompilers: Display: Started 14 'Local' shader compile jobs with 'Normal' priority
[2026.03.23-08.50.26:240][ 18]LogShaderCompilers: Display: Submitted 2 shader compile jobs with 'ForceLocal' priority
[2026.03.23-08.50.26:247][ 18]LogShaderCompilers: Display: Submitted 14 shader compile jobs with 'Normal' priority
[2026.03.23-08.50.26:256][ 18]LogShaderCompilers: Display: Submitted 2 shader compile jobs with 'ForceLocal' priority
[2026.03.23-08.50.26:265][ 18]LogShaderCompilers: Display: Submitted 14 shader compile jobs with 'Normal' priority
[2026.03.23-08.50.26:274][ 18]LogShaderCompilers: Display: Submitted 2 shader compile jobs with 'ForceLocal' priority
[2026.03.23-08.50.26:282][ 18]LogShaderCompilers: Display: Submitted 14 shader compile jobs with 'Normal' priority
[2026.03.23-08.50.26:290][ 18]LogShaderCompilers: Display: Submitted 2 shader compile jobs with 'ForceLocal' priority
[2026.03.23-08.50.26:297][ 18]LogShaderCompilers: Display: Submitted 14 shader compile jobs with 'Normal' priority
[2026.03.23-08.50.26:302][ 18]LogShaderCompilers: Display: Submitted 2 shader compile jobs with 'ForceLocal' priority
[2026.03.23-08.50.26:308][ 18]LogShaderCompilers: Display: Submitted 14 shader compile jobs with 'Normal' priority
[2026.03.23-08.50.26:316][ 18]LogShaderCompilers: Display: Submitted 2 shader compile jobs with 'ForceLocal' priority
[2026.03.23-08.50.26:322][ 18]LogShaderCompilers: Display: Submitted 14 shader compile jobs with 'Normal' priority
[2026.03.23-08.50.26:327][ 18]LogShaderCompilers: Display: Submitted 2 shader compile jobs with 'ForceLocal' priority
[2026.03.23-08.50.26:332][ 18]LogShaderCompilers: Display: Submitted 14 shader compile jobs with 'Normal' priority
[2026.03.23-08.50.26:339][ 18]LogShaderCompilers: Display: Submitted 2 shader compile jobs with 'ForceLocal' priority
[2026.03.23-08.50.26:345][ 18]LogShaderCompilers: Display: Submitted 14 shader compile jobs with 'Normal' priority
[2026.03.23-08.50.26:349][ 18]LogShaderCompilers: Display: Submitted 2 shader compile jobs with 'ForceLocal' priority
[2026.03.23-08.50.26:355][ 18]LogShaderCompilers: Display: Submitted 14 shader compile jobs with 'Normal' priority
[2026.03.23-08.50.26:361][ 18]LogShaderCompilers: Display: Submitted 2 shader compile jobs with 'ForceLocal' priority
[2026.03.23-08.50.26:367][ 18]LogShaderCompilers: Display: Submitted 14 shader compile jobs with 'Normal' priority
[2026.03.23-08.50.26:374][ 18]LogShaderCompilers: Display: Submitted 2 shader compile jobs with 'ForceLocal' priority
[2026.03.23-08.50.26:380][ 18]LogShaderCompilers: Display: Submitted 14 shader compile jobs with 'Normal' priority
[2026.03.23-08.50.26:385][ 18]LogShaderCompilers: Display: Submitted 2 shader compile jobs with 'ForceLocal' priority
[2026.03.23-08.50.26:391][ 18]LogShaderCompilers: Display: Submitted 14 shader compile jobs with 'Normal' priority
[2026.03.23-08.50.26:396][ 18]LogShaderCompilers: Display: Submitted 2 shader compile jobs with 'ForceLocal' priority
[2026.03.23-08.50.26:404][ 18]LogShaderCompilers: Display: Submitted 14 shader compile jobs with 'Normal' priority
[2026.03.23-08.50.26:411][ 18]LogShaderCompilers: Display: Submitted 2 shader compile jobs with 'ForceLocal' priority
[2026.03.23-08.50.26:417][ 18]LogShaderCompilers: Display: Submitted 14 shader compile jobs with 'Normal' priority
[2026.03.23-08.50.26:423][ 18]LogShaderCompilers: Display: Submitted 2 shader compile jobs with 'ForceLocal' priority
[2026.03.23-08.50.26:430][ 18]LogShaderCompilers: Display: Submitted 14 shader compile jobs with 'Normal' priority
[2026.03.23-08.50.26:435][ 18]LogShaderCompilers: Display: Submitted 2 shader compile jobs with 'ForceLocal' priority
[2026.03.23-08.50.26:441][ 18]LogShaderCompilers: Display: Submitted 14 shader compile jobs with 'Normal' priority
[2026.03.23-08.50.26:448][ 18]LogShaderCompilers: Display: Submitted 2 shader compile jobs with 'ForceLocal' priority
[2026.03.23-08.50.26:454][ 18]LogShaderCompilers: Display: Submitted 14 shader compile jobs with 'Normal' priority
[2026.03.23-08.50.26:461][ 18]LogShaderCompilers: Display: Submitted 2 shader compile jobs with 'ForceLocal' priority
[2026.03.23-08.50.26:469][ 18]LogShaderCompilers: Display: Submitted 14 shader compile jobs with 'Normal' priority
[2026.03.23-08.50.26:477][ 18]LogShaderCompilers: Display: Submitted 2 shader compile jobs with 'ForceLocal' priority
[2026.03.23-08.50.26:483][ 18]LogShaderCompilers: Display: Submitted 14 shader compile jobs with 'Normal' priority
[2026.03.23-08.50.26:492][ 18]LogShaderCompilers: Display: Submitted 2 shader compile jobs with 'ForceLocal' priority
[2026.03.23-08.50.26:501][ 18]LogShaderCompilers: Display: Submitted 14 shader compile jobs with 'Normal' priority
[2026.03.23-08.50.26:509][ 18]LogShaderCompilers: Display: Submitted 2 shader compile jobs with 'ForceLocal' priority
[2026.03.23-08.50.26:516][ 18]LogShaderCompilers: Display: Submitted 14 shader compile jobs with 'Normal' priority
[2026.03.23-08.50.26:526][ 18]LogShaderCompilers: Display: Submitted 2 shader compile jobs with 'ForceLocal' priority
[2026.03.23-08.50.26:532][ 18]LogShaderCompilers: Display: Submitted 14 shader compile jobs with 'Normal' priority
[2026.03.23-08.50.26:539][ 18]LogShaderCompilers: Display: Submitted 2 shader compile jobs with 'ForceLocal' priority
[2026.03.23-08.50.26:544][ 18]LogShaderCompilers: Display: Submitted 14 shader compile jobs with 'Normal' priority
[2026.03.23-08.50.26:550][ 18]LogShaderCompilers: Display: Submitted 2 shader compile jobs with 'ForceLocal' priority
[2026.03.23-08.50.26:557][ 18]LogShaderCompilers: Display: Submitted 14 shader compile jobs with 'Normal' priority
[2026.03.23-08.50.26:561][ 18]LogShaderCompilers: Display: Submitted 2 shader compile jobs with 'ForceLocal' priority
[2026.03.23-08.50.26:566][ 18]LogShaderCompilers: Display: Submitted 14 shader compile jobs with 'Normal' priority
[2026.03.23-08.50.26:572][ 18]LogShaderCompilers: Display: Submitted 2 shader compile jobs with 'ForceLocal' priority
[2026.03.23-08.50.26:577][ 18]LogShaderCompilers: Display: Submitted 14 shader compile jobs with 'Normal' priority
[2026.03.23-08.50.26:583][ 18]LogShaderCompilers: Display: Submitted 2 shader compile jobs with 'ForceLocal' priority
[2026.03.23-08.50.26:589][ 18]LogShaderCompilers: Display: Submitted 14 shader compile jobs with 'Normal' priority
[2026.03.23-08.50.26:594][ 18]LogShaderCompilers: Display: Submitted 2 shader compile jobs with 'ForceLocal' priority
[2026.03.23-08.50.26:601][ 18]LogShaderCompilers: Display: Submitted 14 shader compile jobs with 'Normal' priority
[2026.03.23-08.50.26:607][ 18]LogShaderCompilers: Display: Submitted 2 shader compile jobs with 'ForceLocal' priority
[2026.03.23-08.50.26:614][ 18]LogShaderCompilers: Display: Submitted 14 shader compile jobs with 'Normal' priority
[2026.03.23-08.50.26:632][ 18]LogShaderCompilers: Display: Submitted 2 shader compile jobs with 'ForceLocal' priority
[2026.03.23-08.50.26:640][ 18]LogShaderCompilers: Display: Submitted 14 shader compile jobs with 'Normal' priority
[2026.03.23-08.50.26:660][ 19]LogShaderCompilers: Display: Submitted 2 shader compile jobs with 'ForceLocal' priority
[2026.03.23-08.50.26:660][ 19]LogShaderCompilers: Display: Submitted 14 shader compile jobs with 'Normal' priority
[2026.03.23-08.50.26:698][ 21]LogShaderCompilers: Display: Submitted 2 shader compile jobs with 'ForceLocal' priority
[2026.03.23-08.50.26:699][ 21]LogShaderCompilers: Display: Submitted 14 shader compile jobs with 'Normal' priority
[2026.03.23-08.50.26:704][ 21]LogShaderCompilers: Display: Submitted 2 shader compile jobs with 'ForceLocal' priority
[2026.03.23-08.50.26:706][ 21]LogShaderCompilers: Display: Submitted 2 shader compile jobs with 'ForceLocal' priority
[2026.03.23-08.50.26:713][ 21]LogShaderCompilers: Display: Submitted 14 shader compile jobs with 'Normal' priority
[2026.03.23-08.50.26:721][ 21]LogShaderCompilers: Display: Submitted 14 shader compile jobs with 'Normal' priority
[2026.03.23-08.50.26:726][ 21]LogShaderCompilers: Display: Submitted 2 shader compile jobs with 'ForceLocal' priority
[2026.03.23-08.50.26:732][ 21]LogShaderCompilers: Display: Submitted 14 shader compile jobs with 'Normal' priority
[2026.03.23-08.50.26:744][ 21]LogShaderCompilers: Display: Submitted 2 shader compile jobs with 'ForceLocal' priority
[2026.03.23-08.50.26:752][ 21]LogShaderCompilers: Display: Submitted 14 shader compile jobs with 'Normal' priority
[2026.03.23-08.50.26:764][ 21]LogShaderCompilers: Display: Worker (4/17): shaders left to compile 72
[2026.03.23-08.50.26:764][ 21]LogShaderCompilers: Display: Started 5 'Local' shader compile jobs with 'ForceLocal' priority
[2026.03.23-08.50.26:833][ 21]LogShaderCompilers: Display: Submitted 2 shader compile jobs with 'ForceLocal' priority
[2026.03.23-08.50.26:835][ 21]LogShaderCompilers: Display: Submitted 2 shader compile jobs with 'ForceLocal' priority
[2026.03.23-08.50.26:838][ 21]LogShaderCompilers: Display: Submitted 2 shader compile jobs with 'ForceLocal' priority
[2026.03.23-08.50.26:838][ 21]LogShaderCompilers: Display: Submitted 2 shader compile jobs with 'ForceLocal' priority
[2026.03.23-08.50.26:840][ 21]LogShaderCompilers: Display: Submitted 2 shader compile jobs with 'ForceLocal' priority
[2026.03.23-08.50.26:843][ 21]LogShaderCompilers: Display: Submitted 2 shader compile jobs with 'ForceLocal' priority
[2026.03.23-08.50.26:843][ 21]LogShaderCompilers: Display: Submitted 2 shader compile jobs with 'ForceLocal' priority
[2026.03.23-08.50.26:845][ 21]LogShaderCompilers: Display: Submitted 2 shader compile jobs with 'ForceLocal' priority
[2026.03.23-08.50.26:851][ 21]LogShaderCompilers: Display: Submitted 14 shader compile jobs with 'Normal' priority
[2026.03.23-08.50.26:857][ 21]LogShaderCompilers: Display: Submitted 14 shader compile jobs with 'Normal' priority
[2026.03.23-08.50.26:864][ 21]LogShaderCompilers: Display: Submitted 14 shader compile jobs with 'Normal' priority
[2026.03.23-08.50.26:872][ 21]LogShaderCompilers: Display: Submitted 14 shader compile jobs with 'Normal' priority
[2026.03.23-08.50.26:879][ 21]LogShaderCompilers: Display: Submitted 14 shader compile jobs with 'Normal' priority
[2026.03.23-08.50.26:885][ 21]LogShaderCompilers: Display: Submitted 14 shader compile jobs with 'Normal' priority
[2026.03.23-08.50.26:890][ 21]LogShaderCompilers: Display: Submitted 14 shader compile jobs with 'Normal' priority
[2026.03.23-08.50.26:896][ 21]LogShaderCompilers: Display: Submitted 14 shader compile jobs with 'Normal' priority
[2026.03.23-08.50.26:910][ 21]LogShaderCompilers: Display: Submitted 2 shader compile jobs with 'ForceLocal' priority
[2026.03.23-08.50.26:917][ 21]LogShaderCompilers: Display: Submitted 14 shader compile jobs with 'Normal' priority
[2026.03.23-08.50.26:923][ 21]LogShaderCompilers: Display: Worker (3/17): shaders left to compile 85
[2026.03.23-08.50.26:923][ 21]LogShaderCompilers: Display: Started 6 'Local' shader compile jobs with 'ForceLocal' priority
[2026.03.23-08.50.26:924][ 21]LogShaderCompilers: Display: Submitted 2 shader compile jobs with 'ForceLocal' priority
[2026.03.23-08.50.26:932][ 21]LogShaderCompilers: Display: Submitted 14 shader compile jobs with 'Normal' priority
[2026.03.23-08.50.26:961][ 21]LogShaderCompilers: Display: === FShaderJobCache stats ===
[2026.03.23-08.50.26:961][ 21]LogShaderCompilers: Display: Total job queries 752, among them cache hits 0 (0.00%)
[2026.03.23-08.50.26:961][ 21]LogShaderCompilers: Display: Tracking 2 distinct input hashes that result in 2 distinct outputs (100.00%)
[2026.03.23-08.50.26:961][ 21]LogShaderCompilers: Display: RAM used: 0.00 MB (0.00 GB) of 3276.80 MB (3.20 GB) budget. Usage: 0.00%
[2026.03.23-08.50.26:961][ 21]LogShaderCompilers: Display: ================================================
[2026.03.23-08.50.27:039][ 27]LogShaderCompilers: Display: Worker (2/17): shaders left to compile 81
[2026.03.23-08.50.27:039][ 27]LogShaderCompilers: Display: Worker (5/17): shaders left to compile 75
[2026.03.23-08.50.27:039][ 27]LogShaderCompilers: Display: Started 12 'Local' shader compile jobs with 'ForceLocal' priority
[2026.03.23-08.50.27:200][ 38]LogShaderCompilers: Display: Worker (1/17): shaders left to compile 69
[2026.03.23-08.50.27:201][ 38]LogShaderCompilers: Display: Started 5 'Local' shader compile jobs with 'ForceLocal' priority
[2026.03.23-08.50.27:411][ 55]LogShaderCompilers: Display: Worker (7/17): shaders left to compile 64
[2026.03.23-08.50.27:411][ 55]LogShaderCompilers: Display: Started 5 'Local' shader compile jobs with 'ForceLocal' priority
[2026.03.23-08.50.29:487][152]LogShaderCompilers: Display: Submitted 2 shader compile jobs with 'ForceLocal' priority
[2026.03.23-08.50.29:490][152]LogShaderCompilers: Display: Submitted 14 shader compile jobs with 'Normal' priority
[2026.03.23-08.50.29:539][152]LogShaderCompilers: Display: Submitted 2 shader compile jobs with 'ForceLocal' priority
[2026.03.23-08.50.29:545][152]LogShaderCompilers: Display: Submitted 14 shader compile jobs with 'Normal' priority
[2026.03.23-08.50.29:675][156]LogShaderCompilers: Display: Submitted 2 shader compile jobs with 'ForceLocal' priority
[2026.03.23-08.50.29:682][156]LogShaderCompilers: Display: Submitted 14 shader compile jobs with 'Normal' priority
[2026.03.23-08.50.29:692][156]LogShaderCompilers: Display: Submitted 2 shader compile jobs with 'ForceLocal' priority
[2026.03.23-08.50.29:698][156]LogShaderCompilers: Display: Submitted 14 shader compile jobs with 'Normal' priority
[2026.03.23-08.50.29:703][156]LogShaderCompilers: Display: Submitted 2 shader compile jobs with 'ForceLocal' priority
[2026.03.23-08.50.29:704][156]LogShaderCompilers: Display: Submitted 2 shader compile jobs with 'ForceLocal' priority
[2026.03.23-08.50.29:706][156]LogShaderCompilers: Display: Submitted 2 shader compile jobs with 'ForceLocal' priority
[2026.03.23-08.50.29:709][156]LogShaderCompilers: Display: Submitted 2 shader compile jobs with 'ForceLocal' priority
[2026.03.23-08.50.29:715][156]LogShaderCompilers: Display: Submitted 14 shader compile jobs with 'Normal' priority
[2026.03.23-08.50.29:721][156]LogShaderCompilers: Display: Submitted 14 shader compile jobs with 'Normal' priority
[2026.03.23-08.50.29:726][156]LogShaderCompilers: Display: Submitted 14 shader compile jobs with 'Normal' priority
[2026.03.23-08.50.29:732][156]LogShaderCompilers: Display: Submitted 14 shader compile jobs with 'Normal' priority
[2026.03.23-08.50.29:737][156]LogShaderCompilers: Display: Submitted 2 shader compile jobs with 'ForceLocal' priority
[2026.03.23-08.50.29:744][156]LogShaderCompilers: Display: Submitted 14 shader compile jobs with 'Normal' priority
[2026.03.23-08.50.29:748][156]LogShaderCompilers: Display: Submitted 2 shader compile jobs with 'ForceLocal' priority
[2026.03.23-08.50.29:751][156]LogShaderCompilers: Display: Submitted 2 shader compile jobs with 'ForceLocal' priority
[2026.03.23-08.50.29:756][156]LogShaderCompilers: Display: Submitted 14 shader compile jobs with 'Normal' priority
[2026.03.23-08.50.29:762][156]LogShaderCompilers: Display: Submitted 14 shader compile jobs with 'Normal' priority
[2026.03.23-08.50.29:767][156]LogShaderCompilers: Display: Submitted 2 shader compile jobs with 'ForceLocal' priority
[2026.03.23-08.50.29:769][156]LogShaderCompilers: Display: Submitted 2 shader compile jobs with 'ForceLocal' priority
[2026.03.23-08.50.29:770][156]LogShaderCompilers: Display: Submitted 2 shader compile jobs with 'ForceLocal' priority
[2026.03.23-08.50.29:777][156]LogShaderCompilers: Display: Submitted 14 shader compile jobs with 'Normal' priority
[2026.03.23-08.50.29:784][156]LogShaderCompilers: Display: Submitted 14 shader compile jobs with 'Normal' priority
[2026.03.23-08.50.29:790][156]LogShaderCompilers: Display: Submitted 14 shader compile jobs with 'Normal' priority
[2026.03.23-08.50.29:796][156]LogShaderCompilers: Display: Submitted 2 shader compile jobs with 'ForceLocal' priority
[2026.03.23-08.50.29:801][156]LogShaderCompilers: Display: Submitted 14 shader compile jobs with 'Normal' priority
[2026.03.23-08.50.29:808][156]LogShaderCompilers: Display: Submitted 2 shader compile jobs with 'ForceLocal' priority
[2026.03.23-08.50.29:814][156]LogShaderCompilers: Display: Submitted 14 shader compile jobs with 'Normal' priority
[2026.03.23-08.50.30:017][161]LogShaderCompilers: Display: Submitted 2 shader compile jobs with 'ForceLocal' priority
[2026.03.23-08.50.30:017][161]LogShaderCompilers: Display: Submitted 14 shader compile jobs with 'Normal' priority
[2026.03.23-08.50.30:031][162]LogShaderCompilers: Display: Submitted 2 shader compile jobs with 'ForceLocal' priority
[2026.03.23-08.50.30:031][162]LogShaderCompilers: Display: Submitted 14 shader compile jobs with 'Normal' priority
[2026.03.23-08.50.30:061][162]LogShaderCompilers: Display: Submitted 2 shader compile jobs with 'ForceLocal' priority
[2026.03.23-08.50.30:068][162]LogShaderCompilers: Display: Submitted 14 shader compile jobs with 'Normal' priority
[2026.03.23-08.50.30:087][162]LogShaderCompilers: Display: Submitted 2 shader compile jobs with 'ForceLocal' priority
[2026.03.23-08.50.30:092][162]LogShaderCompilers: Display: Submitted 14 shader compile jobs with 'Normal' priority
[2026.03.23-08.50.30:368][173]LogShaderCompilers: Display: Worker (4/17): shaders left to compile 99
[2026.03.23-08.50.30:368][173]LogShaderCompilers: Display: Started 7 'Local' shader compile jobs with 'ForceLocal' priority
[2026.03.23-08.50.30:586][184]LogShaderCompilers: Display: Worker (1/17): shaders left to compile 92
[2026.03.23-08.50.30:586][184]LogShaderCompilers: Display: Started 6 'Local' shader compile jobs with 'ForceLocal' priority
[2026.03.23-08.50.31:069][213]LogShaderCompilers: Display: Worker (7/17): shaders left to compile 86
[2026.03.23-08.50.31:069][213]LogShaderCompilers: Display: Started 6 'Local' shader compile jobs with 'ForceLocal' priority
[2026.03.23-08.50.31:292][226]LogShaderCompilers: Display: Worker (3/17): shaders left to compile 80
[2026.03.23-08.50.31:292][226]LogShaderCompilers: Display: Started 6 'Local' shader compile jobs with 'ForceLocal' priority
[2026.03.23-08.50.31:372][230]LogShaderCompilers: Display: Worker (2/17): shaders left to compile 74
[2026.03.23-08.50.31:372][230]LogShaderCompilers: Display: Started 5 'Local' shader compile jobs with 'ForceLocal' priority
[2026.03.23-08.50.31:389][231]LogShaderCompilers: Display: Worker (5/17): shaders left to compile 69
[2026.03.23-08.50.31:389][231]LogShaderCompilers: Display: Started 5 'Local' shader compile jobs with 'ForceLocal' priority
[2026.03.23-08.50.33:404][394]LogShaderCompilers: Display: Submitted 2 shader compile jobs with 'ForceLocal' priority
[2026.03.23-08.50.33:404][394]LogShaderCompilers: Display: Submitted 14 shader compile jobs with 'Normal' priority
[2026.03.23-08.50.33:419][395]LogShaderCompilers: Display: Submitted 2 shader compile jobs with 'ForceLocal' priority
[2026.03.23-08.50.33:427][395]LogShaderCompilers: Display: Submitted 14 shader compile jobs with 'Normal' priority
[2026.03.23-08.50.33:430][395]LogShaderCompilers: Display: Submitted 2 shader compile jobs with 'ForceLocal' priority
[2026.03.23-08.50.33:435][395]LogShaderCompilers: Display: Submitted 14 shader compile jobs with 'Normal' priority
[2026.03.23-08.50.33:445][395]LogShaderCompilers: Display: Submitted 2 shader compile jobs with 'ForceLocal' priority
[2026.03.23-08.50.33:453][395]LogShaderCompilers: Display: Submitted 14 shader compile jobs with 'Normal' priority
[2026.03.23-08.50.33:459][395]LogShaderCompilers: Display: Submitted 2 shader compile jobs with 'ForceLocal' priority
[2026.03.23-08.50.33:465][395]LogShaderCompilers: Display: Submitted 14 shader compile jobs with 'Normal' priority
[2026.03.23-08.50.33:469][395]LogShaderCompilers: Display: Submitted 2 shader compile jobs with 'ForceLocal' priority
[2026.03.23-08.50.33:475][395]LogShaderCompilers: Display: Submitted 14 shader compile jobs with 'Normal' priority
[2026.03.23-08.50.33:482][395]LogShaderCompilers: Display: Submitted 2 shader compile jobs with 'ForceLocal' priority
[2026.03.23-08.50.33:488][395]LogShaderCompilers: Display: Submitted 14 shader compile jobs with 'Normal' priority
[2026.03.23-08.50.33:494][395]LogShaderCompilers: Display: Submitted 2 shader compile jobs with 'ForceLocal' priority
[2026.03.23-08.50.33:499][395]LogShaderCompilers: Display: Submitted 14 shader compile jobs with 'Normal' priority
[2026.03.23-08.50.33:504][395]LogShaderCompilers: Display: Submitted 2 shader compile jobs with 'ForceLocal' priority
[2026.03.23-08.50.33:511][395]LogShaderCompilers: Display: Submitted 14 shader compile jobs with 'Normal' priority
[2026.03.23-08.50.33:517][395]LogShaderCompilers: Display: Submitted 2 shader compile jobs with 'ForceLocal' priority
[2026.03.23-08.50.33:523][395]LogShaderCompilers: Display: Submitted 14 shader compile jobs with 'Normal' priority
[2026.03.23-08.50.33:529][395]LogShaderCompilers: Display: Submitted 2 shader compile jobs with 'ForceLocal' priority
[2026.03.23-08.50.33:535][395]LogShaderCompilers: Display: Submitted 14 shader compile jobs with 'Normal' priority
[2026.03.23-08.50.33:540][395]LogShaderCompilers: Display: Submitted 2 shader compile jobs with 'ForceLocal' priority
[2026.03.23-08.50.33:545][395]LogShaderCompilers: Display: Submitted 14 shader compile jobs with 'Normal' priority
[2026.03.23-08.50.33:563][395]LogShaderCompilers: Display: Submitted 2 shader compile jobs with 'ForceLocal' priority
[2026.03.23-08.50.33:571][395]LogShaderCompilers: Display: Submitted 14 shader compile jobs with 'Normal' priority
[2026.03.23-08.50.33:576][395]LogShaderCompilers: Display: Submitted 2 shader compile jobs with 'ForceLocal' priority
[2026.03.23-08.50.33:582][395]LogShaderCompilers: Display: Submitted 14 shader compile jobs with 'Normal' priority
[2026.03.23-08.50.33:587][395]LogShaderCompilers: Display: Submitted 2 shader compile jobs with 'ForceLocal' priority
[2026.03.23-08.50.33:594][395]LogShaderCompilers: Display: Submitted 14 shader compile jobs with 'Normal' priority
[2026.03.23-08.50.33:603][395]LogShaderCompilers: Display: Submitted 2 shader compile jobs with 'ForceLocal' priority
[2026.03.23-08.50.33:610][395]LogShaderCompilers: Display: Submitted 14 shader compile jobs with 'Normal' priority
[2026.03.23-08.50.33:615][395]LogShaderCompilers: Display: Submitted 2 shader compile jobs with 'ForceLocal' priority
[2026.03.23-08.50.33:622][395]LogShaderCompilers: Display: Submitted 14 shader compile jobs with 'Normal' priority
[2026.03.23-08.50.33:626][395]LogShaderCompilers: Display: Submitted 2 shader compile jobs with 'ForceLocal' priority
[2026.03.23-08.50.33:631][395]LogShaderCompilers: Display: Submitted 14 shader compile jobs with 'Normal' priority
[2026.03.23-08.50.33:639][395]LogShaderCompilers: Display: Submitted 2 shader compile jobs with 'ForceLocal' priority
[2026.03.23-08.50.33:644][395]LogShaderCompilers: Display: Submitted 14 shader compile jobs with 'Normal' priority
[2026.03.23-08.50.33:653][395]LogShaderCompilers: Display: Submitted 2 shader compile jobs with 'ForceLocal' priority
[2026.03.23-08.50.33:660][395]LogShaderCompilers: Display: Submitted 14 shader compile jobs with 'Normal' priority
[2026.03.23-08.50.33:664][395]LogShaderCompilers: Display: Submitted 2 shader compile jobs with 'ForceLocal' priority
[2026.03.23-08.50.33:670][395]LogShaderCompilers: Display: Submitted 14 shader compile jobs with 'Normal' priority
[2026.03.23-08.50.33:676][395]LogShaderCompilers: Display: Submitted 2 shader compile jobs with 'ForceLocal' priority
[2026.03.23-08.50.33:681][395]LogShaderCompilers: Display: Submitted 14 shader compile jobs with 'Normal' priority
[2026.03.23-08.50.33:687][395]LogShaderCompilers: Display: Submitted 2 shader compile jobs with 'ForceLocal' priority
[2026.03.23-08.50.33:691][395]LogShaderCompilers: Display: Submitted 14 shader compile jobs with 'Normal' priority
[2026.03.23-08.50.33:697][395]LogShaderCompilers: Display: Submitted 2 shader compile jobs with 'ForceLocal' priority
[2026.03.23-08.50.33:702][395]LogShaderCompilers: Display: Submitted 14 shader compile jobs with 'Normal' priority
[2026.03.23-08.50.33:716][395]LogShaderCompilers: Display: Submitted 2 shader compile jobs with 'ForceLocal' priority
[2026.03.23-08.50.33:720][395]LogShaderCompilers: Display: Submitted 14 shader compile jobs with 'Normal' priority
[2026.03.23-08.50.33:724][395]LogShaderCompilers: Display: Submitted 2 shader compile jobs with 'ForceLocal' priority
[2026.03.23-08.50.33:729][395]LogShaderCompilers: Display: Submitted 14 shader compile jobs with 'Normal' priority
[2026.03.23-08.50.33:734][395]LogShaderCompilers: Display: Submitted 2 shader compile jobs with 'ForceLocal' priority
[2026.03.23-08.50.33:740][395]LogShaderCompilers: Display: Submitted 14 shader compile jobs with 'Normal' priority
[2026.03.23-08.50.33:746][395]LogShaderCompilers: Display: Submitted 2 shader compile jobs with 'ForceLocal' priority
[2026.03.23-08.50.33:751][395]LogShaderCompilers: Display: Submitted 14 shader compile jobs with 'Normal' priority
[2026.03.23-08.50.33:758][395]LogShaderCompilers: Display: Submitted 2 shader compile jobs with 'ForceLocal' priority
[2026.03.23-08.50.33:763][395]LogShaderCompilers: Display: Submitted 14 shader compile jobs with 'Normal' priority
[2026.03.23-08.50.33:771][395]LogShaderCompilers: Display: Submitted 2 shader compile jobs with 'ForceLocal' priority
[2026.03.23-08.50.33:776][395]LogShaderCompilers: Display: Submitted 14 shader compile jobs with 'Normal' priority
[2026.03.23-08.50.33:780][395]LogShaderCompilers: Display: Submitted 2 shader compile jobs with 'ForceLocal' priority
[2026.03.23-08.50.33:786][395]LogShaderCompilers: Display: Submitted 14 shader compile jobs with 'Normal' priority
[2026.03.23-08.50.33:791][395]LogShaderCompilers: Display: Submitted 2 shader compile jobs with 'ForceLocal' priority
[2026.03.23-08.50.33:797][395]LogShaderCompilers: Display: Submitted 14 shader compile jobs with 'Normal' priority
[2026.03.23-08.50.33:803][395]LogShaderCompilers: Display: Submitted 2 shader compile jobs with 'ForceLocal' priority
[2026.03.23-08.50.33:810][395]LogShaderCompilers: Display: Submitted 14 shader compile jobs with 'Normal' priority
[2026.03.23-08.50.33:822][395]LogShaderCompilers: Display: Submitted 2 shader compile jobs with 'ForceLocal' priority
[2026.03.23-08.50.33:828][395]LogShaderCompilers: Display: Submitted 14 shader compile jobs with 'Normal' priority
[2026.03.23-08.50.33:835][395]LogShaderCompilers: Display: Submitted 2 shader compile jobs with 'ForceLocal' priority
[2026.03.23-08.50.33:841][395]LogShaderCompilers: Display: Submitted 14 shader compile jobs with 'Normal' priority
[2026.03.23-08.50.33:847][395]LogShaderCompilers: Display: Submitted 2 shader compile jobs with 'ForceLocal' priority
[2026.03.23-08.50.33:853][395]LogShaderCompilers: Display: Submitted 14 shader compile jobs with 'Normal' priority
[2026.03.23-08.50.33:866][395]LogShaderCompilers: Display: Submitted 2 shader compile jobs with 'ForceLocal' priority
[2026.03.23-08.50.33:872][395]LogShaderCompilers: Display: Submitted 14 shader compile jobs with 'Normal' priority
[2026.03.23-08.50.33:877][395]LogShaderCompilers: Display: Submitted 2 shader compile jobs with 'ForceLocal' priority
[2026.03.23-08.50.33:884][395]LogShaderCompilers: Display: Submitted 14 shader compile jobs with 'Normal' priority
[2026.03.23-08.50.34:937][460]LogShaderCompilers: Display: Worker (2/17): shaders left to compile 140
[2026.03.23-08.50.34:937][460]LogShaderCompilers: Display: Started 9 'Local' shader compile jobs with 'ForceLocal' priority
[2026.03.23-08.50.35:007][463]LogShaderCompilers: Display: Worker (1/17): shaders left to compile 131
[2026.03.23-08.50.35:007][463]LogShaderCompilers: Display: Started 9 'Local' shader compile jobs with 'ForceLocal' priority
[2026.03.23-08.50.35:079][467]LogShaderCompilers: Display: Worker (5/17): shaders left to compile 122
[2026.03.23-08.50.35:079][467]LogShaderCompilers: Display: Started 8 'Local' shader compile jobs with 'ForceLocal' priority
[2026.03.23-08.50.35:298][481]LogShaderCompilers: Display: Worker (7/17): shaders left to compile 114
[2026.03.23-08.50.35:298][481]LogShaderCompilers: Display: Started 8 'Local' shader compile jobs with 'ForceLocal' priority
[2026.03.23-08.50.35:377][485]LogShaderCompilers: Display: Worker (4/17): shaders left to compile 106
[2026.03.23-08.50.35:377][485]LogShaderCompilers: Display: Started 7 'Local' shader compile jobs with 'ForceLocal' priority
[2026.03.23-08.50.35:471][491]LogShaderCompilers: Display: Worker (3/17): shaders left to compile 99
[2026.03.23-08.50.35:471][491]LogShaderCompilers: Display: Started 7 'Local' shader compile jobs with 'ForceLocal' priority
[2026.03.23-08.50.38:288][661]LogShaderCompilers: Display: Submitted 2 shader compile jobs with 'ForceLocal' priority
[2026.03.23-08.50.38:292][661]LogShaderCompilers: Display: Submitted 14 shader compile jobs with 'Normal' priority
[2026.03.23-08.50.38:307][661]LogShaderCompilers: Display: Submitted 2 shader compile jobs with 'ForceLocal' priority
[2026.03.23-08.50.38:315][661]LogShaderCompilers: Display: Submitted 14 shader compile jobs with 'Normal' priority
[2026.03.23-08.50.38:323][661]LogShaderCompilers: Display: Submitted 2 shader compile jobs with 'ForceLocal' priority
[2026.03.23-08.50.38:329][661]LogShaderCompilers: Display: Submitted 14 shader compile jobs with 'Normal' priority
[2026.03.23-08.50.38:333][661]LogShaderCompilers: Display: Submitted 2 shader compile jobs with 'ForceLocal' priority
[2026.03.23-08.50.38:339][661]LogShaderCompilers: Display: Submitted 14 shader compile jobs with 'Normal' priority
[2026.03.23-08.50.38:345][661]LogShaderCompilers: Display: Submitted 2 shader compile jobs with 'ForceLocal' priority
[2026.03.23-08.50.38:352][661]LogShaderCompilers: Display: Submitted 14 shader compile jobs with 'Normal' priority
[2026.03.23-08.50.38:358][661]LogShaderCompilers: Display: Submitted 2 shader compile jobs with 'ForceLocal' priority
[2026.03.23-08.50.38:364][661]LogShaderCompilers: Display: Submitted 14 shader compile jobs with 'Normal' priority
[2026.03.23-08.50.38:368][661]LogShaderCompilers: Display: Submitted 2 shader compile jobs with 'ForceLocal' priority
[2026.03.23-08.50.38:374][661]LogShaderCompilers: Display: Submitted 14 shader compile jobs with 'Normal' priority
[2026.03.23-08.50.38:383][661]LogShaderCompilers: Display: Submitted 2 shader compile jobs with 'ForceLocal' priority
[2026.03.23-08.50.38:388][661]LogShaderCompilers: Display: Submitted 14 shader compile jobs with 'Normal' priority
[2026.03.23-08.50.38:395][661]LogShaderCompilers: Display: Submitted 2 shader compile jobs with 'ForceLocal' priority
[2026.03.23-08.50.38:400][661]LogShaderCompilers: Display: Submitted 14 shader compile jobs with 'Normal' priority
[2026.03.23-08.50.38:460][665]LogShaderCompilers: Display: Submitted 2 shader compile jobs with 'ForceLocal' priority
[2026.03.23-08.50.38:460][665]LogShaderCompilers: Display: Submitted 14 shader compile jobs with 'Normal' priority
[2026.03.23-08.50.38:468][665]LogShaderCompilers: Display: Submitted 2 shader compile jobs with 'ForceLocal' priority
[2026.03.23-08.50.38:474][665]LogShaderCompilers: Display: Submitted 14 shader compile jobs with 'Normal' priority
[2026.03.23-08.50.38:478][665]LogShaderCompilers: Display: Submitted 2 shader compile jobs with 'ForceLocal' priority
[2026.03.23-08.50.38:482][665]LogShaderCompilers: Display: Submitted 14 shader compile jobs with 'Normal' priority
[2026.03.23-08.50.38:487][665]LogShaderCompilers: Display: Submitted 2 shader compile jobs with 'ForceLocal' priority
[2026.03.23-08.50.38:494][665]LogShaderCompilers: Display: Submitted 14 shader compile jobs with 'Normal' priority
[2026.03.23-08.50.38:881][681]LogShaderCompilers: Display: Submitted 2 shader compile jobs with 'ForceLocal' priority
[2026.03.23-08.50.38:881][681]LogShaderCompilers: Display: Submitted 14 shader compile jobs with 'Normal' priority
[2026.03.23-08.50.38:898][682]LogShaderCompilers: Display: Submitted 2 shader compile jobs with 'ForceLocal' priority
[2026.03.23-08.50.38:898][682]LogShaderCompilers: Display: Submitted 14 shader compile jobs with 'Normal' priority
[2026.03.23-08.50.38:906][682]LogShaderCompilers: Display: Submitted 2 shader compile jobs with 'ForceLocal' priority
[2026.03.23-08.50.38:912][682]LogShaderCompilers: Display: Submitted 14 shader compile jobs with 'Normal' priority
[2026.03.23-08.50.38:917][682]LogShaderCompilers: Display: Submitted 2 shader compile jobs with 'ForceLocal' priority
[2026.03.23-08.50.38:925][682]LogShaderCompilers: Display: Submitted 14 shader compile jobs with 'Normal' priority
[2026.03.23-08.50.38:930][682]LogShaderCompilers: Display: Submitted 2 shader compile jobs with 'ForceLocal' priority
[2026.03.23-08.50.38:936][682]LogShaderCompilers: Display: Submitted 14 shader compile jobs with 'Normal' priority
[2026.03.23-08.50.38:943][682]LogShaderCompilers: Display: Submitted 2 shader compile jobs with 'ForceLocal' priority
[2026.03.23-08.50.38:950][682]LogShaderCompilers: Display: Submitted 14 shader compile jobs with 'Normal' priority
[2026.03.23-08.50.38:960][682]LogShaderCompilers: Display: Submitted 2 shader compile jobs with 'ForceLocal' priority
[2026.03.23-08.50.38:966][682]LogShaderCompilers: Display: Submitted 14 shader compile jobs with 'Normal' priority
[2026.03.23-08.50.38:973][682]LogShaderCompilers: Display: Submitted 2 shader compile jobs with 'ForceLocal' priority
[2026.03.23-08.50.38:979][682]LogShaderCompilers: Display: Submitted 14 shader compile jobs with 'Normal' priority
[2026.03.23-08.50.38:985][682]LogShaderCompilers: Display: Submitted 2 shader compile jobs with 'ForceLocal' priority
[2026.03.23-08.50.38:990][682]LogShaderCompilers: Display: Submitted 14 shader compile jobs with 'Normal' priority
[2026.03.23-08.50.40:520][748]LogShaderCompilers: Display: Worker (3/17): shaders left to compile 136
[2026.03.23-08.50.40:520][748]LogShaderCompilers: Display: Worker (4/17): shaders left to compile 127
[2026.03.23-08.50.40:520][748]LogShaderCompilers: Display: Started 18 'Local' shader compile jobs with 'ForceLocal' priority
[2026.03.23-08.50.40:641][755]LogShaderCompilers: Display: Worker (5/17): shaders left to compile 118
[2026.03.23-08.50.40:641][755]LogShaderCompilers: Display: Started 8 'Local' shader compile jobs with 'ForceLocal' priority
[2026.03.23-08.50.41:270][790]LogShaderCompilers: Display: Worker (7/17): shaders left to compile 110
[2026.03.23-08.50.41:271][790]LogShaderCompilers: Display: Started 7 'Local' shader compile jobs with 'ForceLocal' priority
[2026.03.23-08.50.41:271][790]LogShaderCompilers: Display: Worker (1/17): shaders left to compile 103
[2026.03.23-08.50.41:271][790]LogShaderCompilers: Display: Started 7 'Local' shader compile jobs with 'ForceLocal' priority
[2026.03.23-08.50.41:402][802]LogShaderCompilers: Display: Worker (2/17): shaders left to compile 96
[2026.03.23-08.50.41:402][802]LogShaderCompilers: Display: Started 7 'Local' shader compile jobs with 'ForceLocal' priority
[2026.03.23-08.50.46:422][140]LogShaderCompilers: Display: Worker (1/17): shaders left to compile 89
[2026.03.23-08.50.46:422][140]LogShaderCompilers: Display: Started 6 'Local' shader compile jobs with 'ForceLocal' priority
[2026.03.23-08.50.46:446][141]LogShaderCompilers: Display: Worker (5/17): shaders left to compile 83
[2026.03.23-08.50.46:446][141]LogShaderCompilers: Display: Started 6 'Local' shader compile jobs with 'ForceLocal' priority
[2026.03.23-08.50.46:552][147]LogShaderCompilers: Display: Worker (7/17): shaders left to compile 77
[2026.03.23-08.50.46:552][147]LogShaderCompilers: Display: Started 5 'Local' shader compile jobs with 'ForceLocal' priority
[2026.03.23-08.50.46:590][148]LogShaderCompilers: Display: Worker (2/17): shaders left to compile 72
[2026.03.23-08.50.46:590][148]LogShaderCompilers: Display: Started 5 'Local' shader compile jobs with 'ForceLocal' priority
[2026.03.23-08.50.46:700][153]LogShaderCompilers: Display: Worker (4/17): shaders left to compile 67
[2026.03.23-08.50.46:701][153]LogShaderCompilers: Display: Started 5 'Local' shader compile jobs with 'ForceLocal' priority
[2026.03.23-08.50.47:181][172]LogShaderCompilers: Display: Worker (3/17): shaders left to compile 62
[2026.03.23-08.50.47:181][172]LogShaderCompilers: Display: Started 4 'Local' shader compile jobs with 'ForceLocal' priority
[2026.03.23-08.50.50:063][329]LogShaderCompilers: Display: Worker (3/17): shaders left to compile 58
[2026.03.23-08.50.50:063][329]LogShaderCompilers: Display: Started 4 'Local' shader compile jobs with 'ForceLocal' priority
[2026.03.23-08.50.50:179][336]LogShaderCompilers: Display: Worker (7/17): shaders left to compile 54
[2026.03.23-08.50.50:179][336]LogShaderCompilers: Display: Started 4 'Local' shader compile jobs with 'ForceLocal' priority
[2026.03.23-08.50.50:237][339]LogShaderCompilers: Display: Worker (4/17): shaders left to compile 50
[2026.03.23-08.50.50:237][339]LogShaderCompilers: Display: Started 4 'Local' shader compile jobs with 'ForceLocal' priority
[2026.03.23-08.50.50:271][341]LogShaderCompilers: Display: Worker (2/17): shaders left to compile 46
[2026.03.23-08.50.50:271][341]LogShaderCompilers: Display: Started 3 'Local' shader compile jobs with 'ForceLocal' priority
[2026.03.23-08.50.50:946][373]LogShaderCompilers: Display: Worker (5/17): shaders left to compile 43
[2026.03.23-08.50.50:946][373]LogShaderCompilers: Display: Started 3 'Local' shader compile jobs with 'ForceLocal' priority
[2026.03.23-08.50.50:946][373]LogShaderCompilers: Display: Worker (1/17): shaders left to compile 40
[2026.03.23-08.50.50:946][373]LogShaderCompilers: Display: Started 3 'Local' shader compile jobs with 'ForceLocal' priority
[2026.03.23-08.50.51:235][379]LogShaderCompilers: Display: Worker (11/17): shaders left to compile 37
[2026.03.23-08.50.51:236][379]LogShaderCompilers: Display: Started 3 'Local' shader compile jobs with 'ForceLocal' priority
[2026.03.23-08.50.51:326][380]LogActorFactory: Actor Factory created house_back_wall
[2026.03.23-08.50.51:328][380]LogActorFactory: Actor Factory created house_Bathroom_Sink
[2026.03.23-08.50.51:328][380]LogActorFactory: Actor Factory created house_Body
[2026.03.23-08.50.51:328][380]LogActorFactory: Actor Factory created house_Body_001
[2026.03.23-08.50.51:328][380]LogActorFactory: Actor Factory created house_Body_Center
[2026.03.23-08.50.51:329][380]LogActorFactory: Actor Factory created house_Body_Feature
[2026.03.23-08.50.51:329][380]LogActorFactory: Actor Factory created house_Books_40_A_Object
[2026.03.23-08.50.51:329][380]LogActorFactory: Actor Factory created house_Books_40_A_Object_001
[2026.03.23-08.50.51:329][380]LogActorFactory: Actor Factory created house_Books_40_A_Object_002
[2026.03.23-08.50.51:329][380]LogActorFactory: Actor Factory created house_Books_40_A_Object_003
[2026.03.23-08.50.51:330][380]LogActorFactory: Actor Factory created house_Books_40_B_Object
[2026.03.23-08.50.51:330][380]LogActorFactory: Actor Factory created house_Books_40_B_Object_001
[2026.03.23-08.50.51:330][380]LogActorFactory: Actor Factory created house_Books_40_B_Object_002
[2026.03.23-08.50.51:330][380]LogActorFactory: Actor Factory created house_Books_40_B_Object_003
[2026.03.23-08.50.51:330][380]LogActorFactory: Actor Factory created house_Books_40_C_Object
[2026.03.23-08.50.51:330][380]LogActorFactory: Actor Factory created house_Books_40_C_Object_001
[2026.03.23-08.50.51:331][380]LogActorFactory: Actor Factory created house_Books_40_C_Object_002
[2026.03.23-08.50.51:331][380]LogActorFactory: Actor Factory created house_Books_40_C_Object_003
[2026.03.23-08.50.51:331][380]LogActorFactory: Actor Factory created house_Books_40_D_Object
[2026.03.23-08.50.51:331][380]LogActorFactory: Actor Factory created house_Books_40_D_Object_001
[2026.03.23-08.50.51:331][380]LogActorFactory: Actor Factory created house_Books_40_D_Object_002
[2026.03.23-08.50.51:332][380]LogActorFactory: Actor Factory created house_Books_40_D_Object_003
[2026.03.23-08.50.51:332][380]LogActorFactory: Actor Factory created house_box_1
[2026.03.23-08.50.51:332][380]LogActorFactory: Actor Factory created house_box_2
[2026.03.23-08.50.51:332][380]LogActorFactory: Actor Factory created house_box3
[2026.03.23-08.50.51:332][380]LogActorFactory: Actor Factory created house_Brand
[2026.03.23-08.50.51:332][380]LogActorFactory: Actor Factory created house_Button_001
[2026.03.23-08.50.51:333][380]LogActorFactory: Actor Factory created house_Button_002
[2026.03.23-08.50.51:333][380]LogActorFactory: Actor Factory created house_Button_003
[2026.03.23-08.50.51:333][380]LogActorFactory: Actor Factory created house_Button_004
[2026.03.23-08.50.51:333][380]LogActorFactory: Actor Factory created house_Button_005
[2026.03.23-08.50.51:334][380]LogActorFactory: Actor Factory created house_Button_006
[2026.03.23-08.50.51:334][380]LogActorFactory: Actor Factory created house_Button_007
[2026.03.23-08.50.51:334][380]LogActorFactory: Actor Factory created house_Button_008
[2026.03.23-08.50.51:334][380]LogActorFactory: Actor Factory created house_Button_009
[2026.03.23-08.50.51:334][380]LogActorFactory: Actor Factory created house_Button_010
[2026.03.23-08.50.51:335][380]LogActorFactory: Actor Factory created house_Button_012
[2026.03.23-08.50.51:335][380]LogActorFactory: Actor Factory created house_Button_013
[2026.03.23-08.50.51:335][380]LogActorFactory: Actor Factory created house_Button_014
[2026.03.23-08.50.51:335][380]LogPhysics: Warning: PopulatePhysXGeometryAndTransform(Convex): ConvexElem is missing ConvexMesh
[2026.03.23-08.50.51:335][380]LogPhysics: Warning: ForeachShape(Convex): ScaledElem[0] invalid
[2026.03.23-08.50.51:335][380]LogPhysics: Warning: PopulatePhysXGeometryAndTransform(Convex): ConvexElem is missing ConvexMesh
[2026.03.23-08.50.51:335][380]LogPhysics: Warning: ForeachShape(Convex): ScaledElem[0] invalid
[2026.03.23-08.50.51:335][380]LogPhysics: Warning: PopulatePhysXGeometryAndTransform(Convex): ConvexElem is missing ConvexMesh
[2026.03.23-08.50.51:335][380]LogPhysics: Warning: ForeachShape(Convex): ScaledElem[0] invalid
[2026.03.23-08.50.51:335][380]LogActorFactory: Actor Factory created house_Button_015
[2026.03.23-08.50.51:336][380]LogActorFactory: Actor Factory created house_Button_016
[2026.03.23-08.50.51:336][380]LogActorFactory: Actor Factory created house_Button_017
[2026.03.23-08.50.51:336][380]LogActorFactory: Actor Factory created house_Button_018
[2026.03.23-08.50.51:336][380]LogActorFactory: Actor Factory created house_Button_019
[2026.03.23-08.50.51:337][380]LogActorFactory: Actor Factory created house_Button_020
[2026.03.23-08.50.51:337][380]LogActorFactory: Actor Factory created house_CAM_Entrance
[2026.03.23-08.50.51:337][380]LogActorFactory: Actor Factory created house_CAM_Kitchen
[2026.03.23-08.50.51:337][380]LogActorFactory: Actor Factory created house_CAM_Kitchen_001
[2026.03.23-08.50.51:338][380]LogActorFactory: Actor Factory created house_CAM_Living_Room
[2026.03.23-08.50.51:338][380]LogActorFactory: Actor Factory created house_Camera_Internal
[2026.03.23-08.50.51:338][380]LogActorFactory: Actor Factory created house_ceiling
[2026.03.23-08.50.51:338][380]LogActorFactory: Actor Factory created house_Circle_145
[2026.03.23-08.50.51:338][380]LogActorFactory: Actor Factory created house_Circle002
[2026.03.23-08.50.51:339][380]LogActorFactory: Actor Factory created house_Circle_001
[2026.03.23-08.50.51:339][380]LogActorFactory: Actor Factory created house_Circle_004
[2026.03.23-08.50.51:339][380]LogActorFactory: Actor Factory created house_Coffee_Table
[2026.03.23-08.50.51:339][380]LogActorFactory: Actor Factory created house_Counter_Table
[2026.03.23-08.50.51:339][380]LogActorFactory: Actor Factory created house_Cube_102
[2026.03.23-08.50.51:340][380]LogActorFactory: Actor Factory created house_Cube046001
[2026.03.23-08.50.51:340][380]LogActorFactory: Actor Factory created house_Cube_067
[2026.03.23-08.50.51:340][380]LogActorFactory: Actor Factory created house_Cube_068
[2026.03.23-08.50.51:340][380]LogActorFactory: Actor Factory created house_Cylinder_022
[2026.03.23-08.50.51:341][380]LogActorFactory: Actor Factory created house_Door_005
[2026.03.23-08.50.51:341][380]LogActorFactory: Actor Factory created house_Door_Panel
[2026.03.23-08.50.51:341][380]LogActorFactory: Actor Factory created house_Door_Panel_001
[2026.03.23-08.50.51:341][380]LogActorFactory: Actor Factory created house_Door_Panel_002
[2026.03.23-08.50.51:341][380]LogActorFactory: Actor Factory created house_Door_Panel_003
[2026.03.23-08.50.51:342][380]LogActorFactory: Actor Factory created house_DoorFrame_001
[2026.03.23-08.50.51:342][380]LogActorFactory: Actor Factory created house_DoorFrame_002
[2026.03.23-08.50.51:342][380]LogActorFactory: Actor Factory created house_DoorFrame_003
[2026.03.23-08.50.51:342][380]LogActorFactory: Actor Factory created house_DoorFrame_004
[2026.03.23-08.50.51:342][380]LogActorFactory: Actor Factory created house_drawer_guides_1
[2026.03.23-08.50.51:342][380]LogActorFactory: Actor Factory created house_drawer_guides_2
[2026.03.23-08.50.51:343][380]LogActorFactory: Actor Factory created house_drawer_guides_3
[2026.03.23-08.50.51:343][380]LogActorFactory: Actor Factory created house_Fastener
[2026.03.23-08.50.51:343][380]LogActorFactory: Actor Factory created house_Fastener_
[2026.03.23-08.50.51:343][380]LogActorFactory: Actor Factory created house_Fastener_001
[2026.03.23-08.50.51:343][380]LogActorFactory: Actor Factory created house_Fastener_002
[2026.03.23-08.50.51:344][380]LogActorFactory: Actor Factory created house_Fastener_003
[2026.03.23-08.50.51:344][380]LogActorFactory: Actor Factory created house_Fastener_004
[2026.03.23-08.50.51:344][380]LogActorFactory: Actor Factory created house_Fastener_005
[2026.03.23-08.50.51:344][380]LogActorFactory: Actor Factory created house_Fastener_006
[2026.03.23-08.50.51:344][380]LogActorFactory: Actor Factory created house_Flash_Shoe
[2026.03.23-08.50.51:345][380]LogActorFactory: Actor Factory created house_floor
[2026.03.23-08.50.51:345][380]LogActorFactory: Actor Factory created house_Floor_001
[2026.03.23-08.50.51:345][380]LogActorFactory: Actor Factory created house_FloorLamp_Bulb
[2026.03.23-08.50.51:345][380]LogActorFactory: Actor Factory created house_FloorLamp_Cover
[2026.03.23-08.50.51:345][380]LogActorFactory: Actor Factory created house_FloorLamp_Stem
[2026.03.23-08.50.51:346][380]LogActorFactory: Actor Factory created house_FloorLamp_Wire
[2026.03.23-08.50.51:346][380]LogActorFactory: Actor Factory created house_FloroLamp_WirePlug
[2026.03.23-08.50.51:346][380]LogActorFactory: Actor Factory created house_Garage_Door
[2026.03.23-08.50.51:346][380]LogActorFactory: Actor Factory created house_Grey_Blackout_Curtain_with_Lace_panel
[2026.03.23-08.50.51:347][380]LogActorFactory: Actor Factory created house_Grey_Blackout_Curtain_with_Lace_panel_001
[2026.03.23-08.50.51:347][380]LogActorFactory: Actor Factory created house_guide
[2026.03.23-08.50.51:347][380]LogActorFactory: Actor Factory created house_guide2
[2026.03.23-08.50.51:347][380]LogActorFactory: Actor Factory created house_Hallandale_Sofa
[2026.03.23-08.50.51:348][380]LogActorFactory: Actor Factory created house_Hallandale_Sofa_001
[2026.03.23-08.50.51:348][380]LogActorFactory: Actor Factory created house_Handle_002
[2026.03.23-08.50.51:348][380]LogActorFactory: Actor Factory created house_Handle_003
[2026.03.23-08.50.51:348][380]LogActorFactory: Actor Factory created house_Handle_Back_001
[2026.03.23-08.50.51:348][380]LogActorFactory: Actor Factory created house_Handle_Back_002
[2026.03.23-08.50.51:349][380]LogActorFactory: Actor Factory created house_Handle_Back_003
[2026.03.23-08.50.51:349][380]LogActorFactory: Actor Factory created house_Handle_Back_004
[2026.03.23-08.50.51:349][380]LogActorFactory: Actor Factory created house_Handle_Front_001
[2026.03.23-08.50.51:349][380]LogActorFactory: Actor Factory created house_Handle_Front_002
[2026.03.23-08.50.51:350][380]LogActorFactory: Actor Factory created house_Handle_Front_003
[2026.03.23-08.50.51:350][380]LogActorFactory: Actor Factory created house_Handle_Front_004
[2026.03.23-08.50.51:350][380]LogActorFactory: Actor Factory created house_handles_001
[2026.03.23-08.50.51:350][380]LogActorFactory: Actor Factory created house_hanger
[2026.03.23-08.50.51:350][380]LogActorFactory: Actor Factory created house_Holders
[2026.03.23-08.50.51:351][380]LogActorFactory: Actor Factory created house_Icosphere
[2026.03.23-08.50.51:351][380]LogActorFactory: Actor Factory created house_Icosphere_001
[2026.03.23-08.50.51:351][380]LogActorFactory: Actor Factory created house_Icosphere_004
[2026.03.23-08.50.51:351][380]LogActorFactory: Actor Factory created house_Icosphere_005
[2026.03.23-08.50.51:352][380]LogActorFactory: Actor Factory created house_key
[2026.03.23-08.50.51:352][380]LogActorFactory: Actor Factory created house_key2
[2026.03.23-08.50.51:352][380]LogActorFactory: Actor Factory created house_key_ring
[2026.03.23-08.50.51:352][380]LogActorFactory: Actor Factory created house_Kitchen_Counter
[2026.03.23-08.50.51:352][380]LogActorFactory: Actor Factory created house_Kitchen_Pantry_Cabinet
[2026.03.23-08.50.51:353][380]LogActorFactory: Actor Factory created house_Kitchen_tap_balck_001
[2026.03.23-08.50.51:353][380]LogActorFactory: Actor Factory created house_Labels
[2026.03.23-08.50.51:353][380]LogActorFactory: Actor Factory created house_Labels_001
[2026.03.23-08.50.51:353][380]LogActorFactory: Actor Factory created house_Labels_002
[2026.03.23-08.50.51:353][380]LogPhysics: Warning: PopulatePhysXGeometryAndTransform(Convex): ConvexElem is missing ConvexMesh
[2026.03.23-08.50.51:353][380]LogPhysics: Warning: ForeachShape(Convex): ScaledElem[0] invalid
[2026.03.23-08.50.51:353][380]LogPhysics: Warning: PopulatePhysXGeometryAndTransform(Convex): ConvexElem is missing ConvexMesh
[2026.03.23-08.50.51:353][380]LogPhysics: Warning: ForeachShape(Convex): ScaledElem[0] invalid
[2026.03.23-08.50.51:354][380]LogPhysics: Warning: PopulatePhysXGeometryAndTransform(Convex): ConvexElem is missing ConvexMesh
[2026.03.23-08.50.51:354][380]LogPhysics: Warning: ForeachShape(Convex): ScaledElem[0] invalid
[2026.03.23-08.50.51:354][380]LogActorFactory: Actor Factory created house_Labels_003
[2026.03.23-08.50.51:354][380]LogActorFactory: Actor Factory created house_Labels_004
[2026.03.23-08.50.51:354][380]LogPhysics: Warning: PopulatePhysXGeometryAndTransform(Convex): ConvexElem is missing ConvexMesh
[2026.03.23-08.50.51:354][380]LogPhysics: Warning: ForeachShape(Convex): ScaledElem[0] invalid
[2026.03.23-08.50.51:354][380]LogPhysics: Warning: PopulatePhysXGeometryAndTransform(Convex): ConvexElem is missing ConvexMesh
[2026.03.23-08.50.51:354][380]LogPhysics: Warning: ForeachShape(Convex): ScaledElem[0] invalid
[2026.03.23-08.50.51:354][380]LogPhysics: Warning: PopulatePhysXGeometryAndTransform(Convex): ConvexElem is missing ConvexMesh
[2026.03.23-08.50.51:354][380]LogPhysics: Warning: ForeachShape(Convex): ScaledElem[0] invalid
[2026.03.23-08.50.51:354][380]LogActorFactory: Actor Factory created house_Labels_005
[2026.03.23-08.50.51:354][380]LogPhysics: Warning: PopulatePhysXGeometryAndTransform(Convex): ConvexElem is missing ConvexMesh
[2026.03.23-08.50.51:354][380]LogPhysics: Warning: ForeachShape(Convex): ScaledElem[0] invalid
[2026.03.23-08.50.51:354][380]LogPhysics: Warning: PopulatePhysXGeometryAndTransform(Convex): ConvexElem is missing ConvexMesh
[2026.03.23-08.50.51:354][380]LogPhysics: Warning: ForeachShape(Convex): ScaledElem[0] invalid
[2026.03.23-08.50.51:355][380]LogPhysics: Warning: PopulatePhysXGeometryAndTransform(Convex): ConvexElem is missing ConvexMesh
[2026.03.23-08.50.51:355][380]LogPhysics: Warning: ForeachShape(Convex): ScaledElem[0] invalid
[2026.03.23-08.50.51:355][380]LogActorFactory: Actor Factory created house_Labels_006
[2026.03.23-08.50.51:355][380]LogPhysics: Warning: PopulatePhysXGeometryAndTransform(Convex): ConvexElem is missing ConvexMesh
[2026.03.23-08.50.51:355][380]LogPhysics: Warning: ForeachShape(Convex): ScaledElem[0] invalid
[2026.03.23-08.50.51:355][380]LogPhysics: Warning: PopulatePhysXGeometryAndTransform(Convex): ConvexElem is missing ConvexMesh
[2026.03.23-08.50.51:355][380]LogPhysics: Warning: ForeachShape(Convex): ScaledElem[0] invalid
[2026.03.23-08.50.51:355][380]LogPhysics: Warning: PopulatePhysXGeometryAndTransform(Convex): ConvexElem is missing ConvexMesh
[2026.03.23-08.50.51:355][380]LogPhysics: Warning: ForeachShape(Convex): ScaledElem[0] invalid
[2026.03.23-08.50.51:355][380]LogActorFactory: Actor Factory created house_Labels_007
[2026.03.23-08.50.51:355][380]LogPhysics: Warning: PopulatePhysXGeometryAndTransform(Convex): ConvexElem is missing ConvexMesh
[2026.03.23-08.50.51:355][380]LogPhysics: Warning: ForeachShape(Convex): ScaledElem[0] invalid
[2026.03.23-08.50.51:355][380]LogPhysics: Warning: PopulatePhysXGeometryAndTransform(Convex): ConvexElem is missing ConvexMesh
[2026.03.23-08.50.51:355][380]LogPhysics: Warning: ForeachShape(Convex): ScaledElem[0] invalid
[2026.03.23-08.50.51:355][380]LogPhysics: Warning: PopulatePhysXGeometryAndTransform(Convex): ConvexElem is missing ConvexMesh
[2026.03.23-08.50.51:355][380]LogPhysics: Warning: ForeachShape(Convex): ScaledElem[0] invalid
[2026.03.23-08.50.51:355][380]LogActorFactory: Actor Factory created house_Labels_008
[2026.03.23-08.50.51:355][380]LogPhysics: Warning: PopulatePhysXGeometryAndTransform(Convex): ConvexElem is missing ConvexMesh
[2026.03.23-08.50.51:355][380]LogPhysics: Warning: ForeachShape(Convex): ScaledElem[0] invalid
[2026.03.23-08.50.51:355][380]LogPhysics: Warning: PopulatePhysXGeometryAndTransform(Convex): ConvexElem is missing ConvexMesh
[2026.03.23-08.50.51:355][380]LogPhysics: Warning: ForeachShape(Convex): ScaledElem[0] invalid
[2026.03.23-08.50.51:355][380]LogPhysics: Warning: PopulatePhysXGeometryAndTransform(Convex): ConvexElem is missing ConvexMesh
[2026.03.23-08.50.51:355][380]LogPhysics: Warning: ForeachShape(Convex): ScaledElem[0] invalid
[2026.03.23-08.50.51:355][380]LogActorFactory: Actor Factory created house_Labels_009
[2026.03.23-08.50.51:356][380]LogActorFactory: Actor Factory created house_Labels_010
[2026.03.23-08.50.51:356][380]LogPhysics: Warning: PopulatePhysXGeometryAndTransform(Convex): ConvexElem is missing ConvexMesh
[2026.03.23-08.50.51:356][380]LogPhysics: Warning: ForeachShape(Convex): ScaledElem[0] invalid
[2026.03.23-08.50.51:356][380]LogPhysics: Warning: PopulatePhysXGeometryAndTransform(Convex): ConvexElem is missing ConvexMesh
[2026.03.23-08.50.51:356][380]LogPhysics: Warning: ForeachShape(Convex): ScaledElem[0] invalid
[2026.03.23-08.50.51:356][380]LogPhysics: Warning: PopulatePhysXGeometryAndTransform(Convex): ConvexElem is missing ConvexMesh
[2026.03.23-08.50.51:356][380]LogPhysics: Warning: ForeachShape(Convex): ScaledElem[0] invalid
[2026.03.23-08.50.51:356][380]LogActorFactory: Actor Factory created house_Labels_011
[2026.03.23-08.50.51:356][380]LogPhysics: Warning: PopulatePhysXGeometryAndTransform(Convex): ConvexElem is missing ConvexMesh
[2026.03.23-08.50.51:356][380]LogPhysics: Warning: ForeachShape(Convex): ScaledElem[0] invalid
[2026.03.23-08.50.51:356][380]LogPhysics: Warning: PopulatePhysXGeometryAndTransform(Convex): ConvexElem is missing ConvexMesh
[2026.03.23-08.50.51:356][380]LogPhysics: Warning: ForeachShape(Convex): ScaledElem[0] invalid
[2026.03.23-08.50.51:356][380]LogPhysics: Warning: PopulatePhysXGeometryAndTransform(Convex): ConvexElem is missing ConvexMesh
[2026.03.23-08.50.51:356][380]LogPhysics: Warning: ForeachShape(Convex): ScaledElem[0] invalid
[2026.03.23-08.50.51:356][380]LogActorFactory: Actor Factory created house_Labels_012
[2026.03.23-08.50.51:356][380]LogPhysics: Warning: PopulatePhysXGeometryAndTransform(Convex): ConvexElem is missing ConvexMesh
[2026.03.23-08.50.51:356][380]LogPhysics: Warning: ForeachShape(Convex): ScaledElem[0] invalid
[2026.03.23-08.50.51:356][380]LogPhysics: Warning: PopulatePhysXGeometryAndTransform(Convex): ConvexElem is missing ConvexMesh
[2026.03.23-08.50.51:356][380]LogPhysics: Warning: ForeachShape(Convex): ScaledElem[0] invalid
[2026.03.23-08.50.51:356][380]LogPhysics: Warning: PopulatePhysXGeometryAndTransform(Convex): ConvexElem is missing ConvexMesh
[2026.03.23-08.50.51:356][380]LogPhysics: Warning: ForeachShape(Convex): ScaledElem[0] invalid
[2026.03.23-08.50.51:356][380]LogActorFactory: Actor Factory created house_Lanyard_Loop
[2026.03.23-08.50.51:357][380]LogActorFactory: Actor Factory created house_LCD
[2026.03.23-08.50.51:357][380]LogActorFactory: Actor Factory created house_leather
[2026.03.23-08.50.51:357][380]LogActorFactory: Actor Factory created house_legs
[2026.03.23-08.50.51:357][380]LogActorFactory: Actor Factory created house_Lens_Body
[2026.03.23-08.50.51:358][380]LogActorFactory: Actor Factory created house_Lens_Button
[2026.03.23-08.50.51:358][380]LogActorFactory: Actor Factory created house_Lens_Button_001
[2026.03.23-08.50.51:358][380]LogActorFactory: Actor Factory created house_Lens_Button_holder
[2026.03.23-08.50.51:358][380]LogActorFactory: Actor Factory created house_Lens_Connector
[2026.03.23-08.50.51:359][380]LogActorFactory: Actor Factory created house_Lens_Glass
[2026.03.23-08.50.51:359][380]LogActorFactory: Actor Factory created house_Lens_Glass_001
[2026.03.23-08.50.51:359][380]LogActorFactory: Actor Factory created house_Lens_Gless
[2026.03.23-08.50.51:359][380]LogActorFactory: Actor Factory created house_Lens_Internal
[2026.03.23-08.50.51:359][380]LogActorFactory: Actor Factory created house_Lens_Internal_001
[2026.03.23-08.50.51:360][380]LogActorFactory: Actor Factory created house_Lens_Labels
[2026.03.23-08.50.51:360][380]LogActorFactory: Actor Factory created house_Lens_Mount
[2026.03.23-08.50.51:360][380]LogActorFactory: Actor Factory created house_Lens_text
[2026.03.23-08.50.51:360][380]LogActorFactory: Actor Factory created house_Med_Box
[2026.03.23-08.50.51:361][380]LogActorFactory: Actor Factory created house_mirror_001
[2026.03.23-08.50.51:361][380]LogActorFactory: Actor Factory created house_Modern_Rug_003
[2026.03.23-08.50.51:361][380]LogActorFactory: Actor Factory created house_Panel
[2026.03.23-08.50.51:361][380]LogActorFactory: Actor Factory created house_Pillbottle_001
[2026.03.23-08.50.51:362][380]LogActorFactory: Actor Factory created house_Plane_002
[2026.03.23-08.50.51:362][380]LogActorFactory: Actor Factory created house_Plane_003
[2026.03.23-08.50.51:362][380]LogActorFactory: Actor Factory created house_Plane_004
[2026.03.23-08.50.51:362][380]LogActorFactory: Actor Factory created house_Plane_005
[2026.03.23-08.50.51:363][380]LogActorFactory: Actor Factory created house_Plane_006
[2026.03.23-08.50.51:363][380]LogActorFactory: Actor Factory created house_Plane_007
[2026.03.23-08.50.51:363][380]LogActorFactory: Actor Factory created house_Plane_008
[2026.03.23-08.50.51:363][380]LogActorFactory: Actor Factory created house_Plane_078
[2026.03.23-08.50.51:363][380]LogActorFactory: Actor Factory created house_Ports
[2026.03.23-08.50.51:364][380]LogActorFactory: Actor Factory created house_Ring
[2026.03.23-08.50.51:364][380]LogActorFactory: Actor Factory created house_Ring_001
[2026.03.23-08.50.51:364][380]LogActorFactory: Actor Factory created house_Ring_002
[2026.03.23-08.50.51:364][380]LogActorFactory: Actor Factory created house_Screen
[2026.03.23-08.50.51:365][380]LogActorFactory: Actor Factory created house_Scroll
[2026.03.23-08.50.51:365][380]LogActorFactory: Actor Factory created house_Scroll_001
[2026.03.23-08.50.51:365][380]LogActorFactory: Actor Factory created house_Security_camera_002
[2026.03.23-08.50.51:365][380]LogActorFactory: Actor Factory created house_Security_camera_004
[2026.03.23-08.50.51:366][380]LogActorFactory: Actor Factory created house_Security_camera_006
[2026.03.23-08.50.51:366][380]LogActorFactory: Actor Factory created house_Security_camera_008
[2026.03.23-08.50.51:366][380]LogActorFactory: Actor Factory created house_Selector
[2026.03.23-08.50.51:366][380]LogActorFactory: Actor Factory created house_Sensor
[2026.03.23-08.50.51:367][380]LogActorFactory: Actor Factory created house_shelf1
[2026.03.23-08.50.51:367][380]LogActorFactory: Actor Factory created house_shelf2
[2026.03.23-08.50.51:367][380]LogActorFactory: Actor Factory created house_shelf3
[2026.03.23-08.50.51:367][380]LogActorFactory: Actor Factory created house_shelf4
[2026.03.23-08.50.51:367][380]LogActorFactory: Actor Factory created house_shelf5
[2026.03.23-08.50.51:368][380]LogActorFactory: Actor Factory created house_shelf6
[2026.03.23-08.50.51:368][380]LogActorFactory: Actor Factory created house_shelf7
[2026.03.23-08.50.51:368][380]LogActorFactory: Actor Factory created house_Short_Table
[2026.03.23-08.50.51:368][380]LogActorFactory: Actor Factory created house_Sink_001
[2026.03.23-08.50.51:369][380]LogActorFactory: Actor Factory created house_sinktap_001
[2026.03.23-08.50.51:369][380]LogActorFactory: Actor Factory created house_Sono_Salmon_Rug_by_The_Rug_Company_021
[2026.03.23-08.50.51:369][380]LogActorFactory: Actor Factory created house_Sono_Salmon_Rug_by_The_Rug_Company_022
[2026.03.23-08.50.51:369][380]LogActorFactory: Actor Factory created house_Sono_Salmon_Rug_by_The_Rug_Company_023
[2026.03.23-08.50.51:369][380]LogActorFactory: Actor Factory created house_Sono_Salmon_Rug_by_The_Rug_Company_024
[2026.03.23-08.50.51:370][380]LogActorFactory: Actor Factory created house_Sono_Salmon_Rug_by_The_Rug_Company_025
[2026.03.23-08.50.51:370][380]LogActorFactory: Actor Factory created house_Sono_Salmon_Rug_by_The_Rug_Company_026
[2026.03.23-08.50.51:370][380]LogActorFactory: Actor Factory created house_Sono_Salmon_Rug_by_The_Rug_Company_027
[2026.03.23-08.50.51:370][380]LogActorFactory: Actor Factory created house_Stairs
[2026.03.23-08.50.51:371][380]LogActorFactory: Actor Factory created house_top_sink_001
[2026.03.23-08.50.51:371][380]LogActorFactory: Actor Factory created house_TV_001
[2026.03.23-08.50.51:371][380]LogActorFactory: Actor Factory created house_TV_Table
[2026.03.23-08.50.51:371][380]LogActorFactory: Actor Factory created house_Visor
[2026.03.23-08.50.51:372][380]LogActorFactory: Actor Factory created house_Visor_Lens
[2026.03.23-08.50.51:372][380]LogActorFactory: Actor Factory created house_Wall_1
[2026.03.23-08.50.51:372][380]LogActorFactory: Actor Factory created house_wall1
[2026.03.23-08.50.51:372][380]LogActorFactory: Actor Factory created house_wall2
[2026.03.23-08.50.51:372][380]LogActorFactory: Actor Factory created house_wall3
[2026.03.23-08.50.51:373][380]LogActorFactory: Actor Factory created house_wall4
[2026.03.23-08.50.51:373][380]LogActorFactory: Actor Factory created house_wall5
[2026.03.23-08.50.51:373][380]LogActorFactory: Actor Factory created house_Wander_Rug_004
[2026.03.23-08.50.51:373][380]LogActorFactory: Actor Factory created house_Window_L_001
[2026.03.23-08.50.51:374][380]LogActorFactory: Actor Factory created house_Window_L_003
[2026.03.23-08.50.51:374][380]LogActorFactory: Actor Factory created house_Window_L_004
[2026.03.23-08.50.51:374][380]LogActorFactory: Actor Factory created house_Window_L_005
[2026.03.23-08.50.51:374][380]LogActorFactory: Actor Factory created house_Window_R_001
[2026.03.23-08.50.51:375][380]LogActorFactory: Actor Factory created house_Window_R_003
[2026.03.23-08.50.51:375][380]LogActorFactory: Actor Factory created house_WindowFrame_001
[2026.03.23-08.50.51:375][380]LogActorFactory: Actor Factory created house_WindowFrame_003
[2026.03.23-08.50.51:375][380]LogActorFactory: Actor Factory created house_WindowFrame_004
[2026.03.23-08.50.51:375][380]LogActorFactory: Actor Factory created house_WindowFrame_005
[2026.03.23-08.50.51:376][380]LogActorFactory: Actor Factory created house_Windows_Sill_001
[2026.03.23-08.50.51:376][380]LogActorFactory: Actor Factory created house_wood-1
[2026.03.23-08.50.51:376][380]LogActorFactory: Actor Factory created house_wood-2
[2026.03.23-08.50.51:376][380]LogActorFactory: Actor Factory created house_wood-3
[2026.03.23-08.50.51:377][380]LogActorFactory: Actor Factory created house_wood-4
[2026.03.23-08.50.51:377][380]LogActorFactory: Actor Factory created house_wood-5
[2026.03.23-08.50.51:377][380]LogActorFactory: Actor Factory created house_wood-6
[2026.03.23-08.50.51:377][380]LogActorFactory: Actor Factory created house_Wooden_Bookshelves_Four_Layers
[2026.03.23-08.50.51:377][380]LogActorFactory: Actor Factory created house_Wooden_Bookshelves_Four_Layers_001
[2026.03.23-08.50.52:542][391]LogShaderCompilers: Display: Worker (2/17): shaders left to compile 286
[2026.03.23-08.50.52:542][391]LogShaderCompilers: Display: Started 10 'Local' shader compile jobs with 'ForceLocal' priority
[2026.03.23-08.50.52:907][395]LogShaderCompilers: Display: Worker (5/17): shaders left to compile 276
[2026.03.23-08.50.52:907][395]LogShaderCompilers: Display: Started 10 'Local' shader compile jobs with 'ForceLocal' priority
[2026.03.23-08.50.52:943][396]LogShaderCompilers: Display: Worker (3/17): shaders left to compile 266
[2026.03.23-08.50.52:943][396]LogShaderCompilers: Display: Started 10 'Local' shader compile jobs with 'ForceLocal' priority
[2026.03.23-08.50.52:943][396]LogShaderCompilers: Display: Worker (7/17): shaders left to compile 256
[2026.03.23-08.50.52:943][396]LogShaderCompilers: Display: Started 10 'Local' shader compile jobs with 'ForceLocal' priority
[2026.03.23-08.50.53:021][396]LogShaderCompilers: Display: Worker (4/17): shaders left to compile 246
[2026.03.23-08.50.53:021][396]LogShaderCompilers: Display: Started 10 'Local' shader compile jobs with 'ForceLocal' priority
[2026.03.23-08.50.53:062][397]LogShaderCompilers: Display: Worker (11/17): shaders left to compile 236
[2026.03.23-08.50.53:062][397]LogShaderCompilers: Display: Started 10 'Local' shader compile jobs with 'ForceLocal' priority
[2026.03.23-08.50.53:070][397]LogShaderCompilers: Display: Worker (1/17): shaders left to compile 226
[2026.03.23-08.50.53:070][397]LogShaderCompilers: Display: Started 10 'Local' shader compile jobs with 'ForceLocal' priority
[2026.03.23-08.50.53:385][406]LogActorFactory: Actor Factory created house_back_wall
[2026.03.23-08.50.53:404][406]LogActorFactory: Actor Factory created house_Bathroom_Sink
[2026.03.23-08.50.53:419][406]LogActorFactory: Actor Factory created house_Body
[2026.03.23-08.50.53:433][406]LogActorFactory: Actor Factory created house_Body_001
[2026.03.23-08.50.53:447][406]LogActorFactory: Actor Factory created house_Body_Center
[2026.03.23-08.50.53:460][406]LogActorFactory: Actor Factory created house_Body_Feature
[2026.03.23-08.50.53:475][406]LogActorFactory: Actor Factory created house_Books_40_A_Object
[2026.03.23-08.50.53:490][406]LogActorFactory: Actor Factory created house_Books_40_A_Object_001
[2026.03.23-08.50.53:503][406]LogActorFactory: Actor Factory created house_Books_40_A_Object_002
[2026.03.23-08.50.53:518][406]LogActorFactory: Actor Factory created house_Books_40_A_Object_003
[2026.03.23-08.50.53:532][406]LogActorFactory: Actor Factory created house_Books_40_B_Object
[2026.03.23-08.50.53:548][406]LogActorFactory: Actor Factory created house_Books_40_B_Object_001
[2026.03.23-08.50.53:562][406]LogActorFactory: Actor Factory created house_Books_40_B_Object_002
[2026.03.23-08.50.53:577][406]LogActorFactory: Actor Factory created house_Books_40_B_Object_003
[2026.03.23-08.50.53:592][406]LogActorFactory: Actor Factory created house_Books_40_C_Object
[2026.03.23-08.50.53:603][406]LogActorFactory: Actor Factory created house_Books_40_C_Object_001
[2026.03.23-08.50.53:616][406]LogActorFactory: Actor Factory created house_Books_40_C_Object_002
[2026.03.23-08.50.53:632][406]LogActorFactory: Actor Factory created house_Books_40_C_Object_003
[2026.03.23-08.50.53:647][406]LogActorFactory: Actor Factory created house_Books_40_D_Object
[2026.03.23-08.50.53:658][406]LogActorFactory: Actor Factory created house_Books_40_D_Object_001
[2026.03.23-08.50.53:669][406]LogActorFactory: Actor Factory created house_Books_40_D_Object_002
[2026.03.23-08.50.53:679][406]LogActorFactory: Actor Factory created house_Books_40_D_Object_003
[2026.03.23-08.50.53:690][406]LogActorFactory: Actor Factory created house_box_1
[2026.03.23-08.50.53:700][406]LogActorFactory: Actor Factory created house_box_2
[2026.03.23-08.50.53:710][406]LogActorFactory: Actor Factory created house_box3
[2026.03.23-08.50.53:723][406]LogActorFactory: Actor Factory created house_Brand
[2026.03.23-08.50.53:733][406]LogActorFactory: Actor Factory created house_Button_001
[2026.03.23-08.50.53:745][406]LogActorFactory: Actor Factory created house_Button_002
[2026.03.23-08.50.53:756][406]LogActorFactory: Actor Factory created house_Button_003
[2026.03.23-08.50.53:767][406]LogActorFactory: Actor Factory created house_Button_004
[2026.03.23-08.50.53:778][406]LogActorFactory: Actor Factory created house_Button_005
[2026.03.23-08.50.53:788][406]LogActorFactory: Actor Factory created house_Button_006
[2026.03.23-08.50.53:800][406]LogActorFactory: Actor Factory created house_Button_007
[2026.03.23-08.50.53:811][406]LogActorFactory: Actor Factory created house_Button_008
[2026.03.23-08.50.53:820][406]LogActorFactory: Actor Factory created house_Button_009
[2026.03.23-08.50.53:829][406]LogActorFactory: Actor Factory created house_Button_010
[2026.03.23-08.50.53:839][406]LogActorFactory: Actor Factory created house_Button_012
[2026.03.23-08.50.53:849][406]LogActorFactory: Actor Factory created house_Button_013
[2026.03.23-08.50.53:859][406]LogActorFactory: Actor Factory created house_Button_014
[2026.03.23-08.50.53:859][406]LogPhysics: Warning: PopulatePhysXGeometryAndTransform(Convex): ConvexElem is missing ConvexMesh
[2026.03.23-08.50.53:859][406]LogPhysics: Warning: ForeachShape(Convex): ScaledElem[0] invalid
[2026.03.23-08.50.53:859][406]LogPhysics: Warning: PopulatePhysXGeometryAndTransform(Convex): ConvexElem is missing ConvexMesh
[2026.03.23-08.50.53:859][406]LogPhysics: Warning: ForeachShape(Convex): ScaledElem[0] invalid
[2026.03.23-08.50.53:868][406]LogPhysics: Warning: PopulatePhysXGeometryAndTransform(Convex): ConvexElem is missing ConvexMesh
[2026.03.23-08.50.53:868][406]LogPhysics: Warning: ForeachShape(Convex): ScaledElem[0] invalid
[2026.03.23-08.50.53:868][406]LogActorFactory: Actor Factory created house_Button_015
[2026.03.23-08.50.53:879][406]LogActorFactory: Actor Factory created house_Button_016
[2026.03.23-08.50.53:889][406]LogActorFactory: Actor Factory created house_Button_017
[2026.03.23-08.50.53:899][406]LogActorFactory: Actor Factory created house_Button_018
[2026.03.23-08.50.53:908][406]LogActorFactory: Actor Factory created house_Button_019
[2026.03.23-08.50.53:917][406]LogActorFactory: Actor Factory created house_Button_020
[2026.03.23-08.50.53:926][406]LogActorFactory: Actor Factory created house_CAM_Entrance
[2026.03.23-08.50.53:936][406]LogActorFactory: Actor Factory created house_CAM_Kitchen
[2026.03.23-08.50.53:946][406]LogActorFactory: Actor Factory created house_CAM_Kitchen_001
[2026.03.23-08.50.53:956][406]LogActorFactory: Actor Factory created house_CAM_Living_Room
[2026.03.23-08.50.53:966][406]LogActorFactory: Actor Factory created house_Camera_Internal
[2026.03.23-08.50.53:975][406]LogActorFactory: Actor Factory created house_ceiling
[2026.03.23-08.50.53:988][406]LogActorFactory: Actor Factory created house_Circle_145
[2026.03.23-08.50.54:000][406]LogActorFactory: Actor Factory created house_Circle002
[2026.03.23-08.50.54:011][406]LogActorFactory: Actor Factory created house_Circle_001
[2026.03.23-08.50.54:022][406]LogActorFactory: Actor Factory created house_Circle_004
[2026.03.23-08.50.54:033][406]LogActorFactory: Actor Factory created house_Coffee_Table
[2026.03.23-08.50.54:045][406]LogActorFactory: Actor Factory created house_Counter_Table
[2026.03.23-08.50.54:057][406]LogActorFactory: Actor Factory created house_Cube_102
[2026.03.23-08.50.54:070][406]LogActorFactory: Actor Factory created house_Cube046001
[2026.03.23-08.50.54:083][406]LogActorFactory: Actor Factory created house_Cube_067
[2026.03.23-08.50.54:094][406]LogActorFactory: Actor Factory created house_Cube_068
[2026.03.23-08.50.54:106][406]LogActorFactory: Actor Factory created house_Cylinder_022
[2026.03.23-08.50.54:121][406]LogActorFactory: Actor Factory created house_Door_005
[2026.03.23-08.50.54:136][406]LogActorFactory: Actor Factory created house_Door_Panel
[2026.03.23-08.50.54:149][406]LogActorFactory: Actor Factory created house_Door_Panel_001
[2026.03.23-08.50.54:164][406]LogActorFactory: Actor Factory created house_Door_Panel_002
[2026.03.23-08.50.54:178][406]LogActorFactory: Actor Factory created house_Door_Panel_003
[2026.03.23-08.50.54:190][406]LogActorFactory: Actor Factory created house_DoorFrame_001
[2026.03.23-08.50.54:202][406]LogActorFactory: Actor Factory created house_DoorFrame_002
[2026.03.23-08.50.54:217][406]LogActorFactory: Actor Factory created house_DoorFrame_003
[2026.03.23-08.50.54:232][406]LogActorFactory: Actor Factory created house_DoorFrame_004
[2026.03.23-08.50.54:247][406]LogActorFactory: Actor Factory created house_drawer_guides_1
[2026.03.23-08.50.54:262][406]LogActorFactory: Actor Factory created house_drawer_guides_2
[2026.03.23-08.50.54:276][406]LogActorFactory: Actor Factory created house_drawer_guides_3
[2026.03.23-08.50.54:290][406]LogActorFactory: Actor Factory created house_Fastener
[2026.03.23-08.50.54:304][406]LogActorFactory: Actor Factory created house_Fastener_
[2026.03.23-08.50.54:318][406]LogActorFactory: Actor Factory created house_Fastener_001
[2026.03.23-08.50.54:333][406]LogActorFactory: Actor Factory created house_Fastener_002
[2026.03.23-08.50.54:343][406]LogActorFactory: Actor Factory created house_Fastener_003
[2026.03.23-08.50.54:355][406]LogActorFactory: Actor Factory created house_Fastener_004
[2026.03.23-08.50.54:368][406]LogActorFactory: Actor Factory created house_Fastener_005
[2026.03.23-08.50.54:384][406]LogActorFactory: Actor Factory created house_Fastener_006
[2026.03.23-08.50.54:397][406]LogActorFactory: Actor Factory created house_Flash_Shoe
[2026.03.23-08.50.54:411][406]LogActorFactory: Actor Factory created house_floor
[2026.03.23-08.50.54:423][406]LogActorFactory: Actor Factory created house_Floor_001
[2026.03.23-08.50.54:437][406]LogActorFactory: Actor Factory created house_FloorLamp_Bulb
[2026.03.23-08.50.54:447][406]LogActorFactory: Actor Factory created house_FloorLamp_Cover
[2026.03.23-08.50.54:457][406]LogActorFactory: Actor Factory created house_FloorLamp_Stem
[2026.03.23-08.50.54:466][406]LogActorFactory: Actor Factory created house_FloorLamp_Wire
[2026.03.23-08.50.54:475][406]LogActorFactory: Actor Factory created house_FloroLamp_WirePlug
[2026.03.23-08.50.54:484][406]LogActorFactory: Actor Factory created house_Garage_Door
[2026.03.23-08.50.54:494][406]LogActorFactory: Actor Factory created house_Grey_Blackout_Curtain_with_Lace_panel
[2026.03.23-08.50.54:504][406]LogActorFactory: Actor Factory created house_Grey_Blackout_Curtain_with_Lace_panel_001
[2026.03.23-08.50.54:515][406]LogActorFactory: Actor Factory created house_guide
[2026.03.23-08.50.54:526][406]LogActorFactory: Actor Factory created house_guide2
[2026.03.23-08.50.54:536][406]LogActorFactory: Actor Factory created house_Hallandale_Sofa
[2026.03.23-08.50.54:546][406]LogActorFactory: Actor Factory created house_Hallandale_Sofa_001
[2026.03.23-08.50.54:557][406]LogActorFactory: Actor Factory created house_Handle_002
[2026.03.23-08.50.54:566][406]LogActorFactory: Actor Factory created house_Handle_003
[2026.03.23-08.50.54:577][406]LogActorFactory: Actor Factory created house_Handle_Back_001
[2026.03.23-08.50.54:588][406]LogActorFactory: Actor Factory created house_Handle_Back_002
[2026.03.23-08.50.54:600][406]LogActorFactory: Actor Factory created house_Handle_Back_003
[2026.03.23-08.50.54:611][406]LogActorFactory: Actor Factory created house_Handle_Back_004
[2026.03.23-08.50.54:621][406]LogActorFactory: Actor Factory created house_Handle_Front_001
[2026.03.23-08.50.54:633][406]LogActorFactory: Actor Factory created house_Handle_Front_002
[2026.03.23-08.50.54:645][406]LogActorFactory: Actor Factory created house_Handle_Front_003
[2026.03.23-08.50.54:659][406]LogActorFactory: Actor Factory created house_Handle_Front_004
[2026.03.23-08.50.54:673][406]LogActorFactory: Actor Factory created house_handles_001
[2026.03.23-08.50.54:686][406]LogActorFactory: Actor Factory created house_hanger
[2026.03.23-08.50.54:701][406]LogActorFactory: Actor Factory created house_Holders
[2026.03.23-08.50.54:714][406]LogActorFactory: Actor Factory created house_Icosphere
[2026.03.23-08.50.54:728][406]LogActorFactory: Actor Factory created house_Icosphere_001
[2026.03.23-08.50.54:742][406]LogActorFactory: Actor Factory created house_Icosphere_004
[2026.03.23-08.50.54:756][406]LogActorFactory: Actor Factory created house_Icosphere_005
[2026.03.23-08.50.54:769][406]LogActorFactory: Actor Factory created house_key
[2026.03.23-08.50.54:784][406]LogActorFactory: Actor Factory created house_key2
[2026.03.23-08.50.54:799][406]LogActorFactory: Actor Factory created house_key_ring
[2026.03.23-08.50.54:815][406]LogActorFactory: Actor Factory created house_Kitchen_Counter
[2026.03.23-08.50.54:829][406]LogActorFactory: Actor Factory created house_Kitchen_Pantry_Cabinet
[2026.03.23-08.50.54:840][406]LogActorFactory: Actor Factory created house_Kitchen_tap_balck_001
[2026.03.23-08.50.54:854][406]LogActorFactory: Actor Factory created house_Labels
[2026.03.23-08.50.54:868][406]LogActorFactory: Actor Factory created house_Labels_001
[2026.03.23-08.50.54:883][406]LogActorFactory: Actor Factory created house_Labels_002
[2026.03.23-08.50.54:883][406]LogPhysics: Warning: PopulatePhysXGeometryAndTransform(Convex): ConvexElem is missing ConvexMesh
[2026.03.23-08.50.54:883][406]LogPhysics: Warning: ForeachShape(Convex): ScaledElem[0] invalid
[2026.03.23-08.50.54:883][406]LogPhysics: Warning: PopulatePhysXGeometryAndTransform(Convex): ConvexElem is missing ConvexMesh
[2026.03.23-08.50.54:883][406]LogPhysics: Warning: ForeachShape(Convex): ScaledElem[0] invalid
[2026.03.23-08.50.54:895][406]LogPhysics: Warning: PopulatePhysXGeometryAndTransform(Convex): ConvexElem is missing ConvexMesh
[2026.03.23-08.50.54:895][406]LogPhysics: Warning: ForeachShape(Convex): ScaledElem[0] invalid
[2026.03.23-08.50.54:895][406]LogActorFactory: Actor Factory created house_Labels_003
[2026.03.23-08.50.54:908][406]LogActorFactory: Actor Factory created house_Labels_004
[2026.03.23-08.50.54:909][406]LogPhysics: Warning: PopulatePhysXGeometryAndTransform(Convex): ConvexElem is missing ConvexMesh
[2026.03.23-08.50.54:909][406]LogPhysics: Warning: ForeachShape(Convex): ScaledElem[0] invalid
[2026.03.23-08.50.54:909][406]LogPhysics: Warning: PopulatePhysXGeometryAndTransform(Convex): ConvexElem is missing ConvexMesh
[2026.03.23-08.50.54:909][406]LogPhysics: Warning: ForeachShape(Convex): ScaledElem[0] invalid
[2026.03.23-08.50.54:921][406]LogPhysics: Warning: PopulatePhysXGeometryAndTransform(Convex): ConvexElem is missing ConvexMesh
[2026.03.23-08.50.54:921][406]LogPhysics: Warning: ForeachShape(Convex): ScaledElem[0] invalid
[2026.03.23-08.50.54:922][406]LogActorFactory: Actor Factory created house_Labels_005
[2026.03.23-08.50.54:922][406]LogPhysics: Warning: PopulatePhysXGeometryAndTransform(Convex): ConvexElem is missing ConvexMesh
[2026.03.23-08.50.54:922][406]LogPhysics: Warning: ForeachShape(Convex): ScaledElem[0] invalid
[2026.03.23-08.50.54:922][406]LogPhysics: Warning: PopulatePhysXGeometryAndTransform(Convex): ConvexElem is missing ConvexMesh
[2026.03.23-08.50.54:922][406]LogPhysics: Warning: ForeachShape(Convex): ScaledElem[0] invalid
[2026.03.23-08.50.54:935][406]LogPhysics: Warning: PopulatePhysXGeometryAndTransform(Convex): ConvexElem is missing ConvexMesh
[2026.03.23-08.50.54:935][406]LogPhysics: Warning: ForeachShape(Convex): ScaledElem[0] invalid
[2026.03.23-08.50.54:936][406]LogActorFactory: Actor Factory created house_Labels_006
[2026.03.23-08.50.54:936][406]LogPhysics: Warning: PopulatePhysXGeometryAndTransform(Convex): ConvexElem is missing ConvexMesh
[2026.03.23-08.50.54:936][406]LogPhysics: Warning: ForeachShape(Convex): ScaledElem[0] invalid
[2026.03.23-08.50.54:936][406]LogPhysics: Warning: PopulatePhysXGeometryAndTransform(Convex): ConvexElem is missing ConvexMesh
[2026.03.23-08.50.54:936][406]LogPhysics: Warning: ForeachShape(Convex): ScaledElem[0] invalid
[2026.03.23-08.50.54:948][406]LogPhysics: Warning: PopulatePhysXGeometryAndTransform(Convex): ConvexElem is missing ConvexMesh
[2026.03.23-08.50.54:948][406]LogPhysics: Warning: ForeachShape(Convex): ScaledElem[0] invalid
[2026.03.23-08.50.54:948][406]LogActorFactory: Actor Factory created house_Labels_007
[2026.03.23-08.50.54:948][406]LogPhysics: Warning: PopulatePhysXGeometryAndTransform(Convex): ConvexElem is missing ConvexMesh
[2026.03.23-08.50.54:949][406]LogPhysics: Warning: ForeachShape(Convex): ScaledElem[0] invalid
[2026.03.23-08.50.54:949][406]LogPhysics: Warning: PopulatePhysXGeometryAndTransform(Convex): ConvexElem is missing ConvexMesh
[2026.03.23-08.50.54:949][406]LogPhysics: Warning: ForeachShape(Convex): ScaledElem[0] invalid
[2026.03.23-08.50.54:962][406]LogPhysics: Warning: PopulatePhysXGeometryAndTransform(Convex): ConvexElem is missing ConvexMesh
[2026.03.23-08.50.54:962][406]LogPhysics: Warning: ForeachShape(Convex): ScaledElem[0] invalid
[2026.03.23-08.50.54:963][406]LogActorFactory: Actor Factory created house_Labels_008
[2026.03.23-08.50.54:963][406]LogPhysics: Warning: PopulatePhysXGeometryAndTransform(Convex): ConvexElem is missing ConvexMesh
[2026.03.23-08.50.54:963][406]LogPhysics: Warning: ForeachShape(Convex): ScaledElem[0] invalid
[2026.03.23-08.50.54:963][406]LogPhysics: Warning: PopulatePhysXGeometryAndTransform(Convex): ConvexElem is missing ConvexMesh
[2026.03.23-08.50.54:963][406]LogPhysics: Warning: ForeachShape(Convex): ScaledElem[0] invalid
[2026.03.23-08.50.54:976][406]LogPhysics: Warning: PopulatePhysXGeometryAndTransform(Convex): ConvexElem is missing ConvexMesh
[2026.03.23-08.50.54:976][406]LogPhysics: Warning: ForeachShape(Convex): ScaledElem[0] invalid
[2026.03.23-08.50.54:977][406]LogActorFactory: Actor Factory created house_Labels_009
[2026.03.23-08.50.54:993][406]LogActorFactory: Actor Factory created house_Labels_010
[2026.03.23-08.50.54:993][406]LogPhysics: Warning: PopulatePhysXGeometryAndTransform(Convex): ConvexElem is missing ConvexMesh
[2026.03.23-08.50.54:993][406]LogPhysics: Warning: ForeachShape(Convex): ScaledElem[0] invalid
[2026.03.23-08.50.54:993][406]LogPhysics: Warning: PopulatePhysXGeometryAndTransform(Convex): ConvexElem is missing ConvexMesh
[2026.03.23-08.50.54:994][406]LogPhysics: Warning: ForeachShape(Convex): ScaledElem[0] invalid
[2026.03.23-08.50.55:006][406]LogPhysics: Warning: PopulatePhysXGeometryAndTransform(Convex): ConvexElem is missing ConvexMesh
[2026.03.23-08.50.55:006][406]LogPhysics: Warning: ForeachShape(Convex): ScaledElem[0] invalid
[2026.03.23-08.50.55:007][406]LogActorFactory: Actor Factory created house_Labels_011
[2026.03.23-08.50.55:007][406]LogPhysics: Warning: PopulatePhysXGeometryAndTransform(Convex): ConvexElem is missing ConvexMesh
[2026.03.23-08.50.55:007][406]LogPhysics: Warning: ForeachShape(Convex): ScaledElem[0] invalid
[2026.03.23-08.50.55:007][406]LogPhysics: Warning: PopulatePhysXGeometryAndTransform(Convex): ConvexElem is missing ConvexMesh
[2026.03.23-08.50.55:007][406]LogPhysics: Warning: ForeachShape(Convex): ScaledElem[0] invalid
[2026.03.23-08.50.55:019][406]LogPhysics: Warning: PopulatePhysXGeometryAndTransform(Convex): ConvexElem is missing ConvexMesh
[2026.03.23-08.50.55:019][406]LogPhysics: Warning: ForeachShape(Convex): ScaledElem[0] invalid
[2026.03.23-08.50.55:019][406]LogActorFactory: Actor Factory created house_Labels_012
[2026.03.23-08.50.55:020][406]LogPhysics: Warning: PopulatePhysXGeometryAndTransform(Convex): ConvexElem is missing ConvexMesh
[2026.03.23-08.50.55:020][406]LogPhysics: Warning: ForeachShape(Convex): ScaledElem[0] invalid
[2026.03.23-08.50.55:020][406]LogPhysics: Warning: PopulatePhysXGeometryAndTransform(Convex): ConvexElem is missing ConvexMesh
[2026.03.23-08.50.55:020][406]LogPhysics: Warning: ForeachShape(Convex): ScaledElem[0] invalid
[2026.03.23-08.50.55:032][406]LogPhysics: Warning: PopulatePhysXGeometryAndTransform(Convex): ConvexElem is missing ConvexMesh
[2026.03.23-08.50.55:032][406]LogPhysics: Warning: ForeachShape(Convex): ScaledElem[0] invalid
[2026.03.23-08.50.55:032][406]LogActorFactory: Actor Factory created house_Lanyard_Loop
[2026.03.23-08.50.55:046][406]LogActorFactory: Actor Factory created house_LCD
[2026.03.23-08.50.55:060][406]LogActorFactory: Actor Factory created house_leather
[2026.03.23-08.50.55:076][406]LogActorFactory: Actor Factory created house_legs
[2026.03.23-08.50.55:089][406]LogActorFactory: Actor Factory created house_Lens_Body
[2026.03.23-08.50.55:101][406]LogActorFactory: Actor Factory created house_Lens_Button
[2026.03.23-08.50.55:112][406]LogActorFactory: Actor Factory created house_Lens_Button_001
[2026.03.23-08.50.55:122][406]LogActorFactory: Actor Factory created house_Lens_Button_holder
[2026.03.23-08.50.55:133][406]LogActorFactory: Actor Factory created house_Lens_Connector
[2026.03.23-08.50.55:143][406]LogActorFactory: Actor Factory created house_Lens_Glass
[2026.03.23-08.50.55:153][406]LogActorFactory: Actor Factory created house_Lens_Glass_001
[2026.03.23-08.50.55:162][406]LogActorFactory: Actor Factory created house_Lens_Gless
[2026.03.23-08.50.55:171][406]LogActorFactory: Actor Factory created house_Lens_Internal
[2026.03.23-08.50.55:181][406]LogActorFactory: Actor Factory created house_Lens_Internal_001
[2026.03.23-08.50.55:191][406]LogActorFactory: Actor Factory created house_Lens_Labels
[2026.03.23-08.50.55:201][406]LogActorFactory: Actor Factory created house_Lens_Mount
[2026.03.23-08.50.55:211][406]LogActorFactory: Actor Factory created house_Lens_text
[2026.03.23-08.50.55:221][406]LogActorFactory: Actor Factory created house_Med_Box
[2026.03.23-08.50.55:230][406]LogActorFactory: Actor Factory created house_mirror_001
[2026.03.23-08.50.55:241][406]LogActorFactory: Actor Factory created house_Modern_Rug_003
[2026.03.23-08.50.55:252][406]LogActorFactory: Actor Factory created house_Panel
[2026.03.23-08.50.55:261][406]LogActorFactory: Actor Factory created house_Pillbottle_001
[2026.03.23-08.50.55:271][406]LogActorFactory: Actor Factory created house_Plane_002
[2026.03.23-08.50.55:282][406]LogActorFactory: Actor Factory created house_Plane_003
[2026.03.23-08.50.55:294][406]LogActorFactory: Actor Factory created house_Plane_004
[2026.03.23-08.50.55:304][406]LogActorFactory: Actor Factory created house_Plane_005
[2026.03.23-08.50.55:315][406]LogActorFactory: Actor Factory created house_Plane_006
[2026.03.23-08.50.55:325][406]LogActorFactory: Actor Factory created house_Plane_007
[2026.03.23-08.50.55:336][406]LogActorFactory: Actor Factory created house_Plane_008
[2026.03.23-08.50.55:348][406]LogActorFactory: Actor Factory created house_Plane_078
[2026.03.23-08.50.55:362][406]LogActorFactory: Actor Factory created house_Ports
[2026.03.23-08.50.55:373][406]LogActorFactory: Actor Factory created house_Ring
[2026.03.23-08.50.55:382][406]LogActorFactory: Actor Factory created house_Ring_001
[2026.03.23-08.50.55:393][406]LogActorFactory: Actor Factory created house_Ring_002
[2026.03.23-08.50.55:406][406]LogActorFactory: Actor Factory created house_Screen
[2026.03.23-08.50.55:418][406]LogActorFactory: Actor Factory created house_Scroll
[2026.03.23-08.50.55:428][406]LogActorFactory: Actor Factory created house_Scroll_001
[2026.03.23-08.50.55:439][406]LogActorFactory: Actor Factory created house_Security_camera_002
[2026.03.23-08.50.55:450][406]LogActorFactory: Actor Factory created house_Security_camera_004
[2026.03.23-08.50.55:462][406]LogActorFactory: Actor Factory created house_Security_camera_006
[2026.03.23-08.50.55:472][406]LogActorFactory: Actor Factory created house_Security_camera_008
[2026.03.23-08.50.55:483][406]LogActorFactory: Actor Factory created house_Selector
[2026.03.23-08.50.55:496][406]LogActorFactory: Actor Factory created house_Sensor
[2026.03.23-08.50.55:508][406]LogActorFactory: Actor Factory created house_shelf1
[2026.03.23-08.50.55:517][406]LogActorFactory: Actor Factory created house_shelf2
[2026.03.23-08.50.55:528][406]LogActorFactory: Actor Factory created house_shelf3
[2026.03.23-08.50.55:540][406]LogActorFactory: Actor Factory created house_shelf4
[2026.03.23-08.50.55:556][406]LogActorFactory: Actor Factory created house_shelf5
[2026.03.23-08.50.55:571][406]LogActorFactory: Actor Factory created house_shelf6
[2026.03.23-08.50.55:585][406]LogActorFactory: Actor Factory created house_shelf7
[2026.03.23-08.50.55:599][406]LogActorFactory: Actor Factory created house_Short_Table
[2026.03.23-08.50.55:615][406]LogActorFactory: Actor Factory created house_Sink_001
[2026.03.23-08.50.55:631][406]LogActorFactory: Actor Factory created house_sinktap_001
[2026.03.23-08.50.55:644][406]LogActorFactory: Actor Factory created house_Sono_Salmon_Rug_by_The_Rug_Company_021
[2026.03.23-08.50.55:662][406]LogActorFactory: Actor Factory created house_Sono_Salmon_Rug_by_The_Rug_Company_022
[2026.03.23-08.50.55:676][406]LogActorFactory: Actor Factory created house_Sono_Salmon_Rug_by_The_Rug_Company_023
[2026.03.23-08.50.55:691][406]LogActorFactory: Actor Factory created house_Sono_Salmon_Rug_by_The_Rug_Company_024
[2026.03.23-08.50.55:706][406]LogActorFactory: Actor Factory created house_Sono_Salmon_Rug_by_The_Rug_Company_025
[2026.03.23-08.50.55:719][406]LogActorFactory: Actor Factory created house_Sono_Salmon_Rug_by_The_Rug_Company_026
[2026.03.23-08.50.55:732][406]LogActorFactory: Actor Factory created house_Sono_Salmon_Rug_by_The_Rug_Company_027
[2026.03.23-08.50.55:746][406]LogActorFactory: Actor Factory created house_Stairs
[2026.03.23-08.50.55:761][406]LogActorFactory: Actor Factory created house_top_sink_001
[2026.03.23-08.50.55:772][406]LogActorFactory: Actor Factory created house_TV_001
[2026.03.23-08.50.55:783][406]LogActorFactory: Actor Factory created house_TV_Table
[2026.03.23-08.50.55:795][406]LogActorFactory: Actor Factory created house_Visor
[2026.03.23-08.50.55:809][406]LogActorFactory: Actor Factory created house_Visor_Lens
[2026.03.23-08.50.55:824][406]LogActorFactory: Actor Factory created house_Wall_1
[2026.03.23-08.50.55:838][406]LogActorFactory: Actor Factory created house_wall1
[2026.03.23-08.50.55:848][406]LogActorFactory: Actor Factory created house_wall2
[2026.03.23-08.50.55:858][406]LogActorFactory: Actor Factory created house_wall3
[2026.03.23-08.50.55:868][406]LogActorFactory: Actor Factory created house_wall4
[2026.03.23-08.50.55:878][406]LogActorFactory: Actor Factory created house_wall5
[2026.03.23-08.50.55:887][406]LogActorFactory: Actor Factory created house_Wander_Rug_004
[2026.03.23-08.50.55:897][406]LogActorFactory: Actor Factory created house_Window_L_001
[2026.03.23-08.50.55:907][406]LogActorFactory: Actor Factory created house_Window_L_003
[2026.03.23-08.50.55:917][406]LogActorFactory: Actor Factory created house_Window_L_004
[2026.03.23-08.50.55:931][406]LogActorFactory: Actor Factory created house_Window_L_005
[2026.03.23-08.50.55:944][406]LogActorFactory: Actor Factory created house_Window_R_001
[2026.03.23-08.50.55:956][406]LogActorFactory: Actor Factory created house_Window_R_003
[2026.03.23-08.50.55:966][406]LogActorFactory: Actor Factory created house_WindowFrame_001
[2026.03.23-08.50.55:979][406]LogActorFactory: Actor Factory created house_WindowFrame_003
[2026.03.23-08.50.55:990][406]LogActorFactory: Actor Factory created house_WindowFrame_004
[2026.03.23-08.50.56:001][406]LogActorFactory: Actor Factory created house_WindowFrame_005
[2026.03.23-08.50.56:011][406]LogActorFactory: Actor Factory created house_Windows_Sill_001
[2026.03.23-08.50.56:023][406]LogActorFactory: Actor Factory created house_wood-1
[2026.03.23-08.50.56:034][406]LogActorFactory: Actor Factory created house_wood-2
[2026.03.23-08.50.56:045][406]LogActorFactory: Actor Factory created house_wood-3
[2026.03.23-08.50.56:056][406]LogActorFactory: Actor Factory created house_wood-4
[2026.03.23-08.50.56:066][406]LogActorFactory: Actor Factory created house_wood-5
[2026.03.23-08.50.56:077][406]LogActorFactory: Actor Factory created house_wood-6
[2026.03.23-08.50.56:088][406]LogActorFactory: Actor Factory created house_Wooden_Bookshelves_Four_Layers
[2026.03.23-08.50.56:101][406]LogActorFactory: Actor Factory created house_Wooden_Bookshelves_Four_Layers_001
[2026.03.23-08.50.59:689][406]LogShaderCompilers: Display: Worker (2/17): shaders left to compile 216
[2026.03.23-08.50.59:690][406]LogShaderCompilers: Display: Started 10 'Local' shader compile jobs with 'ForceLocal' priority
[2026.03.23-08.50.59:690][406]LogShaderCompilers: Display: Worker (5/17): shaders left to compile 206
[2026.03.23-08.50.59:690][406]LogShaderCompilers: Display: Started 10 'Local' shader compile jobs with 'ForceLocal' priority
[2026.03.23-08.50.59:690][406]LogShaderCompilers: Display: Worker (7/17): shaders left to compile 196
[2026.03.23-08.50.59:690][406]LogShaderCompilers: Display: Started 10 'Local' shader compile jobs with 'ForceLocal' priority
[2026.03.23-08.51.01:067][406]LogShaderCompilers: Display: Worker (4/17): shaders left to compile 186
[2026.03.23-08.51.01:067][406]LogShaderCompilers: Display: Started 10 'Local' shader compile jobs with 'ForceLocal' priority
[2026.03.23-08.51.01:067][406]LogShaderCompilers: Display: Worker (11/17): shaders left to compile 176
[2026.03.23-08.51.01:067][406]LogShaderCompilers: Display: Started 10 'Local' shader compile jobs with 'ForceLocal' priority
[2026.03.23-08.51.01:067][406]LogShaderCompilers: Display: Worker (3/17): shaders left to compile 166
[2026.03.23-08.51.01:067][406]LogShaderCompilers: Display: Started 10 'Local' shader compile jobs with 'ForceLocal' priority
[2026.03.23-08.51.01:067][406]LogShaderCompilers: Display: Worker (1/17): shaders left to compile 156
[2026.03.23-08.51.01:067][406]LogShaderCompilers: Display: Started 10 'Local' shader compile jobs with 'ForceLocal' priority
[2026.03.23-08.51.01:067][406]LogMaterial: Display: Material /Game/House_Models/Wooden_Bookshelves_Four_Layers.Wooden_Bookshelves_Four_Layers needed to have new flag set bUsedWithStaticLighting !
[2026.03.23-08.51.01:068][406]LogMaterial: Display: Missing cached shadermap for Wooden_Bookshelves_Four_Layers in PCD3D_SM5, Default, SM5 (DDC key hash: 9AEC2B7812A53CE6D5AB58DEDBCE4ED37E0C3A64), compiling. 
[2026.03.23-08.51.01:089][406]LogShaderCompilers: Display: Submitted 21 shader compile jobs with 'Low' priority
[2026.03.23-08.51.01:228][408]LogShaderCompilers: Display: Worker (6/17): shaders left to compile 148
[2026.03.23-08.51.01:228][408]LogShaderCompilers: Display: Started 10 'Local' shader compile jobs with 'ForceLocal' priority
[2026.03.23-08.51.06:136][639]LogShaderCompilers: Display: Worker (8/17): shaders left to compile 138
[2026.03.23-08.51.06:136][639]LogShaderCompilers: Display: Started 9 'Local' shader compile jobs with 'ForceLocal' priority
[2026.03.23-08.51.07:686][721]LogEditorViewport: Clicking on Actor (LMB): StaticMeshActor (house_Hallandale_Sofa_001)
[2026.03.23-08.51.07:710][721]LogEditorViewport: Clicking on Component (LMB): StaticMeshComponent (StaticMeshComponent0)
[2026.03.23-08.51.08:868][791]LogShaderCompilers: Display: Worker (9/17): shaders left to compile 129
[2026.03.23-08.51.08:868][791]LogShaderCompilers: Display: Started 9 'Local' shader compile jobs with 'ForceLocal' priority
[2026.03.23-08.51.09:701][837]LogShaderCompilers: Display: Worker (2/17): shaders left to compile 120
[2026.03.23-08.51.09:701][837]LogShaderCompilers: Display: Started 8 'Local' shader compile jobs with 'ForceLocal' priority
[2026.03.23-08.51.09:755][839]LogShaderCompilers: Display: Worker (5/17): shaders left to compile 112
[2026.03.23-08.51.09:755][839]LogShaderCompilers: Display: Started 8 'Local' shader compile jobs with 'ForceLocal' priority
[2026.03.23-08.51.09:904][849]LogShaderCompilers: Display: Worker (7/17): shaders left to compile 104
[2026.03.23-08.51.09:904][849]LogShaderCompilers: Display: Started 7 'Local' shader compile jobs with 'ForceLocal' priority
[2026.03.23-08.51.10:008][855]LogShaderCompilers: Display: Worker (3/17): shaders left to compile 97
[2026.03.23-08.51.10:008][855]LogShaderCompilers: Display: Started 7 'Local' shader compile jobs with 'ForceLocal' priority
[2026.03.23-08.51.10:125][863]LogShaderCompilers: Display: Worker (16/17): shaders left to compile 90
[2026.03.23-08.51.10:125][863]LogShaderCompilers: Display: Started 6 'Local' shader compile jobs with 'ForceLocal' priority
[2026.03.23-08.51.10:156][865]LogShaderCompilers: Display: Worker (4/17): shaders left to compile 84
[2026.03.23-08.51.10:157][865]LogShaderCompilers: Display: Started 6 'Local' shader compile jobs with 'ForceLocal' priority
[2026.03.23-08.51.10:203][867]LogShaderCompilers: Display: Worker (12/17): shaders left to compile 78
[2026.03.23-08.51.10:203][867]LogShaderCompilers: Display: Started 5 'Local' shader compile jobs with 'ForceLocal' priority
[2026.03.23-08.51.11:775][962]LogShaderCompilers: Display: Worker (11/17): shaders left to compile 73
[2026.03.23-08.51.11:775][962]LogShaderCompilers: Display: Started 5 'Local' shader compile jobs with 'ForceLocal' priority
[2026.03.23-08.51.11:958][973]LogShaderCompilers: Display: Worker (14/17): shaders left to compile 68
[2026.03.23-08.51.11:959][973]LogShaderCompilers: Display: Started 5 'Local' shader compile jobs with 'ForceLocal' priority
[2026.03.23-08.51.11:962][973]LogShaderCompilers: Display: Worker (1/17): shaders left to compile 63
[2026.03.23-08.51.11:962][973]LogShaderCompilers: Display: Started 4 'Local' shader compile jobs with 'ForceLocal' priority
[2026.03.23-08.51.13:162][ 34]LogShaderCompilers: Display: Worker (6/17): shaders left to compile 59
[2026.03.23-08.51.13:162][ 34]LogShaderCompilers: Display: Started 4 'Local' shader compile jobs with 'ForceLocal' priority
[2026.03.23-08.51.16:285][237]LogShaderCompilers: Display: Worker (13/17): shaders left to compile 55
[2026.03.23-08.51.16:285][237]LogShaderCompilers: Display: Started 4 'Local' shader compile jobs with 'ForceLocal' priority
[2026.03.23-08.51.16:938][285]LogEditorViewport: Clicking on Actor (LMB): StaticMeshActor (house_Counter_Table)
[2026.03.23-08.51.18:684][408]LogShaderCompilers: Display: Worker (1/17): shaders left to compile 51
[2026.03.23-08.51.18:684][408]LogShaderCompilers: Display: Started 4 'Local' shader compile jobs with 'ForceLocal' priority
[2026.03.23-08.51.19:075][436]LogShaderCompilers: Display: Worker (12/17): shaders left to compile 47
[2026.03.23-08.51.19:075][436]LogShaderCompilers: Display: Started 3 'Local' shader compile jobs with 'ForceLocal' priority
[2026.03.23-08.51.19:864][487]LogShaderCompilers: Display: Worker (6/17): shaders left to compile 44
[2026.03.23-08.51.19:864][487]LogShaderCompilers: Display: Started 3 'Local' shader compile jobs with 'ForceLocal' priority
[2026.03.23-08.51.20:122][502]LogShaderCompilers: Display: Worker (11/17): shaders left to compile 41
[2026.03.23-08.51.20:122][502]LogShaderCompilers: Display: Started 3 'Local' shader compile jobs with 'ForceLocal' priority
[2026.03.23-08.51.20:285][513]LogShaderCompilers: Display: Worker (16/17): shaders left to compile 38
[2026.03.23-08.51.20:285][513]LogShaderCompilers: Display: Started 3 'Local' shader compile jobs with 'ForceLocal' priority
[2026.03.23-08.51.20:401][520]LogShaderCompilers: Display: Worker (4/17): shaders left to compile 35
[2026.03.23-08.51.20:401][520]LogShaderCompilers: Display: Started 3 'Local' shader compile jobs with 'ForceLocal' priority
[2026.03.23-08.51.20:458][523]LogShaderCompilers: Display: Worker (8/17): shaders left to compile 32
[2026.03.23-08.51.20:458][523]LogShaderCompilers: Display: Started 3 'Local' shader compile jobs with 'ForceLocal' priority
[2026.03.23-08.51.20:704][538]LogShaderCompilers: Display: Worker (14/17): shaders left to compile 29
[2026.03.23-08.51.20:704][538]LogShaderCompilers: Display: Started 2 'Local' shader compile jobs with 'ForceLocal' priority
[2026.03.23-08.51.21:656][597]LogShaderCompilers: Display: Worker (3/17): shaders left to compile 27
[2026.03.23-08.51.21:656][597]LogShaderCompilers: Display: Started 2 'Local' shader compile jobs with 'ForceLocal' priority
[2026.03.23-08.51.22:354][647]LogShaderCompilers: Display: Worker (7/17): shaders left to compile 25
[2026.03.23-08.51.22:354][647]LogShaderCompilers: Display: Started 2 'Local' shader compile jobs with 'ForceLocal' priority
[2026.03.23-08.51.22:575][663]LogShaderCompilers: Display: Worker (2/17): shaders left to compile 23
[2026.03.23-08.51.22:576][663]LogShaderCompilers: Display: Started 2 'Local' shader compile jobs with 'ForceLocal' priority
[2026.03.23-08.51.23:104][696]LogShaderCompilers: Display: Worker (13/17): shaders left to compile 21
[2026.03.23-08.51.23:104][696]LogShaderCompilers: Display: Started 2 'Local' shader compile jobs with 'ForceLocal' priority
[2026.03.23-08.51.23:604][732]LogShaderCompilers: Display: Worker (9/17): shaders left to compile 19
[2026.03.23-08.51.23:604][732]LogShaderCompilers: Display: Started 2 'Local' shader compile jobs with 'ForceLocal' priority
[2026.03.23-08.51.23:688][738]LogShaderCompilers: Display: Worker (5/17): shaders left to compile 17
[2026.03.23-08.51.23:689][738]LogShaderCompilers: Display: Started 2 'Local' shader compile jobs with 'ForceLocal' priority
[2026.03.23-08.51.23:948][759]LogShaderCompilers: Display: Worker (12/17): shaders left to compile 15
[2026.03.23-08.51.23:948][759]LogShaderCompilers: Display: Started 1 'Local' shader compile jobs with 'ForceLocal' priority
[2026.03.23-08.51.24:255][780]LogShaderCompilers: Display: Worker (14/17): shaders left to compile 14
[2026.03.23-08.51.24:255][780]LogShaderCompilers: Display: Started 1 'Local' shader compile jobs with 'ForceLocal' priority
[2026.03.23-08.51.25:007][828]LogShaderCompilers: Display: Worker (11/17): shaders left to compile 13
[2026.03.23-08.51.25:007][828]LogShaderCompilers: Display: Started 1 'Local' shader compile jobs with 'ForceLocal' priority
[2026.03.23-08.51.25:211][842]LogShaderCompilers: Display: Worker (6/17): shaders left to compile 12
[2026.03.23-08.51.25:211][842]LogShaderCompilers: Display: Started 1 'Local' shader compile jobs with 'ForceLocal' priority
[2026.03.23-08.51.25:236][843]LogShaderCompilers: Display: Worker (3/17): shaders left to compile 11
[2026.03.23-08.51.25:236][843]LogShaderCompilers: Display: Started 1 'Local' shader compile jobs with 'ForceLocal' priority
[2026.03.23-08.51.25:325][850]LogShaderCompilers: Display: Worker (4/17): shaders left to compile 10
[2026.03.23-08.51.25:325][850]LogShaderCompilers: Display: Started 1 'Local' shader compile jobs with 'ForceLocal' priority
[2026.03.23-08.51.25:383][855]LogShaderCompilers: Display: Worker (12/17): shaders left to compile 9
[2026.03.23-08.51.25:383][855]LogShaderCompilers: Display: Started 1 'Local' shader compile jobs with 'ForceLocal' priority
[2026.03.23-08.51.25:637][876]LogShaderCompilers: Display: Worker (1/17): shaders left to compile 8
[2026.03.23-08.51.25:637][876]LogShaderCompilers: Display: Started 1 'Local' shader compile jobs with 'ForceLocal' priority
[2026.03.23-08.51.25:782][886]LogShaderCompilers: Display: Worker (7/17): shaders left to compile 7
[2026.03.23-08.51.25:782][886]LogShaderCompilers: Display: Started 1 'Local' shader compile jobs with 'ForceLocal' priority
[2026.03.23-08.51.25:847][889]LogShaderCompilers: Display: Worker (2/17): shaders left to compile 6
[2026.03.23-08.51.25:847][889]LogShaderCompilers: Display: Worker (8/17): shaders left to compile 5
[2026.03.23-08.51.25:847][889]LogShaderCompilers: Display: Worker (16/17): shaders left to compile 4
[2026.03.23-08.51.25:847][889]LogShaderCompilers: Display: Started 3 'Local' shader compile jobs with 'ForceLocal' priority
[2026.03.23-08.51.26:098][907]LogShaderCompilers: Display: Worker (13/17): shaders left to compile 3
[2026.03.23-08.51.26:098][907]LogShaderCompilers: Display: Started 1 'Local' shader compile jobs with 'ForceLocal' priority
[2026.03.23-08.51.26:178][912]LogShaderCompilers: Display: Worker (14/17): shaders left to compile 2
[2026.03.23-08.51.26:178][912]LogShaderCompilers: Display: Started 1 'Local' shader compile jobs with 'ForceLocal' priority
[2026.03.23-08.51.26:521][934]LogShaderCompilers: Display: Worker (11/17): shaders left to compile 1
[2026.03.23-08.51.26:521][934]LogShaderCompilers: Display: Started 1 'Local' shader compile jobs with 'ForceLocal' priority
[2026.03.23-08.51.26:739][949]LogShaderCompilers: Display: Worker (3/17): shaders left to compile 1519
[2026.03.23-08.51.26:739][949]LogShaderCompilers: Display: Started 10 'Local' shader compile jobs with 'Normal' priority
[2026.03.23-08.51.26:843][956]LogShaderCompilers: Display: Worker (12/17): shaders left to compile 1509
[2026.03.23-08.51.26:843][956]LogShaderCompilers: Display: Started 10 'Local' shader compile jobs with 'Normal' priority
[2026.03.23-08.51.27:008][968]LogShaderCompilers: Display: Worker (5/17): shaders left to compile 1499
[2026.03.23-08.51.27:008][968]LogShaderCompilers: Display: Worker (9/17): shaders left to compile 1489
[2026.03.23-08.51.27:008][968]LogShaderCompilers: Display: Started 20 'Local' shader compile jobs with 'Normal' priority
[2026.03.23-08.51.27:101][974]LogShaderCompilers: Display: Worker (6/17): shaders left to compile 1479
[2026.03.23-08.51.27:102][974]LogShaderCompilers: Display: Started 10 'Local' shader compile jobs with 'Normal' priority
[2026.03.23-08.51.27:223][981]LogShaderCompilers: Display: Worker (4/17): shaders left to compile 1469
[2026.03.23-08.51.27:223][981]LogShaderCompilers: Display: Started 10 'Local' shader compile jobs with 'Normal' priority
[2026.03.23-08.51.27:223][981]LogShaderCompilers: Display: Worker (7/17): shaders left to compile 1459
[2026.03.23-08.51.27:223][981]LogShaderCompilers: Display: Started 10 'Local' shader compile jobs with 'Normal' priority
[2026.03.23-08.51.27:256][983]LogShaderCompilers: Display: Worker (8/17): shaders left to compile 1449
[2026.03.23-08.51.27:256][983]LogShaderCompilers: Display: Started 10 'Local' shader compile jobs with 'Normal' priority
[2026.03.23-08.51.27:402][994]LogShaderCompilers: Display: Worker (1/17): shaders left to compile 1439
[2026.03.23-08.51.27:403][994]LogShaderCompilers: Display: Started 10 'Local' shader compile jobs with 'Normal' priority
[2026.03.23-08.51.27:592][  6]LogShaderCompilers: Display: Worker (2/17): shaders left to compile 1429
[2026.03.23-08.51.27:592][  6]LogShaderCompilers: Display: Started 10 'Local' shader compile jobs with 'Normal' priority
[2026.03.23-08.51.27:653][  9]LogShaderCompilers: Display: Worker (13/17): shaders left to compile 1419
[2026.03.23-08.51.27:653][  9]LogShaderCompilers: Display: Worker (16/17): shaders left to compile 1409
[2026.03.23-08.51.27:653][  9]LogShaderCompilers: Display: Started 20 'Local' shader compile jobs with 'Normal' priority
[2026.03.23-08.51.27:935][ 27]LogShaderCompilers: Display: Worker (11/17): shaders left to compile 1399
[2026.03.23-08.51.27:935][ 27]LogShaderCompilers: Display: Started 10 'Local' shader compile jobs with 'Normal' priority
[2026.03.23-08.51.28:103][ 38]LogShaderCompilers: Display: Worker (14/17): shaders left to compile 1389
[2026.03.23-08.51.28:103][ 38]LogShaderCompilers: Display: Started 10 'Local' shader compile jobs with 'Normal' priority
[2026.03.23-08.51.36:295][629]LogShaderCompilers: Display: Worker (15/17): shaders left to compile 1379
[2026.03.23-08.51.36:295][629]LogShaderCompilers: Display: Started 10 'Local' shader compile jobs with 'Normal' priority
[2026.03.23-08.51.38:422][784]LogShaderCompilers: Display: Worker (10/17): shaders left to compile 1369
[2026.03.23-08.51.38:422][784]LogShaderCompilers: Display: Started 10 'Local' shader compile jobs with 'Normal' priority
[2026.03.23-08.51.42:517][ 76]LogShaderCompilers: Display: Worker (7/17): shaders left to compile 1359
[2026.03.23-08.51.42:517][ 76]LogShaderCompilers: Display: Started 10 'Local' shader compile jobs with 'Normal' priority
[2026.03.23-08.51.43:149][115]LogShaderCompilers: Display: Worker (6/17): shaders left to compile 1349
[2026.03.23-08.51.43:149][115]LogShaderCompilers: Display: Started 10 'Local' shader compile jobs with 'Normal' priority
[2026.03.23-08.51.43:254][121]LogShaderCompilers: Display: Worker (5/17): shaders left to compile 1339
[2026.03.23-08.51.43:254][121]LogShaderCompilers: Display: Started 10 'Local' shader compile jobs with 'Normal' priority
[2026.03.23-08.51.43:467][136]LogShaderCompilers: Display: Worker (11/17): shaders left to compile 1329
[2026.03.23-08.51.43:468][136]LogShaderCompilers: Display: Started 10 'Local' shader compile jobs with 'Normal' priority
[2026.03.23-08.51.43:821][160]LogShaderCompilers: Display: Worker (9/17): shaders left to compile 1319
[2026.03.23-08.51.43:821][160]LogShaderCompilers: Display: Started 10 'Local' shader compile jobs with 'Normal' priority
[2026.03.23-08.51.43:912][165]LogShaderCompilers: Display: Worker (1/17): shaders left to compile 1309
[2026.03.23-08.51.43:912][165]LogShaderCompilers: Display: Started 10 'Local' shader compile jobs with 'Normal' priority
[2026.03.23-08.51.43:968][168]LogShaderCompilers: Display: Worker (13/17): shaders left to compile 1299
[2026.03.23-08.51.43:968][168]LogShaderCompilers: Display: Started 10 'Local' shader compile jobs with 'Normal' priority
[2026.03.23-08.51.44:505][203]LogShaderCompilers: Display: Worker (2/17): shaders left to compile 1289
[2026.03.23-08.51.44:505][203]LogShaderCompilers: Display: Started 10 'Local' shader compile jobs with 'Normal' priority
[2026.03.23-08.51.44:538][204]LogShaderCompilers: Display: Worker (4/17): shaders left to compile 1279
[2026.03.23-08.51.44:538][204]LogShaderCompilers: Display: Started 10 'Local' shader compile jobs with 'Normal' priority
[2026.03.23-08.51.44:717][217]LogShaderCompilers: Display: Worker (3/17): shaders left to compile 1269
[2026.03.23-08.51.44:717][217]LogShaderCompilers: Display: Started 10 'Local' shader compile jobs with 'Normal' priority
[2026.03.23-08.51.44:846][226]LogShaderCompilers: Display: Worker (16/17): shaders left to compile 1259
[2026.03.23-08.51.44:846][226]LogShaderCompilers: Display: Started 10 'Local' shader compile jobs with 'Normal' priority
[2026.03.23-08.51.45:208][252]LogShaderCompilers: Display: Worker (12/17): shaders left to compile 1249
[2026.03.23-08.51.45:209][252]LogShaderCompilers: Display: Started 10 'Local' shader compile jobs with 'Normal' priority
[2026.03.23-08.51.45:322][259]LogShaderCompilers: Display: Worker (8/17): shaders left to compile 1239
[2026.03.23-08.51.45:322][259]LogShaderCompilers: Display: Started 10 'Local' shader compile jobs with 'Normal' priority
[2026.03.23-08.51.45:823][286]LogShaderCompilers: Display: Worker (14/17): shaders left to compile 1229
[2026.03.23-08.51.45:823][286]LogShaderCompilers: Display: Started 10 'Local' shader compile jobs with 'Normal' priority
[2026.03.23-08.51.53:405][825]LogShaderCompilers: Display: Worker (15/17): shaders left to compile 1219
[2026.03.23-08.51.53:405][825]LogShaderCompilers: Display: Started 10 'Local' shader compile jobs with 'Normal' priority
[2026.03.23-08.51.56:534][ 46]LogShaderCompilers: Display: Worker (10/17): shaders left to compile 1209
[2026.03.23-08.51.56:534][ 46]LogShaderCompilers: Display: Started 10 'Local' shader compile jobs with 'Normal' priority
[2026.03.23-08.51.59:565][240]LogShaderCompilers: Display: Worker (7/17): shaders left to compile 1199
[2026.03.23-08.51.59:565][240]LogShaderCompilers: Display: Started 10 'Local' shader compile jobs with 'Normal' priority
[2026.03.23-08.51.59:565][240]LogShaderCompilers: Display: Worker (5/17): shaders left to compile 1189
[2026.03.23-08.51.59:565][240]LogShaderCompilers: Display: Started 10 'Local' shader compile jobs with 'Normal' priority
[2026.03.23-08.52.00:746][315]LogShaderCompilers: Display: Worker (6/17): shaders left to compile 1179
[2026.03.23-08.52.00:746][315]LogShaderCompilers: Display: Started 10 'Local' shader compile jobs with 'Normal' priority
[2026.03.23-08.52.00:938][328]LogShaderCompilers: Display: Worker (13/17): shaders left to compile 1169
[2026.03.23-08.52.00:938][328]LogShaderCompilers: Display: Started 10 'Local' shader compile jobs with 'Normal' priority
[2026.03.23-08.52.01:119][340]LogShaderCompilers: Display: Worker (9/17): shaders left to compile 1159
[2026.03.23-08.52.01:119][340]LogShaderCompilers: Display: Started 10 'Local' shader compile jobs with 'Normal' priority
[2026.03.23-08.52.01:237][348]LogShaderCompilers: Display: Worker (4/17): shaders left to compile 1149
[2026.03.23-08.52.01:237][348]LogShaderCompilers: Display: Started 10 'Local' shader compile jobs with 'Normal' priority
[2026.03.23-08.52.01:791][389]LogShaderCompilers: Display: Worker (1/17): shaders left to compile 1139
[2026.03.23-08.52.01:791][389]LogShaderCompilers: Display: Started 10 'Local' shader compile jobs with 'Normal' priority
[2026.03.23-08.52.02:205][418]LogShaderCompilers: Display: Worker (11/17): shaders left to compile 1129
[2026.03.23-08.52.02:205][418]LogShaderCompilers: Display: Started 10 'Local' shader compile jobs with 'Normal' priority
[2026.03.23-08.52.02:407][430]LogShaderCompilers: Display: Worker (2/17): shaders left to compile 1119
[2026.03.23-08.52.02:407][430]LogShaderCompilers: Display: Worker (8/17): shaders left to compile 1109
[2026.03.23-08.52.02:407][430]LogShaderCompilers: Display: Started 20 'Local' shader compile jobs with 'Normal' priority
[2026.03.23-08.52.02:549][439]LogShaderCompilers: Display: Worker (16/17): shaders left to compile 1099
[2026.03.23-08.52.02:549][439]LogShaderCompilers: Display: Started 10 'Local' shader compile jobs with 'Normal' priority
[2026.03.23-08.52.02:888][463]LogShaderCompilers: Display: Worker (12/17): shaders left to compile 1089
[2026.03.23-08.52.02:888][463]LogShaderCompilers: Display: Started 10 'Local' shader compile jobs with 'Normal' priority
[2026.03.23-08.52.03:583][516]LogShaderCompilers: Display: Worker (3/17): shaders left to compile 1079
[2026.03.23-08.52.03:583][516]LogShaderCompilers: Display: Started 10 'Local' shader compile jobs with 'Normal' priority
[2026.03.23-08.52.03:719][525]LogShaderCompilers: Display: Worker (14/17): shaders left to compile 1069
[2026.03.23-08.52.03:719][525]LogShaderCompilers: Display: Started 10 'Local' shader compile jobs with 'Normal' priority
[2026.03.23-08.52.09:903][954]LogShaderCompilers: Display: Worker (15/17): shaders left to compile 1059
[2026.03.23-08.52.09:903][954]LogShaderCompilers: Display: Started 10 'Local' shader compile jobs with 'Normal' priority
[2026.03.23-08.52.15:215][343]LogShaderCompilers: Display: Worker (10/17): shaders left to compile 1049
[2026.03.23-08.52.15:215][343]LogShaderCompilers: Display: Started 10 'Local' shader compile jobs with 'Normal' priority
[2026.03.23-08.52.16:808][446]LogShaderCompilers: Display: Worker (7/17): shaders left to compile 1039
[2026.03.23-08.52.16:808][446]LogShaderCompilers: Display: Started 10 'Local' shader compile jobs with 'Normal' priority
[2026.03.23-08.52.17:586][498]LogShaderCompilers: Display: Worker (9/17): shaders left to compile 1029
[2026.03.23-08.52.17:587][498]LogShaderCompilers: Display: Started 10 'Local' shader compile jobs with 'Normal' priority
[2026.03.23-08.52.17:608][499]LogShaderCompilers: Display: Worker (5/17): shaders left to compile 1019
[2026.03.23-08.52.17:608][499]LogShaderCompilers: Display: Started 10 'Local' shader compile jobs with 'Normal' priority
[2026.03.23-08.52.18:110][540]LogShaderCompilers: Display: Worker (6/17): shaders left to compile 1009
[2026.03.23-08.52.18:110][540]LogShaderCompilers: Display: Started 10 'Local' shader compile jobs with 'Normal' priority
[2026.03.23-08.52.18:835][585]LogShaderCompilers: Display: Worker (13/17): shaders left to compile 999
[2026.03.23-08.52.18:835][585]LogShaderCompilers: Display: Started 10 'Local' shader compile jobs with 'Normal' priority
[2026.03.23-08.52.19:151][603]LogShaderCompilers: Display: Worker (1/17): shaders left to compile 989
[2026.03.23-08.52.19:151][603]LogShaderCompilers: Display: Started 10 'Local' shader compile jobs with 'Normal' priority
[2026.03.23-08.52.19:259][609]LogShaderCompilers: Display: Worker (16/17): shaders left to compile 979
[2026.03.23-08.52.19:259][609]LogShaderCompilers: Display: Started 10 'Local' shader compile jobs with 'Normal' priority
[2026.03.23-08.52.19:490][625]LogShaderCompilers: Display: Worker (2/17): shaders left to compile 969
[2026.03.23-08.52.19:491][625]LogShaderCompilers: Display: Started 10 'Local' shader compile jobs with 'Normal' priority
[2026.03.23-08.52.20:120][674]LogShaderCompilers: Display: Worker (11/17): shaders left to compile 959
[2026.03.23-08.52.20:120][674]LogShaderCompilers: Display: Started 10 'Local' shader compile jobs with 'Normal' priority
[2026.03.23-08.52.20:120][674]LogShaderCompilers: Display: Worker (4/17): shaders left to compile 949
[2026.03.23-08.52.20:120][674]LogShaderCompilers: Display: Started 10 'Local' shader compile jobs with 'Normal' priority
[2026.03.23-08.52.20:575][705]LogShaderCompilers: Display: Worker (8/17): shaders left to compile 939
[2026.03.23-08.52.20:575][705]LogShaderCompilers: Display: Started 10 'Local' shader compile jobs with 'Normal' priority
[2026.03.23-08.52.21:208][745]LogShaderCompilers: Display: Worker (3/17): shaders left to compile 929
[2026.03.23-08.52.21:208][745]LogShaderCompilers: Display: Started 10 'Local' shader compile jobs with 'Normal' priority
[2026.03.23-08.52.21:638][776]LogShaderCompilers: Display: Worker (14/17): shaders left to compile 919
[2026.03.23-08.52.21:638][776]LogShaderCompilers: Display: Started 10 'Local' shader compile jobs with 'Normal' priority
[2026.03.23-08.52.21:653][777]LogShaderCompilers: Display: Worker (12/17): shaders left to compile 909
[2026.03.23-08.52.21:654][777]LogShaderCompilers: Display: Started 10 'Local' shader compile jobs with 'Normal' priority
[2026.03.23-08.52.27:422][186]LogShaderCompilers: Display: Worker (15/17): shaders left to compile 899
[2026.03.23-08.52.27:422][186]LogShaderCompilers: Display: Started 10 'Local' shader compile jobs with 'Normal' priority
[2026.03.23-08.52.33:645][636]LogShaderCompilers: Display: Worker (7/17): shaders left to compile 889
[2026.03.23-08.52.33:645][636]LogShaderCompilers: Display: Started 10 'Local' shader compile jobs with 'Normal' priority
[2026.03.23-08.52.33:878][649]LogShaderCompilers: Display: Worker (10/17): shaders left to compile 879
[2026.03.23-08.52.33:878][649]LogShaderCompilers: Display: Started 10 'Local' shader compile jobs with 'Normal' priority
[2026.03.23-08.52.35:328][743]LogShaderCompilers: Display: Worker (5/17): shaders left to compile 869
[2026.03.23-08.52.35:328][743]LogShaderCompilers: Display: Started 10 'Local' shader compile jobs with 'Normal' priority
[2026.03.23-08.52.35:510][754]LogShaderCompilers: Display: Worker (16/17): shaders left to compile 859
[2026.03.23-08.52.35:510][754]LogShaderCompilers: Display: Started 10 'Local' shader compile jobs with 'Normal' priority
[2026.03.23-08.52.35:708][766]LogShaderCompilers: Display: Worker (13/17): shaders left to compile 849
[2026.03.23-08.52.35:708][766]LogShaderCompilers: Display: Started 10 'Local' shader compile jobs with 'Normal' priority
[2026.03.23-08.52.36:492][820]LogShaderCompilers: Display: Worker (6/17): shaders left to compile 839
[2026.03.23-08.52.36:493][820]LogShaderCompilers: Display: Worker (9/17): shaders left to compile 829
[2026.03.23-08.52.36:493][820]LogShaderCompilers: Display: Started 20 'Local' shader compile jobs with 'Normal' priority
[2026.03.23-08.52.37:516][901]LogShaderCompilers: Display: Worker (1/17): shaders left to compile 819
[2026.03.23-08.52.37:516][901]LogShaderCompilers: Display: Worker (11/17): shaders left to compile 809
[2026.03.23-08.52.37:516][901]LogShaderCompilers: Display: Started 20 'Local' shader compile jobs with 'Normal' priority
[2026.03.23-08.52.38:178][948]LogShaderCompilers: Display: Worker (8/17): shaders left to compile 799
[2026.03.23-08.52.38:178][948]LogShaderCompilers: Display: Started 10 'Local' shader compile jobs with 'Normal' priority
[2026.03.23-08.52.38:395][962]LogShaderCompilers: Display: Worker (4/17): shaders left to compile 789
[2026.03.23-08.52.38:395][962]LogShaderCompilers: Display: Started 10 'Local' shader compile jobs with 'Normal' priority
[2026.03.23-08.52.38:491][968]LogShaderCompilers: Display: Worker (14/17): shaders left to compile 779
[2026.03.23-08.52.38:491][968]LogShaderCompilers: Display: Started 10 'Local' shader compile jobs with 'Normal' priority
[2026.03.23-08.52.38:573][972]LogShaderCompilers: Display: Worker (2/17): shaders left to compile 769
[2026.03.23-08.52.38:573][972]LogShaderCompilers: Display: Started 10 'Local' shader compile jobs with 'Normal' priority
[2026.03.23-08.52.39:360][ 23]LogShaderCompilers: Display: Worker (3/17): shaders left to compile 759
[2026.03.23-08.52.39:360][ 23]LogShaderCompilers: Display: Started 10 'Local' shader compile jobs with 'Normal' priority
[2026.03.23-08.52.40:887][138]LogShaderCompilers: Display: Worker (12/17): shaders left to compile 749
[2026.03.23-08.52.40:887][138]LogShaderCompilers: Display: Started 10 'Local' shader compile jobs with 'Normal' priority
[2026.03.23-08.52.45:427][458]LogShaderCompilers: Display: Worker (15/17): shaders left to compile 739
[2026.03.23-08.52.45:427][458]LogShaderCompilers: Display: Started 10 'Local' shader compile jobs with 'Normal' priority
[2026.03.23-08.52.50:013][724]Cmd: TRANSACTION UNDO
[2026.03.23-08.52.50:016][724]LogEditorTransaction: Undo Clicking on Actors
[2026.03.23-08.52.50:809][746]Cmd: TRANSACTION UNDO
[2026.03.23-08.52.50:809][746]LogEditorTransaction: Undo Clicking on Components
[2026.03.23-08.52.50:880][746]LogShaderCompilers: Display: Worker (10/17): shaders left to compile 729
[2026.03.23-08.52.50:880][746]LogShaderCompilers: Display: Started 10 'Local' shader compile jobs with 'Normal' priority
[2026.03.23-08.52.51:447][773]Cmd: TRANSACTION UNDO
[2026.03.23-08.52.51:447][773]LogEditorTransaction: Undo Clicking on Actors
[2026.03.23-08.52.51:555][774]LogShaderCompilers: Display: Worker (7/17): shaders left to compile 719
[2026.03.23-08.52.51:555][774]LogShaderCompilers: Display: Started 10 'Local' shader compile jobs with 'Normal' priority
[2026.03.23-08.52.51:792][785]LogShaderCompilers: Display: Worker (16/17): shaders left to compile 709
[2026.03.23-08.52.51:792][785]LogShaderCompilers: Display: Started 10 'Local' shader compile jobs with 'Normal' priority
[2026.03.23-08.52.52:149][801]Cmd: TRANSACTION UNDO
[2026.03.23-08.52.52:149][801]LogEditorTransaction: Undo Create Actors
[2026.03.23-08.52.53:334][897]LogShaderCompilers: Display: Worker (5/17): shaders left to compile 699
[2026.03.23-08.52.53:334][897]LogShaderCompilers: Display: Started 10 'Local' shader compile jobs with 'Normal' priority
[2026.03.23-08.52.53:355][898]LogShaderCompilers: Display: Worker (6/17): shaders left to compile 689
[2026.03.23-08.52.53:355][898]LogShaderCompilers: Display: Started 10 'Local' shader compile jobs with 'Normal' priority
[2026.03.23-08.52.54:221][969]LogShaderCompilers: Display: Worker (1/17): shaders left to compile 679
[2026.03.23-08.52.54:222][969]LogShaderCompilers: Display: Worker (8/17): shaders left to compile 669
[2026.03.23-08.52.54:222][969]LogShaderCompilers: Display: Started 20 'Local' shader compile jobs with 'Normal' priority
[2026.03.23-08.52.54:748][ 13]LogShaderCompilers: Display: Worker (9/17): shaders left to compile 659
[2026.03.23-08.52.54:748][ 13]LogShaderCompilers: Display: Started 10 'Local' shader compile jobs with 'Normal' priority
[2026.03.23-08.52.54:857][ 21]LogShaderCompilers: Display: Worker (13/17): shaders left to compile 649
[2026.03.23-08.52.54:857][ 21]LogShaderCompilers: Display: Started 10 'Local' shader compile jobs with 'Normal' priority
[2026.03.23-08.52.55:464][ 72]LogShaderCompilers: Display: Worker (14/17): shaders left to compile 639
[2026.03.23-08.52.55:464][ 72]LogShaderCompilers: Display: Started 10 'Local' shader compile jobs with 'Normal' priority
[2026.03.23-08.52.55:772][102]LogShaderCompilers: Display: Worker (11/17): shaders left to compile 629
[2026.03.23-08.52.55:772][102]LogShaderCompilers: Display: Started 10 'Local' shader compile jobs with 'Normal' priority
[2026.03.23-08.52.56:143][139]LogShaderCompilers: Display: Worker (3/17): shaders left to compile 619
[2026.03.23-08.52.56:143][139]LogShaderCompilers: Display: Started 10 'Local' shader compile jobs with 'Normal' priority
[2026.03.23-08.52.56:506][169]LogShaderCompilers: Display: Worker (2/17): shaders left to compile 609
[2026.03.23-08.52.56:506][169]LogShaderCompilers: Display: Started 10 'Local' shader compile jobs with 'Normal' priority
[2026.03.23-08.52.57:007][215]LogShaderCompilers: Display: Worker (4/17): shaders left to compile 599
[2026.03.23-08.52.57:007][215]LogShaderCompilers: Display: Started 10 'Local' shader compile jobs with 'Normal' priority
[2026.03.23-08.52.58:827][385]LogShaderCompilers: Display: Worker (12/17): shaders left to compile 589
[2026.03.23-08.52.58:827][385]LogShaderCompilers: Display: Started 10 'Local' shader compile jobs with 'Normal' priority
[2026.03.23-08.53.01:313][605]LogShaderCompilers: Display: Worker (15/17): shaders left to compile 579
[2026.03.23-08.53.01:313][605]LogShaderCompilers: Display: Started 10 'Local' shader compile jobs with 'Normal' priority
[2026.03.23-08.53.08:870][126]LogShaderCompilers: Display: Worker (7/17): shaders left to compile 569
[2026.03.23-08.53.08:870][126]LogShaderCompilers: Display: Started 10 'Local' shader compile jobs with 'Normal' priority
[2026.03.23-08.53.09:482][159]LogShaderCompilers: Display: Worker (16/17): shaders left to compile 559
[2026.03.23-08.53.09:482][159]LogShaderCompilers: Display: Started 10 'Local' shader compile jobs with 'Normal' priority
[2026.03.23-08.53.10:173][209]LogShaderCompilers: Display: Worker (10/17): shaders left to compile 549
[2026.03.23-08.53.10:173][209]LogShaderCompilers: Display: Started 10 'Local' shader compile jobs with 'Normal' priority
[2026.03.23-08.53.10:664][244]LogShaderCompilers: Display: Worker (5/17): shaders left to compile 539
[2026.03.23-08.53.10:665][244]LogShaderCompilers: Display: Started 10 'Local' shader compile jobs with 'Normal' priority
[2026.03.23-08.53.10:801][253]LogShaderCompilers: Display: Worker (1/17): shaders left to compile 529
[2026.03.23-08.53.10:801][253]LogShaderCompilers: Display: Started 10 'Local' shader compile jobs with 'Normal' priority
[2026.03.23-08.53.11:754][338]LogShaderCompilers: Display: Worker (6/17): shaders left to compile 519
[2026.03.23-08.53.11:754][338]LogShaderCompilers: Display: Started 10 'Local' shader compile jobs with 'Normal' priority
[2026.03.23-08.53.12:332][383]LogShaderCompilers: Display: Worker (9/17): shaders left to compile 509
[2026.03.23-08.53.12:332][383]LogShaderCompilers: Display: Started 10 'Local' shader compile jobs with 'Normal' priority
[2026.03.23-08.53.12:952][430]LogShaderCompilers: Display: Worker (3/17): shaders left to compile 499
[2026.03.23-08.53.12:952][430]LogShaderCompilers: Display: Worker (8/17): shaders left to compile 489
[2026.03.23-08.53.12:952][430]LogShaderCompilers: Display: Started 20 'Local' shader compile jobs with 'Normal' priority
[2026.03.23-08.53.13:054][438]LogShaderCompilers: Display: Worker (14/17): shaders left to compile 479
[2026.03.23-08.53.13:054][438]LogShaderCompilers: Display: Started 10 'Local' shader compile jobs with 'Normal' priority
[2026.03.23-08.53.13:196][449]LogShaderCompilers: Display: Worker (13/17): shaders left to compile 469
[2026.03.23-08.53.13:197][449]LogShaderCompilers: Display: Started 10 'Local' shader compile jobs with 'Normal' priority
[2026.03.23-08.53.14:133][524]LogShaderCompilers: Display: Worker (11/17): shaders left to compile 459
[2026.03.23-08.53.14:133][524]LogShaderCompilers: Display: Started 10 'Local' shader compile jobs with 'Normal' priority
[2026.03.23-08.53.14:832][575]LogShaderCompilers: Display: Worker (4/17): shaders left to compile 449
[2026.03.23-08.53.14:832][575]LogShaderCompilers: Display: Started 10 'Local' shader compile jobs with 'Normal' priority
[2026.03.23-08.53.15:651][650]LogShaderCompilers: Display: Worker (2/17): shaders left to compile 439
[2026.03.23-08.53.15:651][650]LogShaderCompilers: Display: Started 10 'Local' shader compile jobs with 'Normal' priority
[2026.03.23-08.53.17:485][797]LogShaderCompilers: Display: Worker (12/17): shaders left to compile 429
[2026.03.23-08.53.17:485][797]LogShaderCompilers: Display: Started 10 'Local' shader compile jobs with 'Normal' priority
[2026.03.23-08.53.18:926][917]LogShaderCompilers: Display: Worker (15/17): shaders left to compile 419
[2026.03.23-08.53.18:926][917]LogShaderCompilers: Display: Started 10 'Local' shader compile jobs with 'Normal' priority
[2026.03.23-08.53.26:268][613]LogShaderCompilers: Display: Worker (16/17): shaders left to compile 409
[2026.03.23-08.53.26:268][613]LogShaderCompilers: Display: Started 10 'Local' shader compile jobs with 'Normal' priority
[2026.03.23-08.53.27:287][701]LogShaderCompilers: Display: Worker (7/17): shaders left to compile 399
[2026.03.23-08.53.27:287][701]LogShaderCompilers: Display: Started 10 'Local' shader compile jobs with 'Normal' priority
[2026.03.23-08.53.27:298][701]LogShaderCompilers: Display: === FShaderJobCache stats ===
[2026.03.23-08.53.27:298][701]LogShaderCompilers: Display: Total job queries 2065, among them cache hits 10 (0.48%)
[2026.03.23-08.53.27:298][701]LogShaderCompilers: Display: Tracking 1492 distinct input hashes that result in 21 distinct outputs (1.41%)
[2026.03.23-08.53.27:298][701]LogShaderCompilers: Display: RAM used: 0.18 MB (0.00 GB) of 3276.80 MB (3.20 GB) budget. Usage: 0.01%
[2026.03.23-08.53.27:298][701]LogShaderCompilers: Display: ================================================
[2026.03.23-08.53.28:465][814]LogShaderCompilers: Display: Worker (5/17): shaders left to compile 389
[2026.03.23-08.53.28:465][814]LogShaderCompilers: Display: Started 10 'Local' shader compile jobs with 'Normal' priority
[2026.03.23-08.53.29:481][898]LogShaderCompilers: Display: Worker (6/17): shaders left to compile 379
[2026.03.23-08.53.29:481][898]LogShaderCompilers: Display: Started 10 'Local' shader compile jobs with 'Normal' priority
[2026.03.23-08.53.29:701][916]LogShaderCompilers: Display: Worker (10/17): shaders left to compile 369
[2026.03.23-08.53.29:701][916]LogShaderCompilers: Display: Started 10 'Local' shader compile jobs with 'Normal' priority
[2026.03.23-08.53.29:701][916]LogShaderCompilers: Display: Worker (1/17): shaders left to compile 359
[2026.03.23-08.53.29:701][916]LogShaderCompilers: Display: Worker (3/17): shaders left to compile 349
[2026.03.23-08.53.29:701][916]LogShaderCompilers: Display: Started 20 'Local' shader compile jobs with 'Normal' priority
[2026.03.23-08.53.31:002][ 38]LogShaderCompilers: Display: Worker (9/17): shaders left to compile 339
[2026.03.23-08.53.31:002][ 38]LogShaderCompilers: Display: Started 10 'Local' shader compile jobs with 'Normal' priority
[2026.03.23-08.53.31:329][ 68]LogShaderCompilers: Display: Worker (14/17): shaders left to compile 329
[2026.03.23-08.53.31:329][ 68]LogShaderCompilers: Display: Started 10 'Local' shader compile jobs with 'Normal' priority
[2026.03.23-08.53.31:712][104]LogShaderCompilers: Display: Worker (11/17): shaders left to compile 319
[2026.03.23-08.53.31:712][104]LogShaderCompilers: Display: Started 10 'Local' shader compile jobs with 'Normal' priority
[2026.03.23-08.53.32:042][135]LogShaderCompilers: Display: Worker (13/17): shaders left to compile 309
[2026.03.23-08.53.32:042][135]LogShaderCompilers: Display: Started 10 'Local' shader compile jobs with 'Normal' priority
[2026.03.23-08.53.32:060][136]LogShaderCompilers: Display: Worker (2/17): shaders left to compile 299
[2026.03.23-08.53.32:060][136]LogShaderCompilers: Display: Started 10 'Local' shader compile jobs with 'Normal' priority
[2026.03.23-08.53.32:755][198]LogShaderCompilers: Display: Worker (8/17): shaders left to compile 289
[2026.03.23-08.53.32:756][198]LogShaderCompilers: Display: Started 10 'Local' shader compile jobs with 'Normal' priority
[2026.03.23-08.53.33:370][253]LogShaderCompilers: Display: Worker (4/17): shaders left to compile 279
[2026.03.23-08.53.33:370][253]LogShaderCompilers: Display: Started 10 'Local' shader compile jobs with 'Normal' priority
[2026.03.23-08.53.36:796][573]LogShaderCompilers: Display: Worker (15/17): shaders left to compile 269
[2026.03.23-08.53.36:796][573]LogShaderCompilers: Display: Started 10 'Local' shader compile jobs with 'Normal' priority
[2026.03.23-08.53.36:810][574]LogShaderCompilers: Display: Worker (12/17): shaders left to compile 259
[2026.03.23-08.53.36:810][574]LogShaderCompilers: Display: Started 10 'Local' shader compile jobs with 'Normal' priority
[2026.03.23-08.53.44:145][270]LogShaderCompilers: Display: Worker (16/17): shaders left to compile 249
[2026.03.23-08.53.44:145][270]LogShaderCompilers: Display: Started 10 'Local' shader compile jobs with 'Normal' priority
[2026.03.23-08.53.44:880][341]LogShaderCompilers: Display: Worker (7/17): shaders left to compile 239
[2026.03.23-08.53.44:880][341]LogShaderCompilers: Display: Started 10 'Local' shader compile jobs with 'Normal' priority
[2026.03.23-08.53.46:009][437]LogShaderCompilers: Display: Worker (6/17): shaders left to compile 229
[2026.03.23-08.53.46:009][437]LogShaderCompilers: Display: Started 10 'Local' shader compile jobs with 'Normal' priority
[2026.03.23-08.53.46:212][456]LogShaderCompilers: Display: Worker (5/17): shaders left to compile 219
[2026.03.23-08.53.46:212][456]LogShaderCompilers: Display: Started 10 'Local' shader compile jobs with 'Normal' priority
[2026.03.23-08.53.47:049][540]LogShaderCompilers: Display: Worker (3/17): shaders left to compile 209
[2026.03.23-08.53.47:049][540]LogShaderCompilers: Display: Started 10 'Local' shader compile jobs with 'Normal' priority
[2026.03.23-08.53.47:311][563]LogShaderCompilers: Display: Worker (1/17): shaders left to compile 199
[2026.03.23-08.53.47:311][563]LogShaderCompilers: Display: Started 10 'Local' shader compile jobs with 'Normal' priority
[2026.03.23-08.53.48:253][644]LogShaderCompilers: Display: Worker (11/17): shaders left to compile 189
[2026.03.23-08.53.48:253][644]LogShaderCompilers: Display: Started 10 'Local' shader compile jobs with 'Normal' priority
[2026.03.23-08.53.48:319][650]LogShaderCompilers: Display: Worker (9/17): shaders left to compile 179
[2026.03.23-08.53.48:319][650]LogShaderCompilers: Display: Started 10 'Local' shader compile jobs with 'Normal' priority
[2026.03.23-08.53.48:465][663]LogShaderCompilers: Display: Worker (10/17): shaders left to compile 169
[2026.03.23-08.53.48:465][663]LogShaderCompilers: Display: Started 10 'Local' shader compile jobs with 'Normal' priority
[2026.03.23-08.53.49:383][753]LogShaderCompilers: Display: Worker (14/17): shaders left to compile 159
[2026.03.23-08.53.49:383][753]LogShaderCompilers: Display: Started 10 'Local' shader compile jobs with 'Normal' priority
[2026.03.23-08.53.49:446][758]LogShaderCompilers: Display: Worker (2/17): shaders left to compile 149
[2026.03.23-08.53.49:446][758]LogShaderCompilers: Display: Started 10 'Local' shader compile jobs with 'Normal' priority
[2026.03.23-08.53.50:744][875]LogShaderCompilers: Display: Worker (4/17): shaders left to compile 139
[2026.03.23-08.53.50:744][875]LogShaderCompilers: Display: Started 9 'Local' shader compile jobs with 'Normal' priority
[2026.03.23-08.53.50:972][894]LogShaderCompilers: Display: Worker (8/17): shaders left to compile 130
[2026.03.23-08.53.50:972][894]LogShaderCompilers: Display: Started 9 'Local' shader compile jobs with 'Normal' priority
[2026.03.23-08.53.51:173][912]LogShaderCompilers: Display: Worker (13/17): shaders left to compile 121
[2026.03.23-08.53.51:173][912]LogShaderCompilers: Display: Started 8 'Local' shader compile jobs with 'Normal' priority
[2026.03.23-08.53.53:367][116]LogShaderCompilers: Display: Worker (12/17): shaders left to compile 113
[2026.03.23-08.53.53:367][116]LogShaderCompilers: Display: Started 8 'Local' shader compile jobs with 'Normal' priority
[2026.03.23-08.53.54:777][250]LogShaderCompilers: Display: Worker (15/17): shaders left to compile 105
[2026.03.23-08.53.54:777][250]LogShaderCompilers: Display: Started 7 'Local' shader compile jobs with 'Normal' priority
[2026.03.23-08.54.02:456][977]LogShaderCompilers: Display: Worker (7/17): shaders left to compile 98
[2026.03.23-08.54.02:456][977]LogShaderCompilers: Display: Started 7 'Local' shader compile jobs with 'Normal' priority
[2026.03.23-08.54.03:378][ 70]LogShaderCompilers: Display: Worker (16/17): shaders left to compile 91
[2026.03.23-08.54.03:378][ 70]LogShaderCompilers: Display: Started 6 'Local' shader compile jobs with 'Normal' priority
[2026.03.23-08.54.03:409][ 72]LogShaderCompilers: Display: Worker (1/17): shaders left to compile 85
[2026.03.23-08.54.03:409][ 72]LogShaderCompilers: Display: Started 6 'Local' shader compile jobs with 'Normal' priority
[2026.03.23-08.54.03:800][106]LogShaderCompilers: Display: Worker (5/17): shaders left to compile 79
[2026.03.23-08.54.03:800][106]LogShaderCompilers: Display: Started 5 'Local' shader compile jobs with 'Normal' priority
[2026.03.23-08.54.04:385][155]LogShaderCompilers: Display: Worker (6/17): shaders left to compile 74
[2026.03.23-08.54.04:385][155]LogShaderCompilers: Display: Started 5 'Local' shader compile jobs with 'Normal' priority
[2026.03.23-08.54.05:327][240]LogShaderCompilers: Display: Worker (4/17): shaders left to compile 69
[2026.03.23-08.54.05:327][240]LogShaderCompilers: Display: Started 5 'Local' shader compile jobs with 'Normal' priority
[2026.03.23-08.54.05:367][243]LogShaderCompilers: Display: Worker (13/17): shaders left to compile 64
[2026.03.23-08.54.05:367][243]LogShaderCompilers: Display: Started 5 'Local' shader compile jobs with 'Normal' priority
[2026.03.23-08.54.05:499][252]LogShaderCompilers: Display: Worker (3/17): shaders left to compile 59
[2026.03.23-08.54.05:499][252]LogShaderCompilers: Display: Started 4 'Local' shader compile jobs with 'Normal' priority
[2026.03.23-08.54.06:318][295]LogShaderCompilers: Display: Worker (9/17): shaders left to compile 55
[2026.03.23-08.54.06:318][295]LogShaderCompilers: Display: Started 4 'Local' shader compile jobs with 'Normal' priority
[2026.03.23-08.54.06:902][318]LogShaderCompilers: Display: Worker (14/17): shaders left to compile 51
[2026.03.23-08.54.06:902][318]LogShaderCompilers: Display: Started 4 'Local' shader compile jobs with 'Normal' priority
[2026.03.23-08.54.07:004][322]LogShaderCompilers: Display: Worker (12/17): shaders left to compile 47
[2026.03.23-08.54.07:004][322]LogShaderCompilers: Display: Started 3 'Local' shader compile jobs with 'Normal' priority
[2026.03.23-08.54.07:271][334]LogShaderCompilers: Display: Worker (11/17): shaders left to compile 44
[2026.03.23-08.54.07:272][334]LogShaderCompilers: Display: Started 3 'Local' shader compile jobs with 'Normal' priority
[2026.03.23-08.54.07:465][345]LogShaderCompilers: Display: Worker (10/17): shaders left to compile 41
[2026.03.23-08.54.07:465][345]LogShaderCompilers: Display: Started 3 'Local' shader compile jobs with 'Normal' priority
[2026.03.23-08.54.07:717][358]LogShaderCompilers: Display: Worker (2/17): shaders left to compile 38
[2026.03.23-08.54.07:717][358]LogShaderCompilers: Display: Started 3 'Local' shader compile jobs with 'Normal' priority
[2026.03.23-08.54.07:877][363]LogShaderCompilers: Display: Worker (8/17): shaders left to compile 35
[2026.03.23-08.54.07:877][363]LogShaderCompilers: Display: Started 3 'Local' shader compile jobs with 'Normal' priority
[2026.03.23-08.54.09:864][461]LogShaderCompilers: Display: Worker (15/17): shaders left to compile 32
[2026.03.23-08.54.09:864][461]LogShaderCompilers: Display: Started 3 'Local' shader compile jobs with 'Normal' priority
[2026.03.23-08.54.11:303][531]LogShaderCompilers: Display: Worker (6/17): shaders left to compile 29
[2026.03.23-08.54.11:303][531]LogShaderCompilers: Display: Started 2 'Local' shader compile jobs with 'Normal' priority
[2026.03.23-08.54.11:455][539]LogShaderCompilers: Display: Worker (12/17): shaders left to compile 27
[2026.03.23-08.54.11:455][539]LogShaderCompilers: Display: Started 2 'Local' shader compile jobs with 'Normal' priority
[2026.03.23-08.54.12:054][572]LogShaderCompilers: Display: Worker (8/17): shaders left to compile 25
[2026.03.23-08.54.12:054][572]LogShaderCompilers: Display: Started 2 'Local' shader compile jobs with 'Normal' priority
[2026.03.23-08.54.12:194][579]LogShaderCompilers: Display: Worker (2/17): shaders left to compile 23
[2026.03.23-08.54.12:194][579]LogShaderCompilers: Display: Started 2 'Local' shader compile jobs with 'Normal' priority
[2026.03.23-08.54.12:629][603]LogShaderCompilers: Display: Worker (3/17): shaders left to compile 21
[2026.03.23-08.54.12:629][603]LogShaderCompilers: Display: Started 2 'Local' shader compile jobs with 'Normal' priority
[2026.03.23-08.54.12:858][615]LogShaderCompilers: Display: Worker (11/17): shaders left to compile 19
[2026.03.23-08.54.12:858][615]LogShaderCompilers: Display: Started 2 'Local' shader compile jobs with 'Normal' priority
[2026.03.23-08.54.13:388][640]LogShaderCompilers: Display: Worker (9/17): shaders left to compile 17
[2026.03.23-08.54.13:388][640]LogShaderCompilers: Display: Started 2 'Local' shader compile jobs with 'Normal' priority
[2026.03.23-08.54.13:569][649]LogShaderCompilers: Display: Worker (5/17): shaders left to compile 15
[2026.03.23-08.54.13:569][649]LogShaderCompilers: Display: Started 1 'Local' shader compile jobs with 'Normal' priority
[2026.03.23-08.54.13:830][664]LogShaderCompilers: Display: Worker (10/17): shaders left to compile 14
[2026.03.23-08.54.13:830][664]LogShaderCompilers: Display: Started 1 'Local' shader compile jobs with 'Normal' priority
[2026.03.23-08.54.14:038][673]LogShaderCompilers: Display: Worker (14/17): shaders left to compile 13
[2026.03.23-08.54.14:039][673]LogShaderCompilers: Display: Started 1 'Local' shader compile jobs with 'Normal' priority
[2026.03.23-08.54.14:286][686]LogShaderCompilers: Display: Worker (1/17): shaders left to compile 12
[2026.03.23-08.54.14:286][686]LogShaderCompilers: Display: Started 1 'Local' shader compile jobs with 'Normal' priority
[2026.03.23-08.54.14:308][687]LogShaderCompilers: Display: Worker (16/17): shaders left to compile 11
[2026.03.23-08.54.14:308][687]LogShaderCompilers: Display: Started 1 'Local' shader compile jobs with 'Normal' priority
[2026.03.23-08.54.14:380][691]LogShaderCompilers: Display: Worker (13/17): shaders left to compile 10
[2026.03.23-08.54.14:381][691]LogShaderCompilers: Display: Started 1 'Local' shader compile jobs with 'Normal' priority
[2026.03.23-08.54.14:440][694]LogShaderCompilers: Display: Worker (7/17): shaders left to compile 9
[2026.03.23-08.54.14:440][694]LogShaderCompilers: Display: Started 1 'Local' shader compile jobs with 'Normal' priority
[2026.03.23-08.54.14:538][699]LogShaderCompilers: Display: Worker (2/17): shaders left to compile 8
[2026.03.23-08.54.14:538][699]LogShaderCompilers: Display: Started 1 'Local' shader compile jobs with 'Normal' priority
[2026.03.23-08.54.14:740][709]LogShaderCompilers: Display: Worker (10/17): shaders left to compile 7
[2026.03.23-08.54.14:740][709]LogShaderCompilers: Display: Started 1 'Local' shader compile jobs with 'Normal' priority
[2026.03.23-08.54.14:818][713]LogShaderCompilers: Display: Worker (12/17): shaders left to compile 6
[2026.03.23-08.54.14:818][713]LogShaderCompilers: Display: Started 1 'Local' shader compile jobs with 'Normal' priority
[2026.03.23-08.54.15:049][724]LogShaderCompilers: Display: Worker (16/17): shaders left to compile 5
[2026.03.23-08.54.15:049][724]LogShaderCompilers: Display: Started 1 'Local' shader compile jobs with 'Normal' priority
[2026.03.23-08.54.15:264][735]LogShaderCompilers: Display: Worker (6/17): shaders left to compile 4
[2026.03.23-08.54.15:264][735]LogShaderCompilers: Display: Started 1 'Local' shader compile jobs with 'Normal' priority
[2026.03.23-08.54.15:549][751]LogShaderCompilers: Display: Worker (12/17): shaders left to compile 3
[2026.03.23-08.54.15:549][751]LogShaderCompilers: Display: Started 1 'Local' shader compile jobs with 'Normal' priority
[2026.03.23-08.54.15:552][751]LogShaderCompilers: Display: Worker (1/17): shaders left to compile 2
[2026.03.23-08.54.15:552][751]LogShaderCompilers: Display: Started 1 'Local' shader compile jobs with 'Normal' priority
[2026.03.23-08.54.15:685][759]LogShaderCompilers: Display: Worker (8/17): shaders left to compile 1
[2026.03.23-08.54.15:685][759]LogShaderCompilers: Display: Started 1 'Local' shader compile jobs with 'Normal' priority
[2026.03.23-08.54.19:749][111]LogEditorViewport: Clicking on Actor (LMB): BP_Sky_Sphere_C (Sky Sphere)
[2026.03.23-08.54.28:190][444]LogSlate: Window 'Save Level As' being destroyed
[2026.03.23-08.54.37:725][685]LogSlate: Window 'Save Level As' being destroyed
[2026.03.23-08.55.20:604][287]LogSlate: Window 'Save Level As' being destroyed
[2026.03.23-08.55.20:730][287]Cmd: OBJ SAVEPACKAGE PACKAGE="/Game/Maps/House" FILE="../../../../../../unreal/CyberKittysWeirdBox/Content/Maps/House.umap" SILENT=true AUTOSAVING=false KEEPDIRTY=false
[2026.03.23-08.55.20:760][287]LogUObjectHash: Compacting FUObjectHashTables data took   0.66ms
[2026.03.23-08.55.20:925][287]LogSavePackage: Moving '../../../../../../unreal/CyberKittysWeirdBox/Saved/HouseB415537041A255087648C9B2A9C00C48.tmp' to '../../../../../../unreal/CyberKittysWeirdBox/Content/Maps/House.umap'
[2026.03.23-08.55.20:933][287]Cmd: OBJ SAVEPACKAGE PACKAGE="/Game/Maps/House_BuiltData" FILE="../../../../../../unreal/CyberKittysWeirdBox/Content/Maps/House_BuiltData.uasset" SILENT=true
[2026.03.23-08.55.20:943][287]LogSavePackage: Moving '../../../../../../unreal/CyberKittysWeirdBox/Saved/House_BuiltData95EDA2DB44B5F64F9AD79E834FB44653.tmp' to '../../../../../../unreal/CyberKittysWeirdBox/Content/Maps/House_BuiltData.uasset'
[2026.03.23-08.55.20:952][287]LogFileHelpers: Saving map 'House' took 0.341
[2026.03.23-08.55.20:956][287]AssetCheck: New page: Asset Save: multiple assets
[2026.03.23-08.55.20:956][287]LogContentValidation: Display: Validating MapBuildDataRegistry /Game/Maps/House_BuiltData.House_BuiltData
[2026.03.23-08.55.20:956][287]LogContentValidation: Display: Validating World /Game/Maps/House.House
[2026.03.23-08.55.27:053][925]LogUObjectHash: Compacting FUObjectHashTables data took   0.63ms
[2026.03.23-08.55.36:458][925]LogSlate: Window 'Save Content' being destroyed
[2026.03.23-08.55.36:538][925]Cmd: OBJ SAVEPACKAGE PACKAGE="/Game/House_Models/Backside" FILE="../../../../../../unreal/CyberKittysWeirdBox/Content/House_Models/Backside.uasset" SILENT=true
[2026.03.23-08.55.36:541][925]LogSavePackage: Moving '../../../../../../unreal/CyberKittysWeirdBox/Saved/BacksideDFB937054B8CEDE14337EBAB40D9B946.tmp' to '../../../../../../unreal/CyberKittysWeirdBox/Content/House_Models/Backside.uasset'
[2026.03.23-08.55.36:555][925]Cmd: OBJ SAVEPACKAGE PACKAGE="/Game/House_Models/Base" FILE="../../../../../../unreal/CyberKittysWeirdBox/Content/House_Models/Base.uasset" SILENT=true
[2026.03.23-08.55.36:558][925]LogSavePackage: Moving '../../../../../../unreal/CyberKittysWeirdBox/Saved/Base17C3FFF3430694F2FBADAC8401647763.tmp' to '../../../../../../unreal/CyberKittysWeirdBox/Content/House_Models/Base.uasset'
[2026.03.23-08.55.36:572][925]Cmd: OBJ SAVEPACKAGE PACKAGE="/Game/House_Models/Basic_glass" FILE="../../../../../../unreal/CyberKittysWeirdBox/Content/House_Models/Basic_glass.uasset" SILENT=true
[2026.03.23-08.55.36:575][925]LogSavePackage: Moving '../../../../../../unreal/CyberKittysWeirdBox/Saved/Basic_glass12864C5042850520E3619D89F2254A55.tmp' to '../../../../../../unreal/CyberKittysWeirdBox/Content/House_Models/Basic_glass.uasset'
[2026.03.23-08.55.36:590][925]Cmd: OBJ SAVEPACKAGE PACKAGE="/Game/House_Models/Black" FILE="../../../../../../unreal/CyberKittysWeirdBox/Content/House_Models/Black.uasset" SILENT=true
[2026.03.23-08.55.36:594][925]LogSavePackage: Moving '../../../../../../unreal/CyberKittysWeirdBox/Saved/Black390024C64DA311853C14D293FFF06D46.tmp' to '../../../../../../unreal/CyberKittysWeirdBox/Content/House_Models/Black.uasset'
[2026.03.23-08.55.36:606][925]Cmd: OBJ SAVEPACKAGE PACKAGE="/Game/House_Models/Black_003" FILE="../../../../../../unreal/CyberKittysWeirdBox/Content/House_Models/Black_003.uasset" SILENT=true
[2026.03.23-08.55.36:610][925]LogSavePackage: Moving '../../../../../../unreal/CyberKittysWeirdBox/Saved/Black_0038DBB43E549316426921D4B9CD04B2F70.tmp' to '../../../../../../unreal/CyberKittysWeirdBox/Content/House_Models/Black_003.uasset'
[2026.03.23-08.55.36:624][925]Cmd: OBJ SAVEPACKAGE PACKAGE="/Game/House_Models/Black_005" FILE="../../../../../../unreal/CyberKittysWeirdBox/Content/House_Models/Black_005.uasset" SILENT=true
[2026.03.23-08.55.36:628][925]LogSavePackage: Moving '../../../../../../unreal/CyberKittysWeirdBox/Saved/Black_005EC05029F4D28DB28730D4C8E1C8731D8.tmp' to '../../../../../../unreal/CyberKittysWeirdBox/Content/House_Models/Black_005.uasset'
[2026.03.23-08.55.36:640][925]Cmd: OBJ SAVEPACKAGE PACKAGE="/Game/House_Models/Black_fabric" FILE="../../../../../../unreal/CyberKittysWeirdBox/Content/House_Models/Black_fabric.uasset" SILENT=true
[2026.03.23-08.55.36:645][925]LogSavePackage: Moving '../../../../../../unreal/CyberKittysWeirdBox/Saved/Black_fabric6FD14D6F435F6516D9761ABED8AC710E.tmp' to '../../../../../../unreal/CyberKittysWeirdBox/Content/House_Models/Black_fabric.uasset'
[2026.03.23-08.55.36:656][925]Cmd: OBJ SAVEPACKAGE PACKAGE="/Game/House_Models/black_marble_001" FILE="../../../../../../unreal/CyberKittysWeirdBox/Content/House_Models/black_marble_001.uasset" SILENT=true
[2026.03.23-08.55.36:661][925]LogSavePackage: Moving '../../../../../../unreal/CyberKittysWeirdBox/Saved/black_marble_001E57C256E44B8D0C63A748C8860F6EC2B.tmp' to '../../../../../../unreal/CyberKittysWeirdBox/Content/House_Models/black_marble_001.uasset'
[2026.03.23-08.55.36:673][925]Cmd: OBJ SAVEPACKAGE PACKAGE="/Game/House_Models/Black_Metal" FILE="../../../../../../unreal/CyberKittysWeirdBox/Content/House_Models/Black_Metal.uasset" SILENT=true
[2026.03.23-08.55.36:677][925]LogSavePackage: Moving '../../../../../../unreal/CyberKittysWeirdBox/Saved/Black_Metal0DA3E4F94BCF5401DC1908B32B9810F6.tmp' to '../../../../../../unreal/CyberKittysWeirdBox/Content/House_Models/Black_Metal.uasset'
[2026.03.23-08.55.36:688][925]Cmd: OBJ SAVEPACKAGE PACKAGE="/Game/House_Models/Books_40_A_MAT" FILE="../../../../../../unreal/CyberKittysWeirdBox/Content/House_Models/Books_40_A_MAT.uasset" SILENT=true
[2026.03.23-08.55.36:692][925]LogSavePackage: Moving '../../../../../../unreal/CyberKittysWeirdBox/Saved/Books_40_A_MAT088834634953CD054148F89147C2E69E.tmp' to '../../../../../../unreal/CyberKittysWeirdBox/Content/House_Models/Books_40_A_MAT.uasset'
[2026.03.23-08.55.36:703][925]Cmd: OBJ SAVEPACKAGE PACKAGE="/Game/House_Models/Books_40_B_MAT" FILE="../../../../../../unreal/CyberKittysWeirdBox/Content/House_Models/Books_40_B_MAT.uasset" SILENT=true
[2026.03.23-08.55.36:707][925]LogSavePackage: Moving '../../../../../../unreal/CyberKittysWeirdBox/Saved/Books_40_B_MATE3AE93B6435D6246924F18AB9F568145.tmp' to '../../../../../../unreal/CyberKittysWeirdBox/Content/House_Models/Books_40_B_MAT.uasset'
[2026.03.23-08.55.36:718][925]Cmd: OBJ SAVEPACKAGE PACKAGE="/Game/House_Models/Books_40_C_MAT" FILE="../../../../../../unreal/CyberKittysWeirdBox/Content/House_Models/Books_40_C_MAT.uasset" SILENT=true
[2026.03.23-08.55.36:722][925]LogSavePackage: Moving '../../../../../../unreal/CyberKittysWeirdBox/Saved/Books_40_C_MAT4DE650BE47035CFCE935B488F161E55C.tmp' to '../../../../../../unreal/CyberKittysWeirdBox/Content/House_Models/Books_40_C_MAT.uasset'
[2026.03.23-08.55.36:734][925]Cmd: OBJ SAVEPACKAGE PACKAGE="/Game/House_Models/Books_40_D_MAT" FILE="../../../../../../unreal/CyberKittysWeirdBox/Content/House_Models/Books_40_D_MAT.uasset" SILENT=true
[2026.03.23-08.55.36:737][925]LogSavePackage: Moving '../../../../../../unreal/CyberKittysWeirdBox/Saved/Books_40_D_MAT96824BBD4CDC5DB85B423696729A8510.tmp' to '../../../../../../unreal/CyberKittysWeirdBox/Content/House_Models/Books_40_D_MAT.uasset'
[2026.03.23-08.55.36:748][925]Cmd: OBJ SAVEPACKAGE PACKAGE="/Game/House_Models/bottle_001" FILE="../../../../../../unreal/CyberKittysWeirdBox/Content/House_Models/bottle_001.uasset" SILENT=true
[2026.03.23-08.55.36:751][925]LogSavePackage: Moving '../../../../../../unreal/CyberKittysWeirdBox/Saved/bottle_0016FE876334C8381C53C5C78BA9D872A16.tmp' to '../../../../../../unreal/CyberKittysWeirdBox/Content/House_Models/bottle_001.uasset'
[2026.03.23-08.55.36:762][925]Cmd: OBJ SAVEPACKAGE PACKAGE="/Game/House_Models/Carpet_1" FILE="../../../../../../unreal/CyberKittysWeirdBox/Content/House_Models/Carpet_1.uasset" SILENT=true
[2026.03.23-08.55.36:766][925]LogSavePackage: Moving '../../../../../../unreal/CyberKittysWeirdBox/Saved/Carpet_1A60D38464B982399A8CE118E21757C28.tmp' to '../../../../../../unreal/CyberKittysWeirdBox/Content/House_Models/Carpet_1.uasset'
[2026.03.23-08.55.36:777][925]Cmd: OBJ SAVEPACKAGE PACKAGE="/Game/House_Models/CC0Textures_Wood021_2K-JPG" FILE="../../../../../../unreal/CyberKittysWeirdBox/Content/House_Models/CC0Textures_Wood021_2K-JPG.uasset" SILENT=true
[2026.03.23-08.55.36:781][925]LogSavePackage: Moving '../../../../../../unreal/CyberKittysWeirdBox/Saved/CC0Textures_Wood021_2K-JPGE00840134D82FC7246B768A86FCE0B6B.tmp' to '../../../../../../unreal/CyberKittysWeirdBox/Content/House_Models/CC0Textures_Wood021_2K-JPG.uasset'
[2026.03.23-08.55.36:793][925]Cmd: OBJ SAVEPACKAGE PACKAGE="/Game/House_Models/chrome_001" FILE="../../../../../../unreal/CyberKittysWeirdBox/Content/House_Models/chrome_001.uasset" SILENT=true
[2026.03.23-08.55.36:797][925]LogSavePackage: Moving '../../../../../../unreal/CyberKittysWeirdBox/Saved/chrome_001C4FD036B43075986F647B4978D6F52D3.tmp' to '../../../../../../unreal/CyberKittysWeirdBox/Content/House_Models/chrome_001.uasset'
[2026.03.23-08.55.36:807][925]Cmd: OBJ SAVEPACKAGE PACKAGE="/Game/House_Models/Concrete" FILE="../../../../../../unreal/CyberKittysWeirdBox/Content/House_Models/Concrete.uasset" SILENT=true
[2026.03.23-08.55.36:811][925]LogSavePackage: Moving '../../../../../../unreal/CyberKittysWeirdBox/Saved/Concrete7B52F4394831338EEE9B8193C9B3AF68.tmp' to '../../../../../../unreal/CyberKittysWeirdBox/Content/House_Models/Concrete.uasset'
[2026.03.23-08.55.36:821][925]Cmd: OBJ SAVEPACKAGE PACKAGE="/Game/House_Models/Curtain-fabric" FILE="../../../../../../unreal/CyberKittysWeirdBox/Content/House_Models/Curtain-fabric.uasset" SILENT=true
[2026.03.23-08.55.36:825][925]LogSavePackage: Moving '../../../../../../unreal/CyberKittysWeirdBox/Saved/Curtain-fabric3E1227F440CFCF76C3D58E8DEC0ECA47.tmp' to '../../../../../../unreal/CyberKittysWeirdBox/Content/House_Models/Curtain-fabric.uasset'
[2026.03.23-08.55.36:836][925]Cmd: OBJ SAVEPACKAGE PACKAGE="/Game/House_Models/Curtain-Lace" FILE="../../../../../../unreal/CyberKittysWeirdBox/Content/House_Models/Curtain-Lace.uasset" SILENT=true
[2026.03.23-08.55.36:840][925]LogSavePackage: Moving '../../../../../../unreal/CyberKittysWeirdBox/Saved/Curtain-LaceE963A0DC42628798A95CE08FDAE56CF9.tmp' to '../../../../../../unreal/CyberKittysWeirdBox/Content/House_Models/Curtain-Lace.uasset'
[2026.03.23-08.55.36:851][925]Cmd: OBJ SAVEPACKAGE PACKAGE="/Game/House_Models/dark_wood_001" FILE="../../../../../../unreal/CyberKittysWeirdBox/Content/House_Models/dark_wood_001.uasset" SILENT=true
[2026.03.23-08.55.36:854][925]LogSavePackage: Moving '../../../../../../unreal/CyberKittysWeirdBox/Saved/dark_wood_0015B6D320240E6CA5B6F510F8E55AE6584.tmp' to '../../../../../../unreal/CyberKittysWeirdBox/Content/House_Models/dark_wood_001.uasset'
[2026.03.23-08.55.36:864][925]Cmd: OBJ SAVEPACKAGE PACKAGE="/Game/House_Models/emmit" FILE="../../../../../../unreal/CyberKittysWeirdBox/Content/House_Models/emmit.uasset" SILENT=true
[2026.03.23-08.55.36:868][925]LogSavePackage: Moving '../../../../../../unreal/CyberKittysWeirdBox/Saved/emmit9BD437D642EF273E36033C8C63CC9DD7.tmp' to '../../../../../../unreal/CyberKittysWeirdBox/Content/House_Models/emmit.uasset'
[2026.03.23-08.55.36:879][925]Cmd: OBJ SAVEPACKAGE PACKAGE="/Game/House_Models/Fabric_002" FILE="../../../../../../unreal/CyberKittysWeirdBox/Content/House_Models/Fabric_002.uasset" SILENT=true
[2026.03.23-08.55.36:883][925]LogSavePackage: Moving '../../../../../../unreal/CyberKittysWeirdBox/Saved/Fabric_002C6FC0E604C3E262D9858CB8D08FDE5FF.tmp' to '../../../../../../unreal/CyberKittysWeirdBox/Content/House_Models/Fabric_002.uasset'
[2026.03.23-08.55.36:895][925]Cmd: OBJ SAVEPACKAGE PACKAGE="/Game/House_Models/floor_tiles" FILE="../../../../../../unreal/CyberKittysWeirdBox/Content/House_Models/floor_tiles.uasset" SILENT=true
[2026.03.23-08.55.36:898][925]LogSavePackage: Moving '../../../../../../unreal/CyberKittysWeirdBox/Saved/floor_tilesD5438688417EB855184606BFAFF8B5E2.tmp' to '../../../../../../unreal/CyberKittysWeirdBox/Content/House_Models/floor_tiles.uasset'
[2026.03.23-08.55.36:910][925]Cmd: OBJ SAVEPACKAGE PACKAGE="/Game/House_Models/GapsColor_003" FILE="../../../../../../unreal/CyberKittysWeirdBox/Content/House_Models/GapsColor_003.uasset" SILENT=true
[2026.03.23-08.55.36:914][925]LogSavePackage: Moving '../../../../../../unreal/CyberKittysWeirdBox/Saved/GapsColor_0039D1F7FA04E6AB284B43D759344150824.tmp' to '../../../../../../unreal/CyberKittysWeirdBox/Content/House_Models/GapsColor_003.uasset'
[2026.03.23-08.55.36:924][925]Cmd: OBJ SAVEPACKAGE PACKAGE="/Game/House_Models/glass_001" FILE="../../../../../../unreal/CyberKittysWeirdBox/Content/House_Models/glass_001.uasset" SILENT=true
[2026.03.23-08.55.36:928][925]LogSavePackage: Moving '../../../../../../unreal/CyberKittysWeirdBox/Saved/glass_0011D70A4C1412263B421FDA8A62EAE4A04.tmp' to '../../../../../../unreal/CyberKittysWeirdBox/Content/House_Models/glass_001.uasset'
[2026.03.23-08.55.36:939][925]Cmd: OBJ SAVEPACKAGE PACKAGE="/Game/House_Models/Glass_001_ncl1_1" FILE="../../../../../../unreal/CyberKittysWeirdBox/Content/House_Models/Glass_001_ncl1_1.uasset" SILENT=true
[2026.03.23-08.55.36:943][925]LogSavePackage: Moving '../../../../../../unreal/CyberKittysWeirdBox/Saved/Glass_001_ncl1_1275B12F24B78A2CA8C787F9DC421DC99.tmp' to '../../../../../../unreal/CyberKittysWeirdBox/Content/House_Models/Glass_001_ncl1_1.uasset'
[2026.03.23-08.55.36:954][925]Cmd: OBJ SAVEPACKAGE PACKAGE="/Game/House_Models/Glass_003" FILE="../../../../../../unreal/CyberKittysWeirdBox/Content/House_Models/Glass_003.uasset" SILENT=true
[2026.03.23-08.55.36:958][925]LogSavePackage: Moving '../../../../../../unreal/CyberKittysWeirdBox/Saved/Glass_003A29C9D3E49DA34014FBB288D3DF335FA.tmp' to '../../../../../../unreal/CyberKittysWeirdBox/Content/House_Models/Glass_003.uasset'
[2026.03.23-08.55.36:970][925]Cmd: OBJ SAVEPACKAGE PACKAGE="/Game/House_Models/Glass_005" FILE="../../../../../../unreal/CyberKittysWeirdBox/Content/House_Models/Glass_005.uasset" SILENT=true
[2026.03.23-08.55.36:973][925]LogSavePackage: Moving '../../../../../../unreal/CyberKittysWeirdBox/Saved/Glass_005552226A04D38134054C8D893EA068093.tmp' to '../../../../../../unreal/CyberKittysWeirdBox/Content/House_Models/Glass_005.uasset'
[2026.03.23-08.55.36:985][925]Cmd: OBJ SAVEPACKAGE PACKAGE="/Game/House_Models/guma_005" FILE="../../../../../../unreal/CyberKittysWeirdBox/Content/House_Models/guma_005.uasset" SILENT=true
[2026.03.23-08.55.36:988][925]LogSavePackage: Moving '../../../../../../unreal/CyberKittysWeirdBox/Saved/guma_005E31155CD4A93C34551F06A99613F1135.tmp' to '../../../../../../unreal/CyberKittysWeirdBox/Content/House_Models/guma_005.uasset'
[2026.03.23-08.55.36:999][925]Cmd: OBJ SAVEPACKAGE PACKAGE="/Game/House_Models/Handle_material_002" FILE="../../../../../../unreal/CyberKittysWeirdBox/Content/House_Models/Handle_material_002.uasset" SILENT=true
[2026.03.23-08.55.37:002][925]LogSavePackage: Moving '../../../../../../unreal/CyberKittysWeirdBox/Saved/Handle_material_002C391D11E4EDF87378C7EF5BA5D6ECB6C.tmp' to '../../../../../../unreal/CyberKittysWeirdBox/Content/House_Models/Handle_material_002.uasset'
[2026.03.23-08.55.37:013][925]Cmd: OBJ SAVEPACKAGE PACKAGE="/Game/House_Models/house_back_wall" FILE="../../../../../../unreal/CyberKittysWeirdBox/Content/House_Models/house_back_wall.uasset" SILENT=true
[2026.03.23-08.55.37:017][925]LogSavePackage: Moving '../../../../../../unreal/CyberKittysWeirdBox/Saved/house_back_wallDD74BA034925CB8C31DBDBAFB81AC5B4.tmp' to '../../../../../../unreal/CyberKittysWeirdBox/Content/House_Models/house_back_wall.uasset'
[2026.03.23-08.55.37:029][925]Cmd: OBJ SAVEPACKAGE PACKAGE="/Game/House_Models/house_Bathroom_Sink" FILE="../../../../../../unreal/CyberKittysWeirdBox/Content/House_Models/house_Bathroom_Sink.uasset" SILENT=true
[2026.03.23-08.55.37:034][925]LogSavePackage: Moving '../../../../../../unreal/CyberKittysWeirdBox/Saved/house_Bathroom_Sink4A323FD7416C9EA543FB78B5751BE471.tmp' to '../../../../../../unreal/CyberKittysWeirdBox/Content/House_Models/house_Bathroom_Sink.uasset'
[2026.03.23-08.55.37:044][925]Cmd: OBJ SAVEPACKAGE PACKAGE="/Game/House_Models/house_Body" FILE="../../../../../../unreal/CyberKittysWeirdBox/Content/House_Models/house_Body.uasset" SILENT=true
[2026.03.23-08.55.37:057][925]LogSavePackage: Moving '../../../../../../unreal/CyberKittysWeirdBox/Saved/house_BodyF2298F5E474F5241A08C55BB5B195094.tmp' to '../../../../../../unreal/CyberKittysWeirdBox/Content/House_Models/house_Body.uasset'
[2026.03.23-08.55.37:069][925]Cmd: OBJ SAVEPACKAGE PACKAGE="/Game/House_Models/house_Body_001" FILE="../../../../../../unreal/CyberKittysWeirdBox/Content/House_Models/house_Body_001.uasset" SILENT=true
[2026.03.23-08.55.37:074][925]LogSavePackage: Moving '../../../../../../unreal/CyberKittysWeirdBox/Saved/house_Body_00122C0AABB432B65BA0B93CF8C5CC96FA8.tmp' to '../../../../../../unreal/CyberKittysWeirdBox/Content/House_Models/house_Body_001.uasset'
[2026.03.23-08.55.37:089][925]Cmd: OBJ SAVEPACKAGE PACKAGE="/Game/House_Models/house_Body_Center" FILE="../../../../../../unreal/CyberKittysWeirdBox/Content/House_Models/house_Body_Center.uasset" SILENT=true
[2026.03.23-08.55.37:099][925]LogSavePackage: Moving '../../../../../../unreal/CyberKittysWeirdBox/Saved/house_Body_Center5B77645C4DF245FE41B1078BF67763C8.tmp' to '../../../../../../unreal/CyberKittysWeirdBox/Content/House_Models/house_Body_Center.uasset'
[2026.03.23-08.55.37:111][925]Cmd: OBJ SAVEPACKAGE PACKAGE="/Game/House_Models/house_Body_Feature" FILE="../../../../../../unreal/CyberKittysWeirdBox/Content/House_Models/house_Body_Feature.uasset" SILENT=true
[2026.03.23-08.55.37:118][925]LogSavePackage: Moving '../../../../../../unreal/CyberKittysWeirdBox/Saved/house_Body_Feature2AD43FCE49E053E63822B5A5AC61EC37.tmp' to '../../../../../../unreal/CyberKittysWeirdBox/Content/House_Models/house_Body_Feature.uasset'
[2026.03.23-08.55.37:129][925]Cmd: OBJ SAVEPACKAGE PACKAGE="/Game/House_Models/house_Books_40_A_Object" FILE="../../../../../../unreal/CyberKittysWeirdBox/Content/House_Models/house_Books_40_A_Object.uasset" SILENT=true
[2026.03.23-08.55.37:138][925]LogSavePackage: Moving '../../../../../../unreal/CyberKittysWeirdBox/Saved/house_Books_40_A_ObjectE43E982E4AB64038ABD3E4BB3ECA6057.tmp' to '../../../../../../unreal/CyberKittysWeirdBox/Content/House_Models/house_Books_40_A_Object.uasset'
[2026.03.23-08.55.37:149][925]Cmd: OBJ SAVEPACKAGE PACKAGE="/Game/House_Models/house_Books_40_A_Object_001" FILE="../../../../../../unreal/CyberKittysWeirdBox/Content/House_Models/house_Books_40_A_Object_001.uasset" SILENT=true
[2026.03.23-08.55.37:158][925]LogSavePackage: Moving '../../../../../../unreal/CyberKittysWeirdBox/Saved/house_Books_40_A_Object_0018F60988542DB53657C2FD49508C9D79C.tmp' to '../../../../../../unreal/CyberKittysWeirdBox/Content/House_Models/house_Books_40_A_Object_001.uasset'
[2026.03.23-08.55.37:170][925]Cmd: OBJ SAVEPACKAGE PACKAGE="/Game/House_Models/house_Books_40_A_Object_002" FILE="../../../../../../unreal/CyberKittysWeirdBox/Content/House_Models/house_Books_40_A_Object_002.uasset" SILENT=true
[2026.03.23-08.55.37:177][925]LogSavePackage: Moving '../../../../../../unreal/CyberKittysWeirdBox/Saved/house_Books_40_A_Object_002E4FEE55544F0093FD5EE95BC186DC9E1.tmp' to '../../../../../../unreal/CyberKittysWeirdBox/Content/House_Models/house_Books_40_A_Object_002.uasset'
[2026.03.23-08.55.37:188][925]Cmd: OBJ SAVEPACKAGE PACKAGE="/Game/House_Models/house_Books_40_A_Object_003" FILE="../../../../../../unreal/CyberKittysWeirdBox/Content/House_Models/house_Books_40_A_Object_003.uasset" SILENT=true
[2026.03.23-08.55.37:195][925]LogSavePackage: Moving '../../../../../../unreal/CyberKittysWeirdBox/Saved/house_Books_40_A_Object_003A8A5A7CB4EBAF89E977DDD8E34015BB0.tmp' to '../../../../../../unreal/CyberKittysWeirdBox/Content/House_Models/house_Books_40_A_Object_003.uasset'
[2026.03.23-08.55.37:205][925]Cmd: OBJ SAVEPACKAGE PACKAGE="/Game/House_Models/house_Books_40_B_Object" FILE="../../../../../../unreal/CyberKittysWeirdBox/Content/House_Models/house_Books_40_B_Object.uasset" SILENT=true
[2026.03.23-08.55.37:214][925]LogSavePackage: Moving '../../../../../../unreal/CyberKittysWeirdBox/Saved/house_Books_40_B_Object420265C745C885435BEC228CF0E6E7D8.tmp' to '../../../../../../unreal/CyberKittysWeirdBox/Content/House_Models/house_Books_40_B_Object.uasset'
[2026.03.23-08.55.37:224][925]Cmd: OBJ SAVEPACKAGE PACKAGE="/Game/House_Models/house_Books_40_B_Object_001" FILE="../../../../../../unreal/CyberKittysWeirdBox/Content/House_Models/house_Books_40_B_Object_001.uasset" SILENT=true
[2026.03.23-08.55.37:233][925]LogSavePackage: Moving '../../../../../../unreal/CyberKittysWeirdBox/Saved/house_Books_40_B_Object_001550DF4BA4F47A72DF98A39A07EE937E3.tmp' to '../../../../../../unreal/CyberKittysWeirdBox/Content/House_Models/house_Books_40_B_Object_001.uasset'
[2026.03.23-08.55.37:243][925]Cmd: OBJ SAVEPACKAGE PACKAGE="/Game/House_Models/house_Books_40_B_Object_002" FILE="../../../../../../unreal/CyberKittysWeirdBox/Content/House_Models/house_Books_40_B_Object_002.uasset" SILENT=true
[2026.03.23-08.55.37:251][925]LogSavePackage: Moving '../../../../../../unreal/CyberKittysWeirdBox/Saved/house_Books_40_B_Object_002C0F5F395481287F2AB153D8F1371C8A6.tmp' to '../../../../../../unreal/CyberKittysWeirdBox/Content/House_Models/house_Books_40_B_Object_002.uasset'
[2026.03.23-08.55.37:262][925]Cmd: OBJ SAVEPACKAGE PACKAGE="/Game/House_Models/house_Books_40_B_Object_003" FILE="../../../../../../unreal/CyberKittysWeirdBox/Content/House_Models/house_Books_40_B_Object_003.uasset" SILENT=true
[2026.03.23-08.55.37:270][925]LogSavePackage: Moving '../../../../../../unreal/CyberKittysWeirdBox/Saved/house_Books_40_B_Object_003026648CF4C476A1B23845F8909A94508.tmp' to '../../../../../../unreal/CyberKittysWeirdBox/Content/House_Models/house_Books_40_B_Object_003.uasset'
[2026.03.23-08.55.37:282][925]Cmd: OBJ SAVEPACKAGE PACKAGE="/Game/House_Models/house_Books_40_C_Object" FILE="../../../../../../unreal/CyberKittysWeirdBox/Content/House_Models/house_Books_40_C_Object.uasset" SILENT=true
[2026.03.23-08.55.37:289][925]LogSavePackage: Moving '../../../../../../unreal/CyberKittysWeirdBox/Saved/house_Books_40_C_Object3BD40792411D05AACB1951B2FF67E7FC.tmp' to '../../../../../../unreal/CyberKittysWeirdBox/Content/House_Models/house_Books_40_C_Object.uasset'
[2026.03.23-08.55.37:300][925]Cmd: OBJ SAVEPACKAGE PACKAGE="/Game/House_Models/house_Books_40_C_Object_001" FILE="../../../../../../unreal/CyberKittysWeirdBox/Content/House_Models/house_Books_40_C_Object_001.uasset" SILENT=true
[2026.03.23-08.55.37:308][925]LogSavePackage: Moving '../../../../../../unreal/CyberKittysWeirdBox/Saved/house_Books_40_C_Object_001F95221814547446587956A9D29ADF9F8.tmp' to '../../../../../../unreal/CyberKittysWeirdBox/Content/House_Models/house_Books_40_C_Object_001.uasset'
[2026.03.23-08.55.37:318][925]Cmd: OBJ SAVEPACKAGE PACKAGE="/Game/House_Models/house_Books_40_C_Object_002" FILE="../../../../../../unreal/CyberKittysWeirdBox/Content/House_Models/house_Books_40_C_Object_002.uasset" SILENT=true
[2026.03.23-08.55.37:326][925]LogSavePackage: Moving '../../../../../../unreal/CyberKittysWeirdBox/Saved/house_Books_40_C_Object_002C18B275D42694627D2FD88AFA3DE7FF0.tmp' to '../../../../../../unreal/CyberKittysWeirdBox/Content/House_Models/house_Books_40_C_Object_002.uasset'
[2026.03.23-08.55.37:337][925]Cmd: OBJ SAVEPACKAGE PACKAGE="/Game/House_Models/house_Books_40_C_Object_003" FILE="../../../../../../unreal/CyberKittysWeirdBox/Content/House_Models/house_Books_40_C_Object_003.uasset" SILENT=true
[2026.03.23-08.55.37:350][925]LogSavePackage: Moving '../../../../../../unreal/CyberKittysWeirdBox/Saved/house_Books_40_C_Object_0039A5E40A74EEBCC76177F84897F6C47F2.tmp' to '../../../../../../unreal/CyberKittysWeirdBox/Content/House_Models/house_Books_40_C_Object_003.uasset'
[2026.03.23-08.55.37:361][925]Cmd: OBJ SAVEPACKAGE PACKAGE="/Game/House_Models/house_Books_40_D_Object" FILE="../../../../../../unreal/CyberKittysWeirdBox/Content/House_Models/house_Books_40_D_Object.uasset" SILENT=true
[2026.03.23-08.55.37:370][925]LogSavePackage: Moving '../../../../../../unreal/CyberKittysWeirdBox/Saved/house_Books_40_D_ObjectD68CD0F74DE3453350191A8429F79BD3.tmp' to '../../../../../../unreal/CyberKittysWeirdBox/Content/House_Models/house_Books_40_D_Object.uasset'
[2026.03.23-08.55.37:382][925]Cmd: OBJ SAVEPACKAGE PACKAGE="/Game/House_Models/house_Books_40_D_Object_001" FILE="../../../../../../unreal/CyberKittysWeirdBox/Content/House_Models/house_Books_40_D_Object_001.uasset" SILENT=true
[2026.03.23-08.55.37:391][925]LogSavePackage: Moving '../../../../../../unreal/CyberKittysWeirdBox/Saved/house_Books_40_D_Object_00112C5523245081757CB4D5EB72F83806E.tmp' to '../../../../../../unreal/CyberKittysWeirdBox/Content/House_Models/house_Books_40_D_Object_001.uasset'
[2026.03.23-08.55.37:404][925]Cmd: OBJ SAVEPACKAGE PACKAGE="/Game/House_Models/house_Books_40_D_Object_002" FILE="../../../../../../unreal/CyberKittysWeirdBox/Content/House_Models/house_Books_40_D_Object_002.uasset" SILENT=true
[2026.03.23-08.55.37:413][925]LogSavePackage: Moving '../../../../../../unreal/CyberKittysWeirdBox/Saved/house_Books_40_D_Object_002CF7C2CEA477B0B0B9A471E8F56B3D586.tmp' to '../../../../../../unreal/CyberKittysWeirdBox/Content/House_Models/house_Books_40_D_Object_002.uasset'
[2026.03.23-08.55.37:425][925]Cmd: OBJ SAVEPACKAGE PACKAGE="/Game/House_Models/house_Books_40_D_Object_003" FILE="../../../../../../unreal/CyberKittysWeirdBox/Content/House_Models/house_Books_40_D_Object_003.uasset" SILENT=true
[2026.03.23-08.55.37:434][925]LogSavePackage: Moving '../../../../../../unreal/CyberKittysWeirdBox/Saved/house_Books_40_D_Object_003695FD6BD496D0D048393759DF05D44C2.tmp' to '../../../../../../unreal/CyberKittysWeirdBox/Content/House_Models/house_Books_40_D_Object_003.uasset'
[2026.03.23-08.55.37:445][925]Cmd: OBJ SAVEPACKAGE PACKAGE="/Game/House_Models/house_box3" FILE="../../../../../../unreal/CyberKittysWeirdBox/Content/House_Models/house_box3.uasset" SILENT=true
[2026.03.23-08.55.37:467][925]LogSavePackage: Moving '../../../../../../unreal/CyberKittysWeirdBox/Saved/house_box31399B82C4A141A926AEBF98BBF48F0DE.tmp' to '../../../../../../unreal/CyberKittysWeirdBox/Content/House_Models/house_box3.uasset'
[2026.03.23-08.55.37:479][925]Cmd: OBJ SAVEPACKAGE PACKAGE="/Game/House_Models/house_box_1" FILE="../../../../../../unreal/CyberKittysWeirdBox/Content/House_Models/house_box_1.uasset" SILENT=true
[2026.03.23-08.55.37:504][925]LogSavePackage: Moving '../../../../../../unreal/CyberKittysWeirdBox/Saved/house_box_186BA8CD74461A2452D787FB585EF5970.tmp' to '../../../../../../unreal/CyberKittysWeirdBox/Content/House_Models/house_box_1.uasset'
[2026.03.23-08.55.37:515][925]Cmd: OBJ SAVEPACKAGE PACKAGE="/Game/House_Models/house_box_2" FILE="../../../../../../unreal/CyberKittysWeirdBox/Content/House_Models/house_box_2.uasset" SILENT=true
[2026.03.23-08.55.37:536][925]LogSavePackage: Moving '../../../../../../unreal/CyberKittysWeirdBox/Saved/house_box_2EE7990684E27E8FF919CDE82A8B2FF46.tmp' to '../../../../../../unreal/CyberKittysWeirdBox/Content/House_Models/house_box_2.uasset'
[2026.03.23-08.55.37:547][925]Cmd: OBJ SAVEPACKAGE PACKAGE="/Game/House_Models/house_Brand" FILE="../../../../../../unreal/CyberKittysWeirdBox/Content/House_Models/house_Brand.uasset" SILENT=true
[2026.03.23-08.55.37:552][925]LogSavePackage: Moving '../../../../../../unreal/CyberKittysWeirdBox/Saved/house_Brand7A60460142B31144DCA65FB410E87EEA.tmp' to '../../../../../../unreal/CyberKittysWeirdBox/Content/House_Models/house_Brand.uasset'
[2026.03.23-08.55.37:562][925]Cmd: OBJ SAVEPACKAGE PACKAGE="/Game/House_Models/house_Button_001" FILE="../../../../../../unreal/CyberKittysWeirdBox/Content/House_Models/house_Button_001.uasset" SILENT=true
[2026.03.23-08.55.37:581][925]LogSavePackage: Moving '../../../../../../unreal/CyberKittysWeirdBox/Saved/house_Button_001E645AD954CA25128340AE592BADF3BF6.tmp' to '../../../../../../unreal/CyberKittysWeirdBox/Content/House_Models/house_Button_001.uasset'
[2026.03.23-08.55.37:592][925]Cmd: OBJ SAVEPACKAGE PACKAGE="/Game/House_Models/house_Button_002" FILE="../../../../../../unreal/CyberKittysWeirdBox/Content/House_Models/house_Button_002.uasset" SILENT=true
[2026.03.23-08.55.37:637][925]LogSavePackage: Moving '../../../../../../unreal/CyberKittysWeirdBox/Saved/house_Button_0024115AF9848362EB0927430913DB633D7.tmp' to '../../../../../../unreal/CyberKittysWeirdBox/Content/House_Models/house_Button_002.uasset'
[2026.03.23-08.55.37:648][925]Cmd: OBJ SAVEPACKAGE PACKAGE="/Game/House_Models/house_Button_003" FILE="../../../../../../unreal/CyberKittysWeirdBox/Content/House_Models/house_Button_003.uasset" SILENT=true
[2026.03.23-08.55.37:666][925]LogSavePackage: Moving '../../../../../../unreal/CyberKittysWeirdBox/Saved/house_Button_003D6D6BD40419B2060613927B50724B111.tmp' to '../../../../../../unreal/CyberKittysWeirdBox/Content/House_Models/house_Button_003.uasset'
[2026.03.23-08.55.37:678][925]Cmd: OBJ SAVEPACKAGE PACKAGE="/Game/House_Models/house_Button_004" FILE="../../../../../../unreal/CyberKittysWeirdBox/Content/House_Models/house_Button_004.uasset" SILENT=true
[2026.03.23-08.55.37:698][925]LogSavePackage: Moving '../../../../../../unreal/CyberKittysWeirdBox/Saved/house_Button_004EADFFC6F434637EE08B6F8B834F82B56.tmp' to '../../../../../../unreal/CyberKittysWeirdBox/Content/House_Models/house_Button_004.uasset'
[2026.03.23-08.55.37:709][925]Cmd: OBJ SAVEPACKAGE PACKAGE="/Game/House_Models/house_Button_005" FILE="../../../../../../unreal/CyberKittysWeirdBox/Content/House_Models/house_Button_005.uasset" SILENT=true
[2026.03.23-08.55.37:767][925]LogSavePackage: Moving '../../../../../../unreal/CyberKittysWeirdBox/Saved/house_Button_00534A1ACD649485820A2519999B87D5427.tmp' to '../../../../../../unreal/CyberKittysWeirdBox/Content/House_Models/house_Button_005.uasset'
[2026.03.23-08.55.37:778][925]Cmd: OBJ SAVEPACKAGE PACKAGE="/Game/House_Models/house_Button_006" FILE="../../../../../../unreal/CyberKittysWeirdBox/Content/House_Models/house_Button_006.uasset" SILENT=true
[2026.03.23-08.55.37:785][925]LogSavePackage: Moving '../../../../../../unreal/CyberKittysWeirdBox/Saved/house_Button_006808BEC46429E1FEBBAEAA58217CF5745.tmp' to '../../../../../../unreal/CyberKittysWeirdBox/Content/House_Models/house_Button_006.uasset'
[2026.03.23-08.55.37:796][925]Cmd: OBJ SAVEPACKAGE PACKAGE="/Game/House_Models/house_Button_007" FILE="../../../../../../unreal/CyberKittysWeirdBox/Content/House_Models/house_Button_007.uasset" SILENT=true
[2026.03.23-08.55.37:802][925]LogSavePackage: Moving '../../../../../../unreal/CyberKittysWeirdBox/Saved/house_Button_007660C814244A5C471790FB4855F5F7642.tmp' to '../../../../../../unreal/CyberKittysWeirdBox/Content/House_Models/house_Button_007.uasset'
[2026.03.23-08.55.37:812][925]Cmd: OBJ SAVEPACKAGE PACKAGE="/Game/House_Models/house_Button_008" FILE="../../../../../../unreal/CyberKittysWeirdBox/Content/House_Models/house_Button_008.uasset" SILENT=true
[2026.03.23-08.55.37:818][925]LogSavePackage: Moving '../../../../../../unreal/CyberKittysWeirdBox/Saved/house_Button_008D0B6792D4CA3D6140A1E5D9587D15F01.tmp' to '../../../../../../unreal/CyberKittysWeirdBox/Content/House_Models/house_Button_008.uasset'
[2026.03.23-08.55.37:829][925]Cmd: OBJ SAVEPACKAGE PACKAGE="/Game/House_Models/house_Button_009" FILE="../../../../../../unreal/CyberKittysWeirdBox/Content/House_Models/house_Button_009.uasset" SILENT=true
[2026.03.23-08.55.37:834][925]LogSavePackage: Moving '../../../../../../unreal/CyberKittysWeirdBox/Saved/house_Button_009865002374411CEF07EFD54A25F910DF9.tmp' to '../../../../../../unreal/CyberKittysWeirdBox/Content/House_Models/house_Button_009.uasset'
[2026.03.23-08.55.37:845][925]Cmd: OBJ SAVEPACKAGE PACKAGE="/Game/House_Models/house_Button_010" FILE="../../../../../../unreal/CyberKittysWeirdBox/Content/House_Models/house_Button_010.uasset" SILENT=true
[2026.03.23-08.55.37:852][925]LogSavePackage: Moving '../../../../../../unreal/CyberKittysWeirdBox/Saved/house_Button_010EB82FAF04ADB355C03B51AB7EDC13F46.tmp' to '../../../../../../unreal/CyberKittysWeirdBox/Content/House_Models/house_Button_010.uasset'
[2026.03.23-08.55.37:863][925]Cmd: OBJ SAVEPACKAGE PACKAGE="/Game/House_Models/house_Button_012" FILE="../../../../../../unreal/CyberKittysWeirdBox/Content/House_Models/house_Button_012.uasset" SILENT=true
[2026.03.23-08.55.37:889][925]LogSavePackage: Moving '../../../../../../unreal/CyberKittysWeirdBox/Saved/house_Button_012BDBC6D7A48D7137BA818B596D775F699.tmp' to '../../../../../../unreal/CyberKittysWeirdBox/Content/House_Models/house_Button_012.uasset'
[2026.03.23-08.55.37:900][925]Cmd: OBJ SAVEPACKAGE PACKAGE="/Game/House_Models/house_Button_013" FILE="../../../../../../unreal/CyberKittysWeirdBox/Content/House_Models/house_Button_013.uasset" SILENT=true
[2026.03.23-08.55.37:909][925]LogSavePackage: Moving '../../../../../../unreal/CyberKittysWeirdBox/Saved/house_Button_0133BCBD3C14BDC2027C085C395D047D28B.tmp' to '../../../../../../unreal/CyberKittysWeirdBox/Content/House_Models/house_Button_013.uasset'
[2026.03.23-08.55.37:919][925]Cmd: OBJ SAVEPACKAGE PACKAGE="/Game/House_Models/house_Button_014" FILE="../../../../../../unreal/CyberKittysWeirdBox/Content/House_Models/house_Button_014.uasset" SILENT=true
[2026.03.23-08.55.37:924][925]LogSavePackage: Moving '../../../../../../unreal/CyberKittysWeirdBox/Saved/house_Button_0144257CA4B4BDBF4D9862F84901F3A2542.tmp' to '../../../../../../unreal/CyberKittysWeirdBox/Content/House_Models/house_Button_014.uasset'
[2026.03.23-08.55.37:935][925]Cmd: OBJ SAVEPACKAGE PACKAGE="/Game/House_Models/house_Button_015" FILE="../../../../../../unreal/CyberKittysWeirdBox/Content/House_Models/house_Button_015.uasset" SILENT=true
[2026.03.23-08.55.37:942][925]LogSavePackage: Moving '../../../../../../unreal/CyberKittysWeirdBox/Saved/house_Button_0159829154C486BF279CF2B38B69B8FE3B0.tmp' to '../../../../../../unreal/CyberKittysWeirdBox/Content/House_Models/house_Button_015.uasset'
[2026.03.23-08.55.37:954][925]Cmd: OBJ SAVEPACKAGE PACKAGE="/Game/House_Models/house_Button_016" FILE="../../../../../../unreal/CyberKittysWeirdBox/Content/House_Models/house_Button_016.uasset" SILENT=true
[2026.03.23-08.55.37:958][925]LogSavePackage: Moving '../../../../../../unreal/CyberKittysWeirdBox/Saved/house_Button_016EF36FBAD4DCCE99EB583AE98628BF5BE.tmp' to '../../../../../../unreal/CyberKittysWeirdBox/Content/House_Models/house_Button_016.uasset'
[2026.03.23-08.55.37:970][925]Cmd: OBJ SAVEPACKAGE PACKAGE="/Game/House_Models/house_Button_017" FILE="../../../../../../unreal/CyberKittysWeirdBox/Content/House_Models/house_Button_017.uasset" SILENT=true
[2026.03.23-08.55.37:996][925]LogSavePackage: Moving '../../../../../../unreal/CyberKittysWeirdBox/Saved/house_Button_0175A5074B34434433D7F0CB8BC76D9AB6A.tmp' to '../../../../../../unreal/CyberKittysWeirdBox/Content/House_Models/house_Button_017.uasset'
[2026.03.23-08.55.38:006][925]Cmd: OBJ SAVEPACKAGE PACKAGE="/Game/House_Models/house_Button_018" FILE="../../../../../../unreal/CyberKittysWeirdBox/Content/House_Models/house_Button_018.uasset" SILENT=true
[2026.03.23-08.55.38:010][925]LogSavePackage: Moving '../../../../../../unreal/CyberKittysWeirdBox/Saved/house_Button_018F77B4F8C46D5A47B51A42094D49313DD.tmp' to '../../../../../../unreal/CyberKittysWeirdBox/Content/House_Models/house_Button_018.uasset'
[2026.03.23-08.55.38:021][925]Cmd: OBJ SAVEPACKAGE PACKAGE="/Game/House_Models/house_Button_019" FILE="../../../../../../unreal/CyberKittysWeirdBox/Content/House_Models/house_Button_019.uasset" SILENT=true
[2026.03.23-08.55.38:042][925]LogSavePackage: Moving '../../../../../../unreal/CyberKittysWeirdBox/Saved/house_Button_0192B437D61446FE95181509B8C251199CA.tmp' to '../../../../../../unreal/CyberKittysWeirdBox/Content/House_Models/house_Button_019.uasset'
[2026.03.23-08.55.38:052][925]Cmd: OBJ SAVEPACKAGE PACKAGE="/Game/House_Models/house_Button_020" FILE="../../../../../../unreal/CyberKittysWeirdBox/Content/House_Models/house_Button_020.uasset" SILENT=true
[2026.03.23-08.55.38:072][925]LogSavePackage: Moving '../../../../../../unreal/CyberKittysWeirdBox/Saved/house_Button_0209EAD47A64DC2AF51B485D19FA19E0017.tmp' to '../../../../../../unreal/CyberKittysWeirdBox/Content/House_Models/house_Button_020.uasset'
[2026.03.23-08.55.38:082][925]Cmd: OBJ SAVEPACKAGE PACKAGE="/Game/House_Models/house_CAM_Entrance" FILE="../../../../../../unreal/CyberKittysWeirdBox/Content/House_Models/house_CAM_Entrance.uasset" SILENT=true
[2026.03.23-08.55.38:096][925]LogSavePackage: Moving '../../../../../../unreal/CyberKittysWeirdBox/Saved/house_CAM_Entrance591FCB304D1E45A6AAFD48AE2EB8C7A2.tmp' to '../../../../../../unreal/CyberKittysWeirdBox/Content/House_Models/house_CAM_Entrance.uasset'
[2026.03.23-08.55.38:107][925]Cmd: OBJ SAVEPACKAGE PACKAGE="/Game/House_Models/house_CAM_Kitchen" FILE="../../../../../../unreal/CyberKittysWeirdBox/Content/House_Models/house_CAM_Kitchen.uasset" SILENT=true
[2026.03.23-08.55.38:121][925]LogSavePackage: Moving '../../../../../../unreal/CyberKittysWeirdBox/Saved/house_CAM_Kitchen5C868E8647B23C4F8AE29DAC25EC493E.tmp' to '../../../../../../unreal/CyberKittysWeirdBox/Content/House_Models/house_CAM_Kitchen.uasset'
[2026.03.23-08.55.38:133][925]Cmd: OBJ SAVEPACKAGE PACKAGE="/Game/House_Models/house_CAM_Kitchen_001" FILE="../../../../../../unreal/CyberKittysWeirdBox/Content/House_Models/house_CAM_Kitchen_001.uasset" SILENT=true
[2026.03.23-08.55.38:149][925]LogSavePackage: Moving '../../../../../../unreal/CyberKittysWeirdBox/Saved/house_CAM_Kitchen_00139ADC30243044A33DEAA3E94A23D20BF.tmp' to '../../../../../../unreal/CyberKittysWeirdBox/Content/House_Models/house_CAM_Kitchen_001.uasset'
[2026.03.23-08.55.38:160][925]Cmd: OBJ SAVEPACKAGE PACKAGE="/Game/House_Models/house_CAM_Living_Room" FILE="../../../../../../unreal/CyberKittysWeirdBox/Content/House_Models/house_CAM_Living_Room.uasset" SILENT=true
[2026.03.23-08.55.38:176][925]LogSavePackage: Moving '../../../../../../unreal/CyberKittysWeirdBox/Saved/house_CAM_Living_RoomA82BCC2E4369DE3D2DF4E2B94FC3F99E.tmp' to '../../../../../../unreal/CyberKittysWeirdBox/Content/House_Models/house_CAM_Living_Room.uasset'
[2026.03.23-08.55.38:187][925]Cmd: OBJ SAVEPACKAGE PACKAGE="/Game/House_Models/house_Camera_Internal" FILE="../../../../../../unreal/CyberKittysWeirdBox/Content/House_Models/house_Camera_Internal.uasset" SILENT=true
[2026.03.23-08.55.38:192][925]LogSavePackage: Moving '../../../../../../unreal/CyberKittysWeirdBox/Saved/house_Camera_InternalA9D36F83469D66F53B16BBBF09D9B827.tmp' to '../../../../../../unreal/CyberKittysWeirdBox/Content/House_Models/house_Camera_Internal.uasset'
[2026.03.23-08.55.38:204][925]Cmd: OBJ SAVEPACKAGE PACKAGE="/Game/House_Models/house_ceiling" FILE="../../../../../../unreal/CyberKittysWeirdBox/Content/House_Models/house_ceiling.uasset" SILENT=true
[2026.03.23-08.55.38:208][925]LogSavePackage: Moving '../../../../../../unreal/CyberKittysWeirdBox/Saved/house_ceilingE646CB164FF8C147CAB120A834F6AE22.tmp' to '../../../../../../unreal/CyberKittysWeirdBox/Content/House_Models/house_ceiling.uasset'
[2026.03.23-08.55.38:219][925]Cmd: OBJ SAVEPACKAGE PACKAGE="/Game/House_Models/house_Circle002" FILE="../../../../../../unreal/CyberKittysWeirdBox/Content/House_Models/house_Circle002.uasset" SILENT=true
[2026.03.23-08.55.38:227][925]LogSavePackage: Moving '../../../../../../unreal/CyberKittysWeirdBox/Saved/house_Circle0022758F0D4471EA10D4A1D2AB7ACE35321.tmp' to '../../../../../../unreal/CyberKittysWeirdBox/Content/House_Models/house_Circle002.uasset'
[2026.03.23-08.55.38:237][925]Cmd: OBJ SAVEPACKAGE PACKAGE="/Game/House_Models/house_Circle_001" FILE="../../../../../../unreal/CyberKittysWeirdBox/Content/House_Models/house_Circle_001.uasset" SILENT=true
[2026.03.23-08.55.38:247][925]LogSavePackage: Moving '../../../../../../unreal/CyberKittysWeirdBox/Saved/house_Circle_00154A92AD940AD1063C5425EA338B896DD.tmp' to '../../../../../../unreal/CyberKittysWeirdBox/Content/House_Models/house_Circle_001.uasset'
[2026.03.23-08.55.38:259][925]Cmd: OBJ SAVEPACKAGE PACKAGE="/Game/House_Models/house_Circle_004" FILE="../../../../../../unreal/CyberKittysWeirdBox/Content/House_Models/house_Circle_004.uasset" SILENT=true
[2026.03.23-08.55.38:277][925]LogSavePackage: Moving '../../../../../../unreal/CyberKittysWeirdBox/Saved/house_Circle_00492B76D354E6CC16094C01B98140D4B4A.tmp' to '../../../../../../unreal/CyberKittysWeirdBox/Content/House_Models/house_Circle_004.uasset'
[2026.03.23-08.55.38:288][925]Cmd: OBJ SAVEPACKAGE PACKAGE="/Game/House_Models/house_Circle_145" FILE="../../../../../../unreal/CyberKittysWeirdBox/Content/House_Models/house_Circle_145.uasset" SILENT=true
[2026.03.23-08.55.38:297][925]LogSavePackage: Moving '../../../../../../unreal/CyberKittysWeirdBox/Saved/house_Circle_1459042511E42124FB9D744F280FE4490B3.tmp' to '../../../../../../unreal/CyberKittysWeirdBox/Content/House_Models/house_Circle_145.uasset'
[2026.03.23-08.55.38:308][925]Cmd: OBJ SAVEPACKAGE PACKAGE="/Game/House_Models/house_Coffee_Table" FILE="../../../../../../unreal/CyberKittysWeirdBox/Content/House_Models/house_Coffee_Table.uasset" SILENT=true
[2026.03.23-08.55.38:314][925]LogSavePackage: Moving '../../../../../../unreal/CyberKittysWeirdBox/Saved/house_Coffee_Table90B95D07486BC418B30B86BB6FAD587E.tmp' to '../../../../../../unreal/CyberKittysWeirdBox/Content/House_Models/house_Coffee_Table.uasset'
[2026.03.23-08.55.38:325][925]Cmd: OBJ SAVEPACKAGE PACKAGE="/Game/House_Models/house_Counter_Table" FILE="../../../../../../unreal/CyberKittysWeirdBox/Content/House_Models/house_Counter_Table.uasset" SILENT=true
[2026.03.23-08.55.38:330][925]LogSavePackage: Moving '../../../../../../unreal/CyberKittysWeirdBox/Saved/house_Counter_TableC3E935194780F6829A62609AF6A8810C.tmp' to '../../../../../../unreal/CyberKittysWeirdBox/Content/House_Models/house_Counter_Table.uasset'
[2026.03.23-08.55.38:341][925]Cmd: OBJ SAVEPACKAGE PACKAGE="/Game/House_Models/house_Cube046001" FILE="../../../../../../unreal/CyberKittysWeirdBox/Content/House_Models/house_Cube046001.uasset" SILENT=true
[2026.03.23-08.55.38:347][925]LogSavePackage: Moving '../../../../../../unreal/CyberKittysWeirdBox/Saved/house_Cube0460012AF0E3C143F9B8198354498BF11B2F4B.tmp' to '../../../../../../unreal/CyberKittysWeirdBox/Content/House_Models/house_Cube046001.uasset'
[2026.03.23-08.55.38:357][925]Cmd: OBJ SAVEPACKAGE PACKAGE="/Game/House_Models/house_Cube_067" FILE="../../../../../../unreal/CyberKittysWeirdBox/Content/House_Models/house_Cube_067.uasset" SILENT=true
[2026.03.23-08.55.38:364][925]LogSavePackage: Moving '../../../../../../unreal/CyberKittysWeirdBox/Saved/house_Cube_0671A62017940899CFD27CA05AD62BA73F6.tmp' to '../../../../../../unreal/CyberKittysWeirdBox/Content/House_Models/house_Cube_067.uasset'
[2026.03.23-08.55.38:374][925]Cmd: OBJ SAVEPACKAGE PACKAGE="/Game/House_Models/house_Cube_068" FILE="../../../../../../unreal/CyberKittysWeirdBox/Content/House_Models/house_Cube_068.uasset" SILENT=true
[2026.03.23-08.55.38:379][925]LogSavePackage: Moving '../../../../../../unreal/CyberKittysWeirdBox/Saved/house_Cube_068F741044A48012C18699FAD8A4C877529.tmp' to '../../../../../../unreal/CyberKittysWeirdBox/Content/House_Models/house_Cube_068.uasset'
[2026.03.23-08.55.38:393][925]Cmd: OBJ SAVEPACKAGE PACKAGE="/Game/House_Models/house_Cube_102" FILE="../../../../../../unreal/CyberKittysWeirdBox/Content/House_Models/house_Cube_102.uasset" SILENT=true
[2026.03.23-08.55.38:401][925]LogSavePackage: Moving '../../../../../../unreal/CyberKittysWeirdBox/Saved/house_Cube_102E0E182544B3D61D659ABA9AE47EEF57B.tmp' to '../../../../../../unreal/CyberKittysWeirdBox/Content/House_Models/house_Cube_102.uasset'
[2026.03.23-08.55.38:413][925]Cmd: OBJ SAVEPACKAGE PACKAGE="/Game/House_Models/house_Cylinder_022" FILE="../../../../../../unreal/CyberKittysWeirdBox/Content/House_Models/house_Cylinder_022.uasset" SILENT=true
[2026.03.23-08.55.38:437][925]LogSavePackage: Moving '../../../../../../unreal/CyberKittysWeirdBox/Saved/house_Cylinder_02265D2BF9B42FEFCD2284F50839313D09B.tmp' to '../../../../../../unreal/CyberKittysWeirdBox/Content/House_Models/house_Cylinder_022.uasset'
[2026.03.23-08.55.38:447][925]Cmd: OBJ SAVEPACKAGE PACKAGE="/Game/House_Models/house_Door_005" FILE="../../../../../../unreal/CyberKittysWeirdBox/Content/House_Models/house_Door_005.uasset" SILENT=true
[2026.03.23-08.55.38:452][925]LogSavePackage: Moving '../../../../../../unreal/CyberKittysWeirdBox/Saved/house_Door_005F3FFA1FC4B9611CA8FDFAD8105853E2E.tmp' to '../../../../../../unreal/CyberKittysWeirdBox/Content/House_Models/house_Door_005.uasset'
[2026.03.23-08.55.38:463][925]Cmd: OBJ SAVEPACKAGE PACKAGE="/Game/House_Models/house_Door_Panel" FILE="../../../../../../unreal/CyberKittysWeirdBox/Content/House_Models/house_Door_Panel.uasset" SILENT=true
[2026.03.23-08.55.38:467][925]LogSavePackage: Moving '../../../../../../unreal/CyberKittysWeirdBox/Saved/house_Door_PanelFCD93355493420C600BD4F9251466498.tmp' to '../../../../../../unreal/CyberKittysWeirdBox/Content/House_Models/house_Door_Panel.uasset'
[2026.03.23-08.55.38:477][925]Cmd: OBJ SAVEPACKAGE PACKAGE="/Game/House_Models/house_Door_Panel_001" FILE="../../../../../../unreal/CyberKittysWeirdBox/Content/House_Models/house_Door_Panel_001.uasset" SILENT=true
[2026.03.23-08.55.38:482][925]LogSavePackage: Moving '../../../../../../unreal/CyberKittysWeirdBox/Saved/house_Door_Panel_0015DCD4AA14552424375F7D1905C5E24CB.tmp' to '../../../../../../unreal/CyberKittysWeirdBox/Content/House_Models/house_Door_Panel_001.uasset'
[2026.03.23-08.55.38:492][925]Cmd: OBJ SAVEPACKAGE PACKAGE="/Game/House_Models/house_Door_Panel_002" FILE="../../../../../../unreal/CyberKittysWeirdBox/Content/House_Models/house_Door_Panel_002.uasset" SILENT=true
[2026.03.23-08.55.38:496][925]LogSavePackage: Moving '../../../../../../unreal/CyberKittysWeirdBox/Saved/house_Door_Panel_0024AEC4A6A4E9514CD13BEDD855457712A.tmp' to '../../../../../../unreal/CyberKittysWeirdBox/Content/House_Models/house_Door_Panel_002.uasset'
[2026.03.23-08.55.38:507][925]Cmd: OBJ SAVEPACKAGE PACKAGE="/Game/House_Models/house_Door_Panel_003" FILE="../../../../../../unreal/CyberKittysWeirdBox/Content/House_Models/house_Door_Panel_003.uasset" SILENT=true
[2026.03.23-08.55.38:511][925]LogSavePackage: Moving '../../../../../../unreal/CyberKittysWeirdBox/Saved/house_Door_Panel_00395D1CCD84083BED7BCE73E8489A46CEF.tmp' to '../../../../../../unreal/CyberKittysWeirdBox/Content/House_Models/house_Door_Panel_003.uasset'
[2026.03.23-08.55.38:522][925]Cmd: OBJ SAVEPACKAGE PACKAGE="/Game/House_Models/house_DoorFrame_001" FILE="../../../../../../unreal/CyberKittysWeirdBox/Content/House_Models/house_DoorFrame_001.uasset" SILENT=true
[2026.03.23-08.55.38:527][925]LogSavePackage: Moving '../../../../../../unreal/CyberKittysWeirdBox/Saved/house_DoorFrame_001C695733144C288986EB35F95CC4E2241.tmp' to '../../../../../../unreal/CyberKittysWeirdBox/Content/House_Models/house_DoorFrame_001.uasset'
[2026.03.23-08.55.38:538][925]Cmd: OBJ SAVEPACKAGE PACKAGE="/Game/House_Models/house_DoorFrame_002" FILE="../../../../../../unreal/CyberKittysWeirdBox/Content/House_Models/house_DoorFrame_002.uasset" SILENT=true
[2026.03.23-08.55.38:545][925]LogSavePackage: Moving '../../../../../../unreal/CyberKittysWeirdBox/Saved/house_DoorFrame_0027E25CB4C4E3758C126D9BB892A4A9CE7.tmp' to '../../../../../../unreal/CyberKittysWeirdBox/Content/House_Models/house_DoorFrame_002.uasset'
[2026.03.23-08.55.38:557][925]Cmd: OBJ SAVEPACKAGE PACKAGE="/Game/House_Models/house_DoorFrame_003" FILE="../../../../../../unreal/CyberKittysWeirdBox/Content/House_Models/house_DoorFrame_003.uasset" SILENT=true
[2026.03.23-08.55.38:566][925]LogSavePackage: Moving '../../../../../../unreal/CyberKittysWeirdBox/Saved/house_DoorFrame_003DEE7D06840176793EE2A219337858A55.tmp' to '../../../../../../unreal/CyberKittysWeirdBox/Content/House_Models/house_DoorFrame_003.uasset'
[2026.03.23-08.55.38:577][925]Cmd: OBJ SAVEPACKAGE PACKAGE="/Game/House_Models/house_DoorFrame_004" FILE="../../../../../../unreal/CyberKittysWeirdBox/Content/House_Models/house_DoorFrame_004.uasset" SILENT=true
[2026.03.23-08.55.38:581][925]LogSavePackage: Moving '../../../../../../unreal/CyberKittysWeirdBox/Saved/house_DoorFrame_004A3A7493344E158EEB6B5F1971E2723CA.tmp' to '../../../../../../unreal/CyberKittysWeirdBox/Content/House_Models/house_DoorFrame_004.uasset'
[2026.03.23-08.55.38:592][925]Cmd: OBJ SAVEPACKAGE PACKAGE="/Game/House_Models/house_drawer_guides_1" FILE="../../../../../../unreal/CyberKittysWeirdBox/Content/House_Models/house_drawer_guides_1.uasset" SILENT=true
[2026.03.23-08.55.38:606][925]LogSavePackage: Moving '../../../../../../unreal/CyberKittysWeirdBox/Saved/house_drawer_guides_1F5CB9B8D475828B79DF4359D51B6E5E0.tmp' to '../../../../../../unreal/CyberKittysWeirdBox/Content/House_Models/house_drawer_guides_1.uasset'
[2026.03.23-08.55.38:618][925]Cmd: OBJ SAVEPACKAGE PACKAGE="/Game/House_Models/house_drawer_guides_2" FILE="../../../../../../unreal/CyberKittysWeirdBox/Content/House_Models/house_drawer_guides_2.uasset" SILENT=true
[2026.03.23-08.55.38:628][925]LogSavePackage: Moving '../../../../../../unreal/CyberKittysWeirdBox/Saved/house_drawer_guides_29B0BC333477ADFD6605911B60851845B.tmp' to '../../../../../../unreal/CyberKittysWeirdBox/Content/House_Models/house_drawer_guides_2.uasset'
[2026.03.23-08.55.38:640][925]Cmd: OBJ SAVEPACKAGE PACKAGE="/Game/House_Models/house_drawer_guides_3" FILE="../../../../../../unreal/CyberKittysWeirdBox/Content/House_Models/house_drawer_guides_3.uasset" SILENT=true
[2026.03.23-08.55.38:650][925]LogSavePackage: Moving '../../../../../../unreal/CyberKittysWeirdBox/Saved/house_drawer_guides_362A5431149DD39A7DED0FDAC9D1D4657.tmp' to '../../../../../../unreal/CyberKittysWeirdBox/Content/House_Models/house_drawer_guides_3.uasset'
[2026.03.23-08.55.38:662][925]Cmd: OBJ SAVEPACKAGE PACKAGE="/Game/House_Models/house_Fastener" FILE="../../../../../../unreal/CyberKittysWeirdBox/Content/House_Models/house_Fastener.uasset" SILENT=true
[2026.03.23-08.55.38:668][925]LogSavePackage: Moving '../../../../../../unreal/CyberKittysWeirdBox/Saved/house_FastenerCD58A2C347F0E54F8A6D41B957E5D2E0.tmp' to '../../../../../../unreal/CyberKittysWeirdBox/Content/House_Models/house_Fastener.uasset'
[2026.03.23-08.55.38:679][925]Cmd: OBJ SAVEPACKAGE PACKAGE="/Game/House_Models/house_Fastener_" FILE="../../../../../../unreal/CyberKittysWeirdBox/Content/House_Models/house_Fastener_.uasset" SILENT=true
[2026.03.23-08.55.38:685][925]LogSavePackage: Moving '../../../../../../unreal/CyberKittysWeirdBox/Saved/house_Fastener_558B3CB04E21BF4A8BF74F870BF8FDB9.tmp' to '../../../../../../unreal/CyberKittysWeirdBox/Content/House_Models/house_Fastener_.uasset'
[2026.03.23-08.55.38:697][925]Cmd: OBJ SAVEPACKAGE PACKAGE="/Game/House_Models/house_Fastener_001" FILE="../../../../../../unreal/CyberKittysWeirdBox/Content/House_Models/house_Fastener_001.uasset" SILENT=true
[2026.03.23-08.55.38:702][925]LogSavePackage: Moving '../../../../../../unreal/CyberKittysWeirdBox/Saved/house_Fastener_001EE70600F43C0E8ED595522904B7407B5.tmp' to '../../../../../../unreal/CyberKittysWeirdBox/Content/House_Models/house_Fastener_001.uasset'
[2026.03.23-08.55.38:713][925]Cmd: OBJ SAVEPACKAGE PACKAGE="/Game/House_Models/house_Fastener_002" FILE="../../../../../../unreal/CyberKittysWeirdBox/Content/House_Models/house_Fastener_002.uasset" SILENT=true
[2026.03.23-08.55.38:719][925]LogSavePackage: Moving '../../../../../../unreal/CyberKittysWeirdBox/Saved/house_Fastener_002E8AF75244211C1AF0EB6C4A67949E1E7.tmp' to '../../../../../../unreal/CyberKittysWeirdBox/Content/House_Models/house_Fastener_002.uasset'
[2026.03.23-08.55.38:729][925]Cmd: OBJ SAVEPACKAGE PACKAGE="/Game/House_Models/house_Fastener_003" FILE="../../../../../../unreal/CyberKittysWeirdBox/Content/House_Models/house_Fastener_003.uasset" SILENT=true
[2026.03.23-08.55.38:735][925]LogSavePackage: Moving '../../../../../../unreal/CyberKittysWeirdBox/Saved/house_Fastener_003506EE5CD4E871CDA2834A68F87AB1EF5.tmp' to '../../../../../../unreal/CyberKittysWeirdBox/Content/House_Models/house_Fastener_003.uasset'
[2026.03.23-08.55.38:745][925]Cmd: OBJ SAVEPACKAGE PACKAGE="/Game/House_Models/house_Fastener_004" FILE="../../../../../../unreal/CyberKittysWeirdBox/Content/House_Models/house_Fastener_004.uasset" SILENT=true
[2026.03.23-08.55.38:750][925]LogSavePackage: Moving '../../../../../../unreal/CyberKittysWeirdBox/Saved/house_Fastener_0046B054A8A4733652F6AC17B8B1EE017BF.tmp' to '../../../../../../unreal/CyberKittysWeirdBox/Content/House_Models/house_Fastener_004.uasset'
[2026.03.23-08.55.38:761][925]Cmd: OBJ SAVEPACKAGE PACKAGE="/Game/House_Models/house_Fastener_005" FILE="../../../../../../unreal/CyberKittysWeirdBox/Content/House_Models/house_Fastener_005.uasset" SILENT=true
[2026.03.23-08.55.38:767][925]LogSavePackage: Moving '../../../../../../unreal/CyberKittysWeirdBox/Saved/house_Fastener_00521CDF99C4F08A8BA0CAC00882DC9A29A.tmp' to '../../../../../../unreal/CyberKittysWeirdBox/Content/House_Models/house_Fastener_005.uasset'
[2026.03.23-08.55.38:777][925]Cmd: OBJ SAVEPACKAGE PACKAGE="/Game/House_Models/house_Fastener_006" FILE="../../../../../../unreal/CyberKittysWeirdBox/Content/House_Models/house_Fastener_006.uasset" SILENT=true
[2026.03.23-08.55.38:783][925]LogSavePackage: Moving '../../../../../../unreal/CyberKittysWeirdBox/Saved/house_Fastener_006A8024DAD404CE2C59F342789A9262E6F.tmp' to '../../../../../../unreal/CyberKittysWeirdBox/Content/House_Models/house_Fastener_006.uasset'
[2026.03.23-08.55.38:794][925]Cmd: OBJ SAVEPACKAGE PACKAGE="/Game/House_Models/house_Flash_Shoe" FILE="../../../../../../unreal/CyberKittysWeirdBox/Content/House_Models/house_Flash_Shoe.uasset" SILENT=true
[2026.03.23-08.55.38:800][925]LogSavePackage: Moving '../../../../../../unreal/CyberKittysWeirdBox/Saved/house_Flash_Shoe2839E0E147FB541D39A84B8B7CA20D24.tmp' to '../../../../../../unreal/CyberKittysWeirdBox/Content/House_Models/house_Flash_Shoe.uasset'
[2026.03.23-08.55.38:811][925]Cmd: OBJ SAVEPACKAGE PACKAGE="/Game/House_Models/house_floor" FILE="../../../../../../unreal/CyberKittysWeirdBox/Content/House_Models/house_floor.uasset" SILENT=true
[2026.03.23-08.55.38:815][925]LogSavePackage: Moving '../../../../../../unreal/CyberKittysWeirdBox/Saved/house_floorBFF630854C9FD88B67443287F9F1933A.tmp' to '../../../../../../unreal/CyberKittysWeirdBox/Content/House_Models/house_floor.uasset'
[2026.03.23-08.55.38:825][925]Cmd: OBJ SAVEPACKAGE PACKAGE="/Game/House_Models/house_Floor_001" FILE="../../../../../../unreal/CyberKittysWeirdBox/Content/House_Models/house_Floor_001.uasset" SILENT=true
[2026.03.23-08.55.38:829][925]LogSavePackage: Moving '../../../../../../unreal/CyberKittysWeirdBox/Saved/house_Floor_00166FB02C44C4A568D404CE9BAF1D4EC66.tmp' to '../../../../../../unreal/CyberKittysWeirdBox/Content/House_Models/house_Floor_001.uasset'
[2026.03.23-08.55.38:841][925]Cmd: OBJ SAVEPACKAGE PACKAGE="/Game/House_Models/house_FloorLamp_Bulb" FILE="../../../../../../unreal/CyberKittysWeirdBox/Content/House_Models/house_FloorLamp_Bulb.uasset" SILENT=true
[2026.03.23-08.55.38:848][925]LogSavePackage: Moving '../../../../../../unreal/CyberKittysWeirdBox/Saved/house_FloorLamp_Bulb76B5753440C3C799752AADBC6F781CB9.tmp' to '../../../../../../unreal/CyberKittysWeirdBox/Content/House_Models/house_FloorLamp_Bulb.uasset'
[2026.03.23-08.55.38:859][925]Cmd: OBJ SAVEPACKAGE PACKAGE="/Game/House_Models/house_FloorLamp_Cover" FILE="../../../../../../unreal/CyberKittysWeirdBox/Content/House_Models/house_FloorLamp_Cover.uasset" SILENT=true
[2026.03.23-08.55.38:864][925]LogSavePackage: Moving '../../../../../../unreal/CyberKittysWeirdBox/Saved/house_FloorLamp_CoverDCBE01A24A804E36B0F53DB1F011DCEB.tmp' to '../../../../../../unreal/CyberKittysWeirdBox/Content/House_Models/house_FloorLamp_Cover.uasset'
[2026.03.23-08.55.38:875][925]Cmd: OBJ SAVEPACKAGE PACKAGE="/Game/House_Models/house_FloorLamp_Stem" FILE="../../../../../../unreal/CyberKittysWeirdBox/Content/House_Models/house_FloorLamp_Stem.uasset" SILENT=true
[2026.03.23-08.55.38:881][925]LogSavePackage: Moving '../../../../../../unreal/CyberKittysWeirdBox/Saved/house_FloorLamp_StemEC118B4F48397AB213DD43AA23B59AEE.tmp' to '../../../../../../unreal/CyberKittysWeirdBox/Content/House_Models/house_FloorLamp_Stem.uasset'
[2026.03.23-08.55.38:893][925]Cmd: OBJ SAVEPACKAGE PACKAGE="/Game/House_Models/house_FloorLamp_Wire" FILE="../../../../../../unreal/CyberKittysWeirdBox/Content/House_Models/house_FloorLamp_Wire.uasset" SILENT=true
[2026.03.23-08.55.38:902][925]LogSavePackage: Moving '../../../../../../unreal/CyberKittysWeirdBox/Saved/house_FloorLamp_Wire280E16F244AA35E6E4947E8E95BD098B.tmp' to '../../../../../../unreal/CyberKittysWeirdBox/Content/House_Models/house_FloorLamp_Wire.uasset'
[2026.03.23-08.55.38:915][925]Cmd: OBJ SAVEPACKAGE PACKAGE="/Game/House_Models/house_FloroLamp_WirePlug" FILE="../../../../../../unreal/CyberKittysWeirdBox/Content/House_Models/house_FloroLamp_WirePlug.uasset" SILENT=true
[2026.03.23-08.55.38:920][925]LogSavePackage: Moving '../../../../../../unreal/CyberKittysWeirdBox/Saved/house_FloroLamp_WirePlugF68D860E48079FD09A09E2AD52FECF1D.tmp' to '../../../../../../unreal/CyberKittysWeirdBox/Content/House_Models/house_FloroLamp_WirePlug.uasset'
[2026.03.23-08.55.38:932][925]Cmd: OBJ SAVEPACKAGE PACKAGE="/Game/House_Models/house_Garage_Door" FILE="../../../../../../unreal/CyberKittysWeirdBox/Content/House_Models/house_Garage_Door.uasset" SILENT=true
[2026.03.23-08.55.38:937][925]LogSavePackage: Moving '../../../../../../unreal/CyberKittysWeirdBox/Saved/house_Garage_DoorFB087C874C31CD71C6890C95D80289B2.tmp' to '../../../../../../unreal/CyberKittysWeirdBox/Content/House_Models/house_Garage_Door.uasset'
[2026.03.23-08.55.39:206][925]LogSavePackage: Moving '../../../../../../unreal/CyberKittysWeirdBox/Saved/house_Grey_Blackout_Curtain_with8F59C52F4E3F5C1DCBB6E081F7155128.tmp' to '../../../../../../unreal/CyberKittysWeirdBox/Content/House_Models/house_Grey_Blackout_Curtain_with_Lace_panel.uasset'
[2026.03.23-08.55.39:472][925]LogSavePackage: Moving '../../../../../../unreal/CyberKittysWeirdBox/Saved/house_Grey_Blackout_Curtain_with4AC78A0C4A2D18A0656BC2BF616AC226.tmp' to '../../../../../../unreal/CyberKittysWeirdBox/Content/House_Models/house_Grey_Blackout_Curtain_with_Lace_panel_001.uasset'
[2026.03.23-08.55.39:484][925]Cmd: OBJ SAVEPACKAGE PACKAGE="/Game/House_Models/house_guide" FILE="../../../../../../unreal/CyberKittysWeirdBox/Content/House_Models/house_guide.uasset" SILENT=true
[2026.03.23-08.55.39:489][925]LogSavePackage: Moving '../../../../../../unreal/CyberKittysWeirdBox/Saved/house_guideCE2FBBFB469CD555F56DD09269CC0EE5.tmp' to '../../../../../../unreal/CyberKittysWeirdBox/Content/House_Models/house_guide.uasset'
[2026.03.23-08.55.39:500][925]Cmd: OBJ SAVEPACKAGE PACKAGE="/Game/House_Models/house_guide2" FILE="../../../../../../unreal/CyberKittysWeirdBox/Content/House_Models/house_guide2.uasset" SILENT=true
[2026.03.23-08.55.39:504][925]LogSavePackage: Moving '../../../../../../unreal/CyberKittysWeirdBox/Saved/house_guide2A784A879429689AEE29B43B0F78F3B3F.tmp' to '../../../../../../unreal/CyberKittysWeirdBox/Content/House_Models/house_guide2.uasset'
[2026.03.23-08.55.39:522][925]Cmd: OBJ SAVEPACKAGE PACKAGE="/Game/House_Models/house_Hallandale_Sofa" FILE="../../../../../../unreal/CyberKittysWeirdBox/Content/House_Models/house_Hallandale_Sofa.uasset" SILENT=true
[2026.03.23-08.55.39:797][925]LogSavePackage: Moving '../../../../../../unreal/CyberKittysWeirdBox/Saved/house_Hallandale_Sofa345BFACD43A8B405F091EAA916EEC534.tmp' to '../../../../../../unreal/CyberKittysWeirdBox/Content/House_Models/house_Hallandale_Sofa.uasset'
[2026.03.23-08.55.39:813][925]Cmd: OBJ SAVEPACKAGE PACKAGE="/Game/House_Models/house_Hallandale_Sofa_001" FILE="../../../../../../unreal/CyberKittysWeirdBox/Content/House_Models/house_Hallandale_Sofa_001.uasset" SILENT=true
[2026.03.23-08.55.40:073][925]LogSavePackage: Moving '../../../../../../unreal/CyberKittysWeirdBox/Saved/house_Hallandale_Sofa_001A7BBB5654129058B8CEC83B3EE3EA130.tmp' to '../../../../../../unreal/CyberKittysWeirdBox/Content/House_Models/house_Hallandale_Sofa_001.uasset'
[2026.03.23-08.55.40:084][925]Cmd: OBJ SAVEPACKAGE PACKAGE="/Game/House_Models/house_Handle_002" FILE="../../../../../../unreal/CyberKittysWeirdBox/Content/House_Models/house_Handle_002.uasset" SILENT=true
[2026.03.23-08.55.40:089][925]LogSavePackage: Moving '../../../../../../unreal/CyberKittysWeirdBox/Saved/house_Handle_00263EA7B7B4BE3EB5498E7619C3974C91E.tmp' to '../../../../../../unreal/CyberKittysWeirdBox/Content/House_Models/house_Handle_002.uasset'
[2026.03.23-08.55.40:100][925]Cmd: OBJ SAVEPACKAGE PACKAGE="/Game/House_Models/house_Handle_003" FILE="../../../../../../unreal/CyberKittysWeirdBox/Content/House_Models/house_Handle_003.uasset" SILENT=true
[2026.03.23-08.55.40:105][925]LogSavePackage: Moving '../../../../../../unreal/CyberKittysWeirdBox/Saved/house_Handle_00352772A534E3BE03383EB638727B6D477.tmp' to '../../../../../../unreal/CyberKittysWeirdBox/Content/House_Models/house_Handle_003.uasset'
[2026.03.23-08.55.40:116][925]Cmd: OBJ SAVEPACKAGE PACKAGE="/Game/House_Models/house_Handle_Back_001" FILE="../../../../../../unreal/CyberKittysWeirdBox/Content/House_Models/house_Handle_Back_001.uasset" SILENT=true
[2026.03.23-08.55.40:126][925]LogSavePackage: Moving '../../../../../../unreal/CyberKittysWeirdBox/Saved/house_Handle_Back_001080F82FE447E542225271DB3247B4B85.tmp' to '../../../../../../unreal/CyberKittysWeirdBox/Content/House_Models/house_Handle_Back_001.uasset'
[2026.03.23-08.55.40:137][925]Cmd: OBJ SAVEPACKAGE PACKAGE="/Game/House_Models/house_Handle_Back_002" FILE="../../../../../../unreal/CyberKittysWeirdBox/Content/House_Models/house_Handle_Back_002.uasset" SILENT=true
[2026.03.23-08.55.40:146][925]LogSavePackage: Moving '../../../../../../unreal/CyberKittysWeirdBox/Saved/house_Handle_Back_002029381414695DCBDCB7E32908FCFB6F8.tmp' to '../../../../../../unreal/CyberKittysWeirdBox/Content/House_Models/house_Handle_Back_002.uasset'
[2026.03.23-08.55.40:157][925]Cmd: OBJ SAVEPACKAGE PACKAGE="/Game/House_Models/house_Handle_Back_003" FILE="../../../../../../unreal/CyberKittysWeirdBox/Content/House_Models/house_Handle_Back_003.uasset" SILENT=true
[2026.03.23-08.55.40:167][925]LogSavePackage: Moving '../../../../../../unreal/CyberKittysWeirdBox/Saved/house_Handle_Back_003A800E9B142E9B4EA0A74F9A18B73DA0E.tmp' to '../../../../../../unreal/CyberKittysWeirdBox/Content/House_Models/house_Handle_Back_003.uasset'
[2026.03.23-08.55.40:178][925]Cmd: OBJ SAVEPACKAGE PACKAGE="/Game/House_Models/house_Handle_Back_004" FILE="../../../../../../unreal/CyberKittysWeirdBox/Content/House_Models/house_Handle_Back_004.uasset" SILENT=true
[2026.03.23-08.55.40:188][925]LogSavePackage: Moving '../../../../../../unreal/CyberKittysWeirdBox/Saved/house_Handle_Back_004BEF97B294C2A0F0FB5E963A1EFD6DCD7.tmp' to '../../../../../../unreal/CyberKittysWeirdBox/Content/House_Models/house_Handle_Back_004.uasset'
[2026.03.23-08.55.40:199][925]Cmd: OBJ SAVEPACKAGE PACKAGE="/Game/House_Models/house_Handle_Front_001" FILE="../../../../../../unreal/CyberKittysWeirdBox/Content/House_Models/house_Handle_Front_001.uasset" SILENT=true
[2026.03.23-08.55.40:210][925]LogSavePackage: Moving '../../../../../../unreal/CyberKittysWeirdBox/Saved/house_Handle_Front_0010986D1124697E8BC918274A7811D4436.tmp' to '../../../../../../unreal/CyberKittysWeirdBox/Content/House_Models/house_Handle_Front_001.uasset'
[2026.03.23-08.55.40:222][925]Cmd: OBJ SAVEPACKAGE PACKAGE="/Game/House_Models/house_Handle_Front_002" FILE="../../../../../../unreal/CyberKittysWeirdBox/Content/House_Models/house_Handle_Front_002.uasset" SILENT=true
[2026.03.23-08.55.40:230][925]LogSavePackage: Moving '../../../../../../unreal/CyberKittysWeirdBox/Saved/house_Handle_Front_00238421F2F4ABB4808BC3F75A9419660A1.tmp' to '../../../../../../unreal/CyberKittysWeirdBox/Content/House_Models/house_Handle_Front_002.uasset'
[2026.03.23-08.55.40:242][925]Cmd: OBJ SAVEPACKAGE PACKAGE="/Game/House_Models/house_Handle_Front_003" FILE="../../../../../../unreal/CyberKittysWeirdBox/Content/House_Models/house_Handle_Front_003.uasset" SILENT=true
[2026.03.23-08.55.40:252][925]LogSavePackage: Moving '../../../../../../unreal/CyberKittysWeirdBox/Saved/house_Handle_Front_003A5FACA014F4142E0613243B9A46D557E.tmp' to '../../../../../../unreal/CyberKittysWeirdBox/Content/House_Models/house_Handle_Front_003.uasset'
[2026.03.23-08.55.40:263][925]Cmd: OBJ SAVEPACKAGE PACKAGE="/Game/House_Models/house_Handle_Front_004" FILE="../../../../../../unreal/CyberKittysWeirdBox/Content/House_Models/house_Handle_Front_004.uasset" SILENT=true
[2026.03.23-08.55.40:272][925]LogSavePackage: Moving '../../../../../../unreal/CyberKittysWeirdBox/Saved/house_Handle_Front_00494E67E194C7F96DA6AD4789034142DC5.tmp' to '../../../../../../unreal/CyberKittysWeirdBox/Content/House_Models/house_Handle_Front_004.uasset'
[2026.03.23-08.55.40:283][925]Cmd: OBJ SAVEPACKAGE PACKAGE="/Game/House_Models/house_handles_001" FILE="../../../../../../unreal/CyberKittysWeirdBox/Content/House_Models/house_handles_001.uasset" SILENT=true
[2026.03.23-08.55.40:289][925]LogSavePackage: Moving '../../../../../../unreal/CyberKittysWeirdBox/Saved/house_handles_0017DC417E04F50F8BD63F3908582D61F87.tmp' to '../../../../../../unreal/CyberKittysWeirdBox/Content/House_Models/house_handles_001.uasset'
[2026.03.23-08.55.40:300][925]Cmd: OBJ SAVEPACKAGE PACKAGE="/Game/House_Models/house_hanger" FILE="../../../../../../unreal/CyberKittysWeirdBox/Content/House_Models/house_hanger.uasset" SILENT=true
[2026.03.23-08.55.40:305][925]LogSavePackage: Moving '../../../../../../unreal/CyberKittysWeirdBox/Saved/house_hanger93C598614FFB9DF75F29C58504DC5E31.tmp' to '../../../../../../unreal/CyberKittysWeirdBox/Content/House_Models/house_hanger.uasset'
[2026.03.23-08.55.40:317][925]Cmd: OBJ SAVEPACKAGE PACKAGE="/Game/House_Models/house_Holders" FILE="../../../../../../unreal/CyberKittysWeirdBox/Content/House_Models/house_Holders.uasset" SILENT=true
[2026.03.23-08.55.40:339][925]LogSavePackage: Moving '../../../../../../unreal/CyberKittysWeirdBox/Saved/house_HoldersB6CB77E24800491652F08490A4D23A57.tmp' to '../../../../../../unreal/CyberKittysWeirdBox/Content/House_Models/house_Holders.uasset'
[2026.03.23-08.55.40:351][925]Cmd: OBJ SAVEPACKAGE PACKAGE="/Game/House_Models/house_Icosphere" FILE="../../../../../../unreal/CyberKittysWeirdBox/Content/House_Models/house_Icosphere.uasset" SILENT=true
[2026.03.23-08.55.40:367][925]LogSavePackage: Moving '../../../../../../unreal/CyberKittysWeirdBox/Saved/house_Icosphere75BD45774848DC9C83A20AA6958AE0A5.tmp' to '../../../../../../unreal/CyberKittysWeirdBox/Content/House_Models/house_Icosphere.uasset'
[2026.03.23-08.55.40:379][925]Cmd: OBJ SAVEPACKAGE PACKAGE="/Game/House_Models/house_Icosphere_001" FILE="../../../../../../unreal/CyberKittysWeirdBox/Content/House_Models/house_Icosphere_001.uasset" SILENT=true
[2026.03.23-08.55.40:395][925]LogSavePackage: Moving '../../../../../../unreal/CyberKittysWeirdBox/Saved/house_Icosphere_0012F8094514E904E7C276952B2EBF92E31.tmp' to '../../../../../../unreal/CyberKittysWeirdBox/Content/House_Models/house_Icosphere_001.uasset'
[2026.03.23-08.55.40:405][925]Cmd: OBJ SAVEPACKAGE PACKAGE="/Game/House_Models/house_Icosphere_004" FILE="../../../../../../unreal/CyberKittysWeirdBox/Content/House_Models/house_Icosphere_004.uasset" SILENT=true
[2026.03.23-08.55.40:421][925]LogSavePackage: Moving '../../../../../../unreal/CyberKittysWeirdBox/Saved/house_Icosphere_0040C7EF8354625A879F43CE1B939E7067A.tmp' to '../../../../../../unreal/CyberKittysWeirdBox/Content/House_Models/house_Icosphere_004.uasset'
[2026.03.23-08.55.40:433][925]Cmd: OBJ SAVEPACKAGE PACKAGE="/Game/House_Models/house_Icosphere_005" FILE="../../../../../../unreal/CyberKittysWeirdBox/Content/House_Models/house_Icosphere_005.uasset" SILENT=true
[2026.03.23-08.55.40:449][925]LogSavePackage: Moving '../../../../../../unreal/CyberKittysWeirdBox/Saved/house_Icosphere_005B23D28B14B6DC9174CC626BBA49BB7B8.tmp' to '../../../../../../unreal/CyberKittysWeirdBox/Content/House_Models/house_Icosphere_005.uasset'
[2026.03.23-08.55.40:461][925]Cmd: OBJ SAVEPACKAGE PACKAGE="/Game/House_Models/house_key" FILE="../../../../../../unreal/CyberKittysWeirdBox/Content/House_Models/house_key.uasset" SILENT=true
[2026.03.23-08.55.40:476][925]LogSavePackage: Moving '../../../../../../unreal/CyberKittysWeirdBox/Saved/house_key8C9F42D54BFC801333E4D8B3A120E744.tmp' to '../../../../../../unreal/CyberKittysWeirdBox/Content/House_Models/house_key.uasset'
[2026.03.23-08.55.40:488][925]Cmd: OBJ SAVEPACKAGE PACKAGE="/Game/House_Models/house_key2" FILE="../../../../../../unreal/CyberKittysWeirdBox/Content/House_Models/house_key2.uasset" SILENT=true
[2026.03.23-08.55.40:515][925]LogSavePackage: Moving '../../../../../../unreal/CyberKittysWeirdBox/Saved/house_key25A621B334A77DD00641D0CAD14C3C971.tmp' to '../../../../../../unreal/CyberKittysWeirdBox/Content/House_Models/house_key2.uasset'
[2026.03.23-08.55.40:526][925]Cmd: OBJ SAVEPACKAGE PACKAGE="/Game/House_Models/house_key_ring" FILE="../../../../../../unreal/CyberKittysWeirdBox/Content/House_Models/house_key_ring.uasset" SILENT=true
[2026.03.23-08.55.40:536][925]LogSavePackage: Moving '../../../../../../unreal/CyberKittysWeirdBox/Saved/house_key_ring184DE15042C7C5A69AC1BA9AA37A706E.tmp' to '../../../../../../unreal/CyberKittysWeirdBox/Content/House_Models/house_key_ring.uasset'
[2026.03.23-08.55.40:547][925]Cmd: OBJ SAVEPACKAGE PACKAGE="/Game/House_Models/house_Kitchen_Counter" FILE="../../../../../../unreal/CyberKittysWeirdBox/Content/House_Models/house_Kitchen_Counter.uasset" SILENT=true
[2026.03.23-08.55.40:552][925]LogSavePackage: Moving '../../../../../../unreal/CyberKittysWeirdBox/Saved/house_Kitchen_Counter6BCC6FB84FD3130D9F24CDA753EF7D8D.tmp' to '../../../../../../unreal/CyberKittysWeirdBox/Content/House_Models/house_Kitchen_Counter.uasset'
[2026.03.23-08.55.40:563][925]Cmd: OBJ SAVEPACKAGE PACKAGE="/Game/House_Models/house_Kitchen_Pantry_Cabinet" FILE="../../../../../../unreal/CyberKittysWeirdBox/Content/House_Models/house_Kitchen_Pantry_Cabinet.uasset" SILENT=true
[2026.03.23-08.55.40:585][925]LogSavePackage: Moving '../../../../../../unreal/CyberKittysWeirdBox/Saved/house_Kitchen_Pantry_Cabinet6A3A50F5456BADE505646F8A3782B8D4.tmp' to '../../../../../../unreal/CyberKittysWeirdBox/Content/House_Models/house_Kitchen_Pantry_Cabinet.uasset'
[2026.03.23-08.55.40:596][925]Cmd: OBJ SAVEPACKAGE PACKAGE="/Game/House_Models/house_Kitchen_tap_balck_001" FILE="../../../../../../unreal/CyberKittysWeirdBox/Content/House_Models/house_Kitchen_tap_balck_001.uasset" SILENT=true
[2026.03.23-08.55.40:615][925]LogSavePackage: Moving '../../../../../../unreal/CyberKittysWeirdBox/Saved/house_Kitchen_tap_balck_001EAC20D724CCC24C5FD9921A93E6F605A.tmp' to '../../../../../../unreal/CyberKittysWeirdBox/Content/House_Models/house_Kitchen_tap_balck_001.uasset'
[2026.03.23-08.55.40:626][925]Cmd: OBJ SAVEPACKAGE PACKAGE="/Game/House_Models/house_Labels" FILE="../../../../../../unreal/CyberKittysWeirdBox/Content/House_Models/house_Labels.uasset" SILENT=true
[2026.03.23-08.55.40:635][925]LogSavePackage: Moving '../../../../../../unreal/CyberKittysWeirdBox/Saved/house_Labels89BBC08544DD445CF2AC018738CDB356.tmp' to '../../../../../../unreal/CyberKittysWeirdBox/Content/House_Models/house_Labels.uasset'
[2026.03.23-08.55.40:646][925]Cmd: OBJ SAVEPACKAGE PACKAGE="/Game/House_Models/house_Labels_001" FILE="../../../../../../unreal/CyberKittysWeirdBox/Content/House_Models/house_Labels_001.uasset" SILENT=true
[2026.03.23-08.55.40:651][925]LogSavePackage: Moving '../../../../../../unreal/CyberKittysWeirdBox/Saved/house_Labels_00176BBB71342F53C311A6D579A7BF9F982.tmp' to '../../../../../../unreal/CyberKittysWeirdBox/Content/House_Models/house_Labels_001.uasset'
[2026.03.23-08.55.40:662][925]Cmd: OBJ SAVEPACKAGE PACKAGE="/Game/House_Models/house_Labels_002" FILE="../../../../../../unreal/CyberKittysWeirdBox/Content/House_Models/house_Labels_002.uasset" SILENT=true
[2026.03.23-08.55.40:666][925]LogSavePackage: Moving '../../../../../../unreal/CyberKittysWeirdBox/Saved/house_Labels_0027906FCEE4C4EAE9DD7903B9F49190321.tmp' to '../../../../../../unreal/CyberKittysWeirdBox/Content/House_Models/house_Labels_002.uasset'
[2026.03.23-08.55.40:678][925]Cmd: OBJ SAVEPACKAGE PACKAGE="/Game/House_Models/house_Labels_003" FILE="../../../../../../unreal/CyberKittysWeirdBox/Content/House_Models/house_Labels_003.uasset" SILENT=true
[2026.03.23-08.55.40:683][925]LogSavePackage: Moving '../../../../../../unreal/CyberKittysWeirdBox/Saved/house_Labels_003367008504518C49BF134EFAED482CFD2.tmp' to '../../../../../../unreal/CyberKittysWeirdBox/Content/House_Models/house_Labels_003.uasset'
[2026.03.23-08.55.40:694][925]Cmd: OBJ SAVEPACKAGE PACKAGE="/Game/House_Models/house_Labels_004" FILE="../../../../../../unreal/CyberKittysWeirdBox/Content/House_Models/house_Labels_004.uasset" SILENT=true
[2026.03.23-08.55.40:698][925]LogSavePackage: Moving '../../../../../../unreal/CyberKittysWeirdBox/Saved/house_Labels_004FC1B022A45A88CEA518CC9941473E57E.tmp' to '../../../../../../unreal/CyberKittysWeirdBox/Content/House_Models/house_Labels_004.uasset'
[2026.03.23-08.55.40:709][925]Cmd: OBJ SAVEPACKAGE PACKAGE="/Game/House_Models/house_Labels_005" FILE="../../../../../../unreal/CyberKittysWeirdBox/Content/House_Models/house_Labels_005.uasset" SILENT=true
[2026.03.23-08.55.40:713][925]LogSavePackage: Moving '../../../../../../unreal/CyberKittysWeirdBox/Saved/house_Labels_005907A66A74F0FC5F19D0683B174104566.tmp' to '../../../../../../unreal/CyberKittysWeirdBox/Content/House_Models/house_Labels_005.uasset'
[2026.03.23-08.55.40:724][925]Cmd: OBJ SAVEPACKAGE PACKAGE="/Game/House_Models/house_Labels_006" FILE="../../../../../../unreal/CyberKittysWeirdBox/Content/House_Models/house_Labels_006.uasset" SILENT=true
[2026.03.23-08.55.40:728][925]LogSavePackage: Moving '../../../../../../unreal/CyberKittysWeirdBox/Saved/house_Labels_0060E12E75A4AC99BCB25E7568655BA62F3.tmp' to '../../../../../../unreal/CyberKittysWeirdBox/Content/House_Models/house_Labels_006.uasset'
[2026.03.23-08.55.40:741][925]Cmd: OBJ SAVEPACKAGE PACKAGE="/Game/House_Models/house_Labels_007" FILE="../../../../../../unreal/CyberKittysWeirdBox/Content/House_Models/house_Labels_007.uasset" SILENT=true
[2026.03.23-08.55.40:745][925]LogSavePackage: Moving '../../../../../../unreal/CyberKittysWeirdBox/Saved/house_Labels_007E63D9C2E40CD5BB0C2D55FAA3253497C.tmp' to '../../../../../../unreal/CyberKittysWeirdBox/Content/House_Models/house_Labels_007.uasset'
[2026.03.23-08.55.40:756][925]Cmd: OBJ SAVEPACKAGE PACKAGE="/Game/House_Models/house_Labels_008" FILE="../../../../../../unreal/CyberKittysWeirdBox/Content/House_Models/house_Labels_008.uasset" SILENT=true
[2026.03.23-08.55.40:760][925]LogSavePackage: Moving '../../../../../../unreal/CyberKittysWeirdBox/Saved/house_Labels_008AB8F8A974D5A0690EFAC149AA04DB704.tmp' to '../../../../../../unreal/CyberKittysWeirdBox/Content/House_Models/house_Labels_008.uasset'
[2026.03.23-08.55.40:771][925]Cmd: OBJ SAVEPACKAGE PACKAGE="/Game/House_Models/house_Labels_009" FILE="../../../../../../unreal/CyberKittysWeirdBox/Content/House_Models/house_Labels_009.uasset" SILENT=true
[2026.03.23-08.55.40:775][925]LogSavePackage: Moving '../../../../../../unreal/CyberKittysWeirdBox/Saved/house_Labels_00913DAE624453131923DFE288FFE7B1841.tmp' to '../../../../../../unreal/CyberKittysWeirdBox/Content/House_Models/house_Labels_009.uasset'
[2026.03.23-08.55.40:786][925]Cmd: OBJ SAVEPACKAGE PACKAGE="/Game/House_Models/house_Labels_010" FILE="../../../../../../unreal/CyberKittysWeirdBox/Content/House_Models/house_Labels_010.uasset" SILENT=true
[2026.03.23-08.55.40:789][925]LogSavePackage: Moving '../../../../../../unreal/CyberKittysWeirdBox/Saved/house_Labels_010D5E6A84344D241B3A74BAD83CDEC8FFE.tmp' to '../../../../../../unreal/CyberKittysWeirdBox/Content/House_Models/house_Labels_010.uasset'
[2026.03.23-08.55.40:801][925]Cmd: OBJ SAVEPACKAGE PACKAGE="/Game/House_Models/house_Labels_011" FILE="../../../../../../unreal/CyberKittysWeirdBox/Content/House_Models/house_Labels_011.uasset" SILENT=true
[2026.03.23-08.55.40:805][925]LogSavePackage: Moving '../../../../../../unreal/CyberKittysWeirdBox/Saved/house_Labels_011D45D16DB4344E7FB0004FBB36CB1383D.tmp' to '../../../../../../unreal/CyberKittysWeirdBox/Content/House_Models/house_Labels_011.uasset'
[2026.03.23-08.55.40:817][925]Cmd: OBJ SAVEPACKAGE PACKAGE="/Game/House_Models/house_Labels_012" FILE="../../../../../../unreal/CyberKittysWeirdBox/Content/House_Models/house_Labels_012.uasset" SILENT=true
[2026.03.23-08.55.40:821][925]LogSavePackage: Moving '../../../../../../unreal/CyberKittysWeirdBox/Saved/house_Labels_012AB71B1854BC504326C9A248254CF8A98.tmp' to '../../../../../../unreal/CyberKittysWeirdBox/Content/House_Models/house_Labels_012.uasset'
[2026.03.23-08.55.40:833][925]Cmd: OBJ SAVEPACKAGE PACKAGE="/Game/House_Models/house_Lanyard_Loop" FILE="../../../../../../unreal/CyberKittysWeirdBox/Content/House_Models/house_Lanyard_Loop.uasset" SILENT=true
[2026.03.23-08.55.40:836][925]LogSavePackage: Moving '../../../../../../unreal/CyberKittysWeirdBox/Saved/house_Lanyard_LoopCDBD893E4B6980553CE4E7ADB9F0B71F.tmp' to '../../../../../../unreal/CyberKittysWeirdBox/Content/House_Models/house_Lanyard_Loop.uasset'
[2026.03.23-08.55.40:847][925]Cmd: OBJ SAVEPACKAGE PACKAGE="/Game/House_Models/house_LCD" FILE="../../../../../../unreal/CyberKittysWeirdBox/Content/House_Models/house_LCD.uasset" SILENT=true
[2026.03.23-08.55.40:852][925]LogSavePackage: Moving '../../../../../../unreal/CyberKittysWeirdBox/Saved/house_LCD2FD4A5B54B14EC8AC460C9BFF82693B5.tmp' to '../../../../../../unreal/CyberKittysWeirdBox/Content/House_Models/house_LCD.uasset'
[2026.03.23-08.55.40:862][925]Cmd: OBJ SAVEPACKAGE PACKAGE="/Game/House_Models/house_leather" FILE="../../../../../../unreal/CyberKittysWeirdBox/Content/House_Models/house_leather.uasset" SILENT=true
[2026.03.23-08.55.40:872][925]LogSavePackage: Moving '../../../../../../unreal/CyberKittysWeirdBox/Saved/house_leather7116B0FF411B1971FDE821B02FD6A2B5.tmp' to '../../../../../../unreal/CyberKittysWeirdBox/Content/House_Models/house_leather.uasset'
[2026.03.23-08.55.40:882][925]Cmd: OBJ SAVEPACKAGE PACKAGE="/Game/House_Models/house_legs" FILE="../../../../../../unreal/CyberKittysWeirdBox/Content/House_Models/house_legs.uasset" SILENT=true
[2026.03.23-08.55.40:886][925]LogSavePackage: Moving '../../../../../../unreal/CyberKittysWeirdBox/Saved/house_legs1693555A44AEF715004363AFF1CC1ED3.tmp' to '../../../../../../unreal/CyberKittysWeirdBox/Content/House_Models/house_legs.uasset'
[2026.03.23-08.55.40:897][925]Cmd: OBJ SAVEPACKAGE PACKAGE="/Game/House_Models/house_Lens_Body" FILE="../../../../../../unreal/CyberKittysWeirdBox/Content/House_Models/house_Lens_Body.uasset" SILENT=true
[2026.03.23-08.55.40:922][925]LogSavePackage: Moving '../../../../../../unreal/CyberKittysWeirdBox/Saved/house_Lens_Body793AA69A46457CAE1423459AA1F57F45.tmp' to '../../../../../../unreal/CyberKittysWeirdBox/Content/House_Models/house_Lens_Body.uasset'
[2026.03.23-08.55.40:933][925]Cmd: OBJ SAVEPACKAGE PACKAGE="/Game/House_Models/house_Lens_Button" FILE="../../../../../../unreal/CyberKittysWeirdBox/Content/House_Models/house_Lens_Button.uasset" SILENT=true
[2026.03.23-08.55.40:937][925]LogSavePackage: Moving '../../../../../../unreal/CyberKittysWeirdBox/Saved/house_Lens_Button4DAD88CF4ECDACD1E59120B40B4A64C4.tmp' to '../../../../../../unreal/CyberKittysWeirdBox/Content/House_Models/house_Lens_Button.uasset'
[2026.03.23-08.55.40:948][925]Cmd: OBJ SAVEPACKAGE PACKAGE="/Game/House_Models/house_Lens_Button_001" FILE="../../../../../../unreal/CyberKittysWeirdBox/Content/House_Models/house_Lens_Button_001.uasset" SILENT=true
[2026.03.23-08.55.40:953][925]LogSavePackage: Moving '../../../../../../unreal/CyberKittysWeirdBox/Saved/house_Lens_Button_001FEED6FA94FA99C64930B4EA7376DF1C9.tmp' to '../../../../../../unreal/CyberKittysWeirdBox/Content/House_Models/house_Lens_Button_001.uasset'
[2026.03.23-08.55.40:965][925]Cmd: OBJ SAVEPACKAGE PACKAGE="/Game/House_Models/house_Lens_Button_holder" FILE="../../../../../../unreal/CyberKittysWeirdBox/Content/House_Models/house_Lens_Button_holder.uasset" SILENT=true
[2026.03.23-08.55.40:972][925]LogSavePackage: Moving '../../../../../../unreal/CyberKittysWeirdBox/Saved/house_Lens_Button_holderC5DB12B0411596BC6132EC818A56E2B2.tmp' to '../../../../../../unreal/CyberKittysWeirdBox/Content/House_Models/house_Lens_Button_holder.uasset'
[2026.03.23-08.55.40:985][925]Cmd: OBJ SAVEPACKAGE PACKAGE="/Game/House_Models/house_Lens_Connector" FILE="../../../../../../unreal/CyberKittysWeirdBox/Content/House_Models/house_Lens_Connector.uasset" SILENT=true
[2026.03.23-08.55.40:989][925]LogSavePackage: Moving '../../../../../../unreal/CyberKittysWeirdBox/Saved/house_Lens_Connector71B7C0B84AD59D3069A985972466D300.tmp' to '../../../../../../unreal/CyberKittysWeirdBox/Content/House_Models/house_Lens_Connector.uasset'
[2026.03.23-08.55.41:002][925]Cmd: OBJ SAVEPACKAGE PACKAGE="/Game/House_Models/house_Lens_Glass" FILE="../../../../../../unreal/CyberKittysWeirdBox/Content/House_Models/house_Lens_Glass.uasset" SILENT=true
[2026.03.23-08.55.41:008][925]LogSavePackage: Moving '../../../../../../unreal/CyberKittysWeirdBox/Saved/house_Lens_Glass4B4BFACB43BF202FFFE5959DD912111F.tmp' to '../../../../../../unreal/CyberKittysWeirdBox/Content/House_Models/house_Lens_Glass.uasset'
[2026.03.23-08.55.41:020][925]Cmd: OBJ SAVEPACKAGE PACKAGE="/Game/House_Models/house_Lens_Glass_001" FILE="../../../../../../unreal/CyberKittysWeirdBox/Content/House_Models/house_Lens_Glass_001.uasset" SILENT=true
[2026.03.23-08.55.41:026][925]LogSavePackage: Moving '../../../../../../unreal/CyberKittysWeirdBox/Saved/house_Lens_Glass_0016EBB92664650C8CAE9CCF595A07FFF47.tmp' to '../../../../../../unreal/CyberKittysWeirdBox/Content/House_Models/house_Lens_Glass_001.uasset'
[2026.03.23-08.55.41:037][925]Cmd: OBJ SAVEPACKAGE PACKAGE="/Game/House_Models/house_Lens_Gless" FILE="../../../../../../unreal/CyberKittysWeirdBox/Content/House_Models/house_Lens_Gless.uasset" SILENT=true
[2026.03.23-08.55.41:043][925]LogSavePackage: Moving '../../../../../../unreal/CyberKittysWeirdBox/Saved/house_Lens_GlessAC8E2C484B116CC5E0CC7DBDE4B32D65.tmp' to '../../../../../../unreal/CyberKittysWeirdBox/Content/House_Models/house_Lens_Gless.uasset'
[2026.03.23-08.55.41:054][925]Cmd: OBJ SAVEPACKAGE PACKAGE="/Game/House_Models/house_Lens_Internal" FILE="../../../../../../unreal/CyberKittysWeirdBox/Content/House_Models/house_Lens_Internal.uasset" SILENT=true
[2026.03.23-08.55.41:064][925]LogSavePackage: Moving '../../../../../../unreal/CyberKittysWeirdBox/Saved/house_Lens_Internal5884FF0D4302151EEEB68A9D5F6F9CAE.tmp' to '../../../../../../unreal/CyberKittysWeirdBox/Content/House_Models/house_Lens_Internal.uasset'
[2026.03.23-08.55.41:074][925]Cmd: OBJ SAVEPACKAGE PACKAGE="/Game/House_Models/house_Lens_Internal_001" FILE="../../../../../../unreal/CyberKittysWeirdBox/Content/House_Models/house_Lens_Internal_001.uasset" SILENT=true
[2026.03.23-08.55.41:079][925]LogSavePackage: Moving '../../../../../../unreal/CyberKittysWeirdBox/Saved/house_Lens_Internal_001569474C542FC598D47A3F1A8208015B9.tmp' to '../../../../../../unreal/CyberKittysWeirdBox/Content/House_Models/house_Lens_Internal_001.uasset'
[2026.03.23-08.55.41:090][925]Cmd: OBJ SAVEPACKAGE PACKAGE="/Game/House_Models/house_Lens_Labels" FILE="../../../../../../unreal/CyberKittysWeirdBox/Content/House_Models/house_Lens_Labels.uasset" SILENT=true
[2026.03.23-08.55.41:096][925]LogSavePackage: Moving '../../../../../../unreal/CyberKittysWeirdBox/Saved/house_Lens_Labels90EA5F344938BF34A88932BB9C09B5C8.tmp' to '../../../../../../unreal/CyberKittysWeirdBox/Content/House_Models/house_Lens_Labels.uasset'
[2026.03.23-08.55.41:108][925]Cmd: OBJ SAVEPACKAGE PACKAGE="/Game/House_Models/house_Lens_Mount" FILE="../../../../../../unreal/CyberKittysWeirdBox/Content/House_Models/house_Lens_Mount.uasset" SILENT=true
[2026.03.23-08.55.41:115][925]LogSavePackage: Moving '../../../../../../unreal/CyberKittysWeirdBox/Saved/house_Lens_Mount8E6EB80149AFB7A4531E21BCD2CECFE2.tmp' to '../../../../../../unreal/CyberKittysWeirdBox/Content/House_Models/house_Lens_Mount.uasset'
[2026.03.23-08.55.41:126][925]Cmd: OBJ SAVEPACKAGE PACKAGE="/Game/House_Models/house_Lens_text" FILE="../../../../../../unreal/CyberKittysWeirdBox/Content/House_Models/house_Lens_text.uasset" SILENT=true
[2026.03.23-08.55.41:131][925]LogSavePackage: Moving '../../../../../../unreal/CyberKittysWeirdBox/Saved/house_Lens_text86C786B6483FAA7F576EDDAB7A9B9510.tmp' to '../../../../../../unreal/CyberKittysWeirdBox/Content/House_Models/house_Lens_text.uasset'
[2026.03.23-08.55.41:142][925]Cmd: OBJ SAVEPACKAGE PACKAGE="/Game/House_Models/house_Med_Box" FILE="../../../../../../unreal/CyberKittysWeirdBox/Content/House_Models/house_Med_Box.uasset" SILENT=true
[2026.03.23-08.55.41:147][925]LogSavePackage: Moving '../../../../../../unreal/CyberKittysWeirdBox/Saved/house_Med_BoxA7D6144E4F266A9C39EC08A95657F591.tmp' to '../../../../../../unreal/CyberKittysWeirdBox/Content/House_Models/house_Med_Box.uasset'
[2026.03.23-08.55.41:158][925]Cmd: OBJ SAVEPACKAGE PACKAGE="/Game/House_Models/house_mirror_001" FILE="../../../../../../unreal/CyberKittysWeirdBox/Content/House_Models/house_mirror_001.uasset" SILENT=true
[2026.03.23-08.55.41:166][925]LogSavePackage: Moving '../../../../../../unreal/CyberKittysWeirdBox/Saved/house_mirror_0012F7997494B184A39F2ED70A90087B24D.tmp' to '../../../../../../unreal/CyberKittysWeirdBox/Content/House_Models/house_mirror_001.uasset'
[2026.03.23-08.55.41:178][925]Cmd: OBJ SAVEPACKAGE PACKAGE="/Game/House_Models/house_Modern_Rug_003" FILE="../../../../../../unreal/CyberKittysWeirdBox/Content/House_Models/house_Modern_Rug_003.uasset" SILENT=true
[2026.03.23-08.55.41:185][925]LogSavePackage: Moving '../../../../../../unreal/CyberKittysWeirdBox/Saved/house_Modern_Rug_0030EDAAB9F45F0CDB9BEAB1D96A23A2CC1.tmp' to '../../../../../../unreal/CyberKittysWeirdBox/Content/House_Models/house_Modern_Rug_003.uasset'
[2026.03.23-08.55.41:197][925]Cmd: OBJ SAVEPACKAGE PACKAGE="/Game/House_Models/house_Panel" FILE="../../../../../../unreal/CyberKittysWeirdBox/Content/House_Models/house_Panel.uasset" SILENT=true
[2026.03.23-08.55.41:202][925]LogSavePackage: Moving '../../../../../../unreal/CyberKittysWeirdBox/Saved/house_Panel9AA6CB3D45B025BFB9AD99907D29D278.tmp' to '../../../../../../unreal/CyberKittysWeirdBox/Content/House_Models/house_Panel.uasset'
[2026.03.23-08.55.41:215][925]Cmd: OBJ SAVEPACKAGE PACKAGE="/Game/House_Models/house_Pillbottle_001" FILE="../../../../../../unreal/CyberKittysWeirdBox/Content/House_Models/house_Pillbottle_001.uasset" SILENT=true
[2026.03.23-08.55.41:238][925]LogSavePackage: Moving '../../../../../../unreal/CyberKittysWeirdBox/Saved/house_Pillbottle_001FE51445740A916680DA1948BC174BAB3.tmp' to '../../../../../../unreal/CyberKittysWeirdBox/Content/House_Models/house_Pillbottle_001.uasset'
[2026.03.23-08.55.41:250][925]Cmd: OBJ SAVEPACKAGE PACKAGE="/Game/House_Models/house_Plane_002" FILE="../../../../../../unreal/CyberKittysWeirdBox/Content/House_Models/house_Plane_002.uasset" SILENT=true
[2026.03.23-08.55.41:259][925]LogSavePackage: Moving '../../../../../../unreal/CyberKittysWeirdBox/Saved/house_Plane_002AF6FDCE043CDC5F8EEE1EC8F11963BB6.tmp' to '../../../../../../unreal/CyberKittysWeirdBox/Content/House_Models/house_Plane_002.uasset'
[2026.03.23-08.55.41:273][925]Cmd: OBJ SAVEPACKAGE PACKAGE="/Game/House_Models/house_Plane_003" FILE="../../../../../../unreal/CyberKittysWeirdBox/Content/House_Models/house_Plane_003.uasset" SILENT=true
[2026.03.23-08.55.41:280][925]LogSavePackage: Moving '../../../../../../unreal/CyberKittysWeirdBox/Saved/house_Plane_003E090E752497015598E69C282A1E1FAB8.tmp' to '../../../../../../unreal/CyberKittysWeirdBox/Content/House_Models/house_Plane_003.uasset'
[2026.03.23-08.55.41:291][925]Cmd: OBJ SAVEPACKAGE PACKAGE="/Game/House_Models/house_Plane_004" FILE="../../../../../../unreal/CyberKittysWeirdBox/Content/House_Models/house_Plane_004.uasset" SILENT=true
[2026.03.23-08.55.41:296][925]LogSavePackage: Moving '../../../../../../unreal/CyberKittysWeirdBox/Saved/house_Plane_0048B8BFFFA49CF0F14D28E91BFA002ACCA.tmp' to '../../../../../../unreal/CyberKittysWeirdBox/Content/House_Models/house_Plane_004.uasset'
[2026.03.23-08.55.41:307][925]Cmd: OBJ SAVEPACKAGE PACKAGE="/Game/House_Models/house_Plane_005" FILE="../../../../../../unreal/CyberKittysWeirdBox/Content/House_Models/house_Plane_005.uasset" SILENT=true
[2026.03.23-08.55.41:311][925]LogSavePackage: Moving '../../../../../../unreal/CyberKittysWeirdBox/Saved/house_Plane_005D48B9E2B4CC31C8EAE65EB92C79132AE.tmp' to '../../../../../../unreal/CyberKittysWeirdBox/Content/House_Models/house_Plane_005.uasset'
[2026.03.23-08.55.41:322][925]Cmd: OBJ SAVEPACKAGE PACKAGE="/Game/House_Models/house_Plane_006" FILE="../../../../../../unreal/CyberKittysWeirdBox/Content/House_Models/house_Plane_006.uasset" SILENT=true
[2026.03.23-08.55.41:392][925]LogSavePackage: Moving '../../../../../../unreal/CyberKittysWeirdBox/Saved/house_Plane_006A4A9DE6143E2D43E5C3DF5A85055AB2E.tmp' to '../../../../../../unreal/CyberKittysWeirdBox/Content/House_Models/house_Plane_006.uasset'
[2026.03.23-08.55.41:404][925]Cmd: OBJ SAVEPACKAGE PACKAGE="/Game/House_Models/house_Plane_007" FILE="../../../../../../unreal/CyberKittysWeirdBox/Content/House_Models/house_Plane_007.uasset" SILENT=true
[2026.03.23-08.55.41:411][925]LogSavePackage: Moving '../../../../../../unreal/CyberKittysWeirdBox/Saved/house_Plane_00723CAD72842CDFB210A7B3F96C1A1E07F.tmp' to '../../../../../../unreal/CyberKittysWeirdBox/Content/House_Models/house_Plane_007.uasset'
[2026.03.23-08.55.41:422][925]Cmd: OBJ SAVEPACKAGE PACKAGE="/Game/House_Models/house_Plane_008" FILE="../../../../../../unreal/CyberKittysWeirdBox/Content/House_Models/house_Plane_008.uasset" SILENT=true
[2026.03.23-08.55.41:429][925]LogSavePackage: Moving '../../../../../../unreal/CyberKittysWeirdBox/Saved/house_Plane_0082B7BBA224C9825D39FB7B793D6DB7F0B.tmp' to '../../../../../../unreal/CyberKittysWeirdBox/Content/House_Models/house_Plane_008.uasset'
[2026.03.23-08.55.41:440][925]Cmd: OBJ SAVEPACKAGE PACKAGE="/Game/House_Models/house_Plane_078" FILE="../../../../../../unreal/CyberKittysWeirdBox/Content/House_Models/house_Plane_078.uasset" SILENT=true
[2026.03.23-08.55.41:451][925]LogSavePackage: Moving '../../../../../../unreal/CyberKittysWeirdBox/Saved/house_Plane_078DCC091864F2CE968DBBCA0A61E3BB428.tmp' to '../../../../../../unreal/CyberKittysWeirdBox/Content/House_Models/house_Plane_078.uasset'
[2026.03.23-08.55.41:462][925]Cmd: OBJ SAVEPACKAGE PACKAGE="/Game/House_Models/house_Ports" FILE="../../../../../../unreal/CyberKittysWeirdBox/Content/House_Models/house_Ports.uasset" SILENT=true
[2026.03.23-08.55.41:473][925]LogSavePackage: Moving '../../../../../../unreal/CyberKittysWeirdBox/Saved/house_Ports81BB65A74EB89176134D2D81FDA2CF28.tmp' to '../../../../../../unreal/CyberKittysWeirdBox/Content/House_Models/house_Ports.uasset'
[2026.03.23-08.55.41:486][925]Cmd: OBJ SAVEPACKAGE PACKAGE="/Game/House_Models/house_Ring" FILE="../../../../../../unreal/CyberKittysWeirdBox/Content/House_Models/house_Ring.uasset" SILENT=true
[2026.03.23-08.55.41:499][925]LogSavePackage: Moving '../../../../../../unreal/CyberKittysWeirdBox/Saved/house_RingA3641E594C7AF60E497640B5CAF586BC.tmp' to '../../../../../../unreal/CyberKittysWeirdBox/Content/House_Models/house_Ring.uasset'
[2026.03.23-08.55.41:510][925]Cmd: OBJ SAVEPACKAGE PACKAGE="/Game/House_Models/house_Ring_001" FILE="../../../../../../unreal/CyberKittysWeirdBox/Content/House_Models/house_Ring_001.uasset" SILENT=true
[2026.03.23-08.55.41:517][925]LogSavePackage: Moving '../../../../../../unreal/CyberKittysWeirdBox/Saved/house_Ring_0012D6A76424806654A156D5AAC250113D8.tmp' to '../../../../../../unreal/CyberKittysWeirdBox/Content/House_Models/house_Ring_001.uasset'
[2026.03.23-08.55.41:527][925]Cmd: OBJ SAVEPACKAGE PACKAGE="/Game/House_Models/house_Ring_002" FILE="../../../../../../unreal/CyberKittysWeirdBox/Content/House_Models/house_Ring_002.uasset" SILENT=true
[2026.03.23-08.55.41:533][925]LogSavePackage: Moving '../../../../../../unreal/CyberKittysWeirdBox/Saved/house_Ring_00260CA21EF4B6863FC4017B788B84F288C.tmp' to '../../../../../../unreal/CyberKittysWeirdBox/Content/House_Models/house_Ring_002.uasset'
[2026.03.23-08.55.41:544][925]Cmd: OBJ SAVEPACKAGE PACKAGE="/Game/House_Models/house_Screen" FILE="../../../../../../unreal/CyberKittysWeirdBox/Content/House_Models/house_Screen.uasset" SILENT=true
[2026.03.23-08.55.41:548][925]LogSavePackage: Moving '../../../../../../unreal/CyberKittysWeirdBox/Saved/house_Screen438012CD41CF0BBE803053AD98DC54F3.tmp' to '../../../../../../unreal/CyberKittysWeirdBox/Content/House_Models/house_Screen.uasset'
[2026.03.23-08.55.41:559][925]Cmd: OBJ SAVEPACKAGE PACKAGE="/Game/House_Models/house_Scroll" FILE="../../../../../../unreal/CyberKittysWeirdBox/Content/House_Models/house_Scroll.uasset" SILENT=true
[2026.03.23-08.55.41:574][925]LogSavePackage: Moving '../../../../../../unreal/CyberKittysWeirdBox/Saved/house_Scroll14792E394A971269B1A6A3AF2D8256B8.tmp' to '../../../../../../unreal/CyberKittysWeirdBox/Content/House_Models/house_Scroll.uasset'
[2026.03.23-08.55.41:585][925]Cmd: OBJ SAVEPACKAGE PACKAGE="/Game/House_Models/house_Scroll_001" FILE="../../../../../../unreal/CyberKittysWeirdBox/Content/House_Models/house_Scroll_001.uasset" SILENT=true
[2026.03.23-08.55.41:600][925]LogSavePackage: Moving '../../../../../../unreal/CyberKittysWeirdBox/Saved/house_Scroll_00160AD804946CBF0BDC8E365B74A467641.tmp' to '../../../../../../unreal/CyberKittysWeirdBox/Content/House_Models/house_Scroll_001.uasset'
[2026.03.23-08.55.41:611][925]Cmd: OBJ SAVEPACKAGE PACKAGE="/Game/House_Models/house_Security_camera_002" FILE="../../../../../../unreal/CyberKittysWeirdBox/Content/House_Models/house_Security_camera_002.uasset" SILENT=true
[2026.03.23-08.55.41:668][925]LogSavePackage: Moving '../../../../../../unreal/CyberKittysWeirdBox/Saved/house_Security_camera_002C8D2CE774ACEEDF69B443E80E623613D.tmp' to '../../../../../../unreal/CyberKittysWeirdBox/Content/House_Models/house_Security_camera_002.uasset'
[2026.03.23-08.55.41:680][925]Cmd: OBJ SAVEPACKAGE PACKAGE="/Game/House_Models/house_Security_camera_004" FILE="../../../../../../unreal/CyberKittysWeirdBox/Content/House_Models/house_Security_camera_004.uasset" SILENT=true
[2026.03.23-08.55.41:729][925]LogSavePackage: Moving '../../../../../../unreal/CyberKittysWeirdBox/Saved/house_Security_camera_004DC8483D047102F4DFF9ED796E6DE6116.tmp' to '../../../../../../unreal/CyberKittysWeirdBox/Content/House_Models/house_Security_camera_004.uasset'
[2026.03.23-08.55.41:741][925]Cmd: OBJ SAVEPACKAGE PACKAGE="/Game/House_Models/house_Security_camera_006" FILE="../../../../../../unreal/CyberKittysWeirdBox/Content/House_Models/house_Security_camera_006.uasset" SILENT=true
[2026.03.23-08.55.41:787][925]LogSavePackage: Moving '../../../../../../unreal/CyberKittysWeirdBox/Saved/house_Security_camera_006274F121644BC533F3A5947BCA07A89AF.tmp' to '../../../../../../unreal/CyberKittysWeirdBox/Content/House_Models/house_Security_camera_006.uasset'
[2026.03.23-08.55.41:799][925]Cmd: OBJ SAVEPACKAGE PACKAGE="/Game/House_Models/house_Security_camera_008" FILE="../../../../../../unreal/CyberKittysWeirdBox/Content/House_Models/house_Security_camera_008.uasset" SILENT=true
[2026.03.23-08.55.41:844][925]LogSavePackage: Moving '../../../../../../unreal/CyberKittysWeirdBox/Saved/house_Security_camera_008D79C35634D9CB1AAC76B37AE40E95610.tmp' to '../../../../../../unreal/CyberKittysWeirdBox/Content/House_Models/house_Security_camera_008.uasset'
[2026.03.23-08.55.41:855][925]Cmd: OBJ SAVEPACKAGE PACKAGE="/Game/House_Models/house_Selector" FILE="../../../../../../unreal/CyberKittysWeirdBox/Content/House_Models/house_Selector.uasset" SILENT=true
[2026.03.23-08.55.41:866][925]LogSavePackage: Moving '../../../../../../unreal/CyberKittysWeirdBox/Saved/house_SelectorBCCA29C84D18A2E6CE275C85680CB7B5.tmp' to '../../../../../../unreal/CyberKittysWeirdBox/Content/House_Models/house_Selector.uasset'
[2026.03.23-08.55.41:877][925]Cmd: OBJ SAVEPACKAGE PACKAGE="/Game/House_Models/house_Sensor" FILE="../../../../../../unreal/CyberKittysWeirdBox/Content/House_Models/house_Sensor.uasset" SILENT=true
[2026.03.23-08.55.41:881][925]LogSavePackage: Moving '../../../../../../unreal/CyberKittysWeirdBox/Saved/house_SensorE93D55AE4F0B594BE22803A076EF2131.tmp' to '../../../../../../unreal/CyberKittysWeirdBox/Content/House_Models/house_Sensor.uasset'
[2026.03.23-08.55.41:891][925]Cmd: OBJ SAVEPACKAGE PACKAGE="/Game/House_Models/house_shelf1" FILE="../../../../../../unreal/CyberKittysWeirdBox/Content/House_Models/house_shelf1.uasset" SILENT=true
[2026.03.23-08.55.41:895][925]LogSavePackage: Moving '../../../../../../unreal/CyberKittysWeirdBox/Saved/house_shelf1A37D997A4106EC59A66D498158EA187D.tmp' to '../../../../../../unreal/CyberKittysWeirdBox/Content/House_Models/house_shelf1.uasset'
[2026.03.23-08.55.41:906][925]Cmd: OBJ SAVEPACKAGE PACKAGE="/Game/House_Models/house_shelf2" FILE="../../../../../../unreal/CyberKittysWeirdBox/Content/House_Models/house_shelf2.uasset" SILENT=true
[2026.03.23-08.55.41:910][925]LogSavePackage: Moving '../../../../../../unreal/CyberKittysWeirdBox/Saved/house_shelf2027C3E184DD9DDC6C19646A89812BED1.tmp' to '../../../../../../unreal/CyberKittysWeirdBox/Content/House_Models/house_shelf2.uasset'
[2026.03.23-08.55.41:921][925]Cmd: OBJ SAVEPACKAGE PACKAGE="/Game/House_Models/house_shelf3" FILE="../../../../../../unreal/CyberKittysWeirdBox/Content/House_Models/house_shelf3.uasset" SILENT=true
[2026.03.23-08.55.41:925][925]LogSavePackage: Moving '../../../../../../unreal/CyberKittysWeirdBox/Saved/house_shelf36BEC78F049FFC27429877D85393D85F6.tmp' to '../../../../../../unreal/CyberKittysWeirdBox/Content/House_Models/house_shelf3.uasset'
[2026.03.23-08.55.41:936][925]Cmd: OBJ SAVEPACKAGE PACKAGE="/Game/House_Models/house_shelf4" FILE="../../../../../../unreal/CyberKittysWeirdBox/Content/House_Models/house_shelf4.uasset" SILENT=true
[2026.03.23-08.55.41:941][925]LogSavePackage: Moving '../../../../../../unreal/CyberKittysWeirdBox/Saved/house_shelf44F3AF9F346FB246DC68E318EC706818D.tmp' to '../../../../../../unreal/CyberKittysWeirdBox/Content/House_Models/house_shelf4.uasset'
[2026.03.23-08.55.41:953][925]Cmd: OBJ SAVEPACKAGE PACKAGE="/Game/House_Models/house_shelf5" FILE="../../../../../../unreal/CyberKittysWeirdBox/Content/House_Models/house_shelf5.uasset" SILENT=true
[2026.03.23-08.55.41:957][925]LogSavePackage: Moving '../../../../../../unreal/CyberKittysWeirdBox/Saved/house_shelf56EB14B274DFC09243CC145BF814C93EE.tmp' to '../../../../../../unreal/CyberKittysWeirdBox/Content/House_Models/house_shelf5.uasset'
[2026.03.23-08.55.41:968][925]Cmd: OBJ SAVEPACKAGE PACKAGE="/Game/House_Models/house_shelf6" FILE="../../../../../../unreal/CyberKittysWeirdBox/Content/House_Models/house_shelf6.uasset" SILENT=true
[2026.03.23-08.55.41:973][925]LogSavePackage: Moving '../../../../../../unreal/CyberKittysWeirdBox/Saved/house_shelf616D6002D46B1BD33D97002ABE98DFF36.tmp' to '../../../../../../unreal/CyberKittysWeirdBox/Content/House_Models/house_shelf6.uasset'
[2026.03.23-08.55.41:985][925]Cmd: OBJ SAVEPACKAGE PACKAGE="/Game/House_Models/house_shelf7" FILE="../../../../../../unreal/CyberKittysWeirdBox/Content/House_Models/house_shelf7.uasset" SILENT=true
[2026.03.23-08.55.41:989][925]LogSavePackage: Moving '../../../../../../unreal/CyberKittysWeirdBox/Saved/house_shelf72BCC5B3D43D938334CA54CAAD39732D9.tmp' to '../../../../../../unreal/CyberKittysWeirdBox/Content/House_Models/house_shelf7.uasset'
[2026.03.23-08.55.42:001][925]Cmd: OBJ SAVEPACKAGE PACKAGE="/Game/House_Models/house_Short_Table" FILE="../../../../../../unreal/CyberKittysWeirdBox/Content/House_Models/house_Short_Table.uasset" SILENT=true
[2026.03.23-08.55.42:007][925]LogSavePackage: Moving '../../../../../../unreal/CyberKittysWeirdBox/Saved/house_Short_Table124D03AC43F3F53B91F308857E73BBC7.tmp' to '../../../../../../unreal/CyberKittysWeirdBox/Content/House_Models/house_Short_Table.uasset'
[2026.03.23-08.55.42:020][925]Cmd: OBJ SAVEPACKAGE PACKAGE="/Game/House_Models/house_Sink_001" FILE="../../../../../../unreal/CyberKittysWeirdBox/Content/House_Models/house_Sink_001.uasset" SILENT=true
[2026.03.23-08.55.42:026][925]LogSavePackage: Moving '../../../../../../unreal/CyberKittysWeirdBox/Saved/house_Sink_0011ADDBF26423F8938F12E3D9F2EBAD6B0.tmp' to '../../../../../../unreal/CyberKittysWeirdBox/Content/House_Models/house_Sink_001.uasset'
[2026.03.23-08.55.42:037][925]Cmd: OBJ SAVEPACKAGE PACKAGE="/Game/House_Models/house_sinktap_001" FILE="../../../../../../unreal/CyberKittysWeirdBox/Content/House_Models/house_sinktap_001.uasset" SILENT=true
[2026.03.23-08.55.42:054][925]LogSavePackage: Moving '../../../../../../unreal/CyberKittysWeirdBox/Saved/house_sinktap_001D14EB48D4BD47467B5CB3DAFE85449B8.tmp' to '../../../../../../unreal/CyberKittysWeirdBox/Content/House_Models/house_sinktap_001.uasset'
[2026.03.23-08.55.42:086][925]LogSavePackage: Moving '../../../../../../unreal/CyberKittysWeirdBox/Saved/house_Sono_Salmon_Rug_by_The_Rug860D12404C066A530DDE2DA7D1EA8D00.tmp' to '../../../../../../unreal/CyberKittysWeirdBox/Content/House_Models/house_Sono_Salmon_Rug_by_The_Rug_Company_021.uasset'
[2026.03.23-08.55.42:101][925]LogSavePackage: Moving '../../../../../../unreal/CyberKittysWeirdBox/Saved/house_Sono_Salmon_Rug_by_The_Rug9A2437734B9C1C9BC4BE4DBAEE962683.tmp' to '../../../../../../unreal/CyberKittysWeirdBox/Content/House_Models/house_Sono_Salmon_Rug_by_The_Rug_Company_022.uasset'
[2026.03.23-08.55.42:130][925]LogSavePackage: Moving '../../../../../../unreal/CyberKittysWeirdBox/Saved/house_Sono_Salmon_Rug_by_The_RugA803FEF046547ED63D467E87603F650A.tmp' to '../../../../../../unreal/CyberKittysWeirdBox/Content/House_Models/house_Sono_Salmon_Rug_by_The_Rug_Company_023.uasset'
[2026.03.23-08.55.42:145][925]LogSavePackage: Moving '../../../../../../unreal/CyberKittysWeirdBox/Saved/house_Sono_Salmon_Rug_by_The_Rug252E064B45CB14C25D46D0B7BDBA13F5.tmp' to '../../../../../../unreal/CyberKittysWeirdBox/Content/House_Models/house_Sono_Salmon_Rug_by_The_Rug_Company_024.uasset'
[2026.03.23-08.55.42:175][925]LogSavePackage: Moving '../../../../../../unreal/CyberKittysWeirdBox/Saved/house_Sono_Salmon_Rug_by_The_RugD434A1244B08893F651A54B34E5D424F.tmp' to '../../../../../../unreal/CyberKittysWeirdBox/Content/House_Models/house_Sono_Salmon_Rug_by_The_Rug_Company_025.uasset'
[2026.03.23-08.55.42:192][925]LogSavePackage: Moving '../../../../../../unreal/CyberKittysWeirdBox/Saved/house_Sono_Salmon_Rug_by_The_RugF95CCFA54DCC50C7BF3C32A0CDE0FF87.tmp' to '../../../../../../unreal/CyberKittysWeirdBox/Content/House_Models/house_Sono_Salmon_Rug_by_The_Rug_Company_026.uasset'
[2026.03.23-08.55.42:211][925]LogSavePackage: Moving '../../../../../../unreal/CyberKittysWeirdBox/Saved/house_Sono_Salmon_Rug_by_The_RugE1B109F240D9FF70CD7850B1CF1505ED.tmp' to '../../../../../../unreal/CyberKittysWeirdBox/Content/House_Models/house_Sono_Salmon_Rug_by_The_Rug_Company_027.uasset'
[2026.03.23-08.55.42:222][925]Cmd: OBJ SAVEPACKAGE PACKAGE="/Game/House_Models/house_Stairs" FILE="../../../../../../unreal/CyberKittysWeirdBox/Content/House_Models/house_Stairs.uasset" SILENT=true
[2026.03.23-08.55.42:227][925]LogSavePackage: Moving '../../../../../../unreal/CyberKittysWeirdBox/Saved/house_StairsAE9533DD4B830677CA4E05BD6622579F.tmp' to '../../../../../../unreal/CyberKittysWeirdBox/Content/House_Models/house_Stairs.uasset'
[2026.03.23-08.55.42:238][925]Cmd: OBJ SAVEPACKAGE PACKAGE="/Game/House_Models/house_top_sink_001" FILE="../../../../../../unreal/CyberKittysWeirdBox/Content/House_Models/house_top_sink_001.uasset" SILENT=true
[2026.03.23-08.55.42:246][925]LogSavePackage: Moving '../../../../../../unreal/CyberKittysWeirdBox/Saved/house_top_sink_00135E9F2014FA04A0D9D83548A41DD50D2.tmp' to '../../../../../../unreal/CyberKittysWeirdBox/Content/House_Models/house_top_sink_001.uasset'
[2026.03.23-08.55.42:256][925]Cmd: OBJ SAVEPACKAGE PACKAGE="/Game/House_Models/house_TV_001" FILE="../../../../../../unreal/CyberKittysWeirdBox/Content/House_Models/house_TV_001.uasset" SILENT=true
[2026.03.23-08.55.42:265][925]LogSavePackage: Moving '../../../../../../unreal/CyberKittysWeirdBox/Saved/house_TV_001089D332047234F8DC02141BACA0DFD50.tmp' to '../../../../../../unreal/CyberKittysWeirdBox/Content/House_Models/house_TV_001.uasset'
[2026.03.23-08.55.42:276][925]Cmd: OBJ SAVEPACKAGE PACKAGE="/Game/House_Models/house_TV_Table" FILE="../../../../../../unreal/CyberKittysWeirdBox/Content/House_Models/house_TV_Table.uasset" SILENT=true
[2026.03.23-08.55.42:284][925]LogSavePackage: Moving '../../../../../../unreal/CyberKittysWeirdBox/Saved/house_TV_Table9C81FB0C409E1EBB6A319991437655CB.tmp' to '../../../../../../unreal/CyberKittysWeirdBox/Content/House_Models/house_TV_Table.uasset'
[2026.03.23-08.55.42:295][925]Cmd: OBJ SAVEPACKAGE PACKAGE="/Game/House_Models/house_Visor" FILE="../../../../../../unreal/CyberKittysWeirdBox/Content/House_Models/house_Visor.uasset" SILENT=true
[2026.03.23-08.55.42:320][925]LogSavePackage: Moving '../../../../../../unreal/CyberKittysWeirdBox/Saved/house_VisorF0CCF90840C9DFA6BFE865A6BAE5FD0A.tmp' to '../../../../../../unreal/CyberKittysWeirdBox/Content/House_Models/house_Visor.uasset'
[2026.03.23-08.55.42:332][925]Cmd: OBJ SAVEPACKAGE PACKAGE="/Game/House_Models/house_Visor_Lens" FILE="../../../../../../unreal/CyberKittysWeirdBox/Content/House_Models/house_Visor_Lens.uasset" SILENT=true
[2026.03.23-08.55.42:337][925]LogSavePackage: Moving '../../../../../../unreal/CyberKittysWeirdBox/Saved/house_Visor_Lens3CE359A2426CC58472ECB989DB493EB8.tmp' to '../../../../../../unreal/CyberKittysWeirdBox/Content/House_Models/house_Visor_Lens.uasset'
[2026.03.23-08.55.42:348][925]Cmd: OBJ SAVEPACKAGE PACKAGE="/Game/House_Models/house_wall1" FILE="../../../../../../unreal/CyberKittysWeirdBox/Content/House_Models/house_wall1.uasset" SILENT=true
[2026.03.23-08.55.42:353][925]LogSavePackage: Moving '../../../../../../unreal/CyberKittysWeirdBox/Saved/house_wall1BDAE8F004D1FE5991045B9A73D2AABF7.tmp' to '../../../../../../unreal/CyberKittysWeirdBox/Content/House_Models/house_wall1.uasset'
[2026.03.23-08.55.42:364][925]Cmd: OBJ SAVEPACKAGE PACKAGE="/Game/House_Models/house_wall2" FILE="../../../../../../unreal/CyberKittysWeirdBox/Content/House_Models/house_wall2.uasset" SILENT=true
[2026.03.23-08.55.42:368][925]LogSavePackage: Moving '../../../../../../unreal/CyberKittysWeirdBox/Saved/house_wall2BB5EB4574DFB65F0178E389593D401DE.tmp' to '../../../../../../unreal/CyberKittysWeirdBox/Content/House_Models/house_wall2.uasset'
[2026.03.23-08.55.42:379][925]Cmd: OBJ SAVEPACKAGE PACKAGE="/Game/House_Models/house_wall3" FILE="../../../../../../unreal/CyberKittysWeirdBox/Content/House_Models/house_wall3.uasset" SILENT=true
[2026.03.23-08.55.42:383][925]LogSavePackage: Moving '../../../../../../unreal/CyberKittysWeirdBox/Saved/house_wall3CA52066E4EF911FD9D6052BA0650CB66.tmp' to '../../../../../../unreal/CyberKittysWeirdBox/Content/House_Models/house_wall3.uasset'
[2026.03.23-08.55.42:394][925]Cmd: OBJ SAVEPACKAGE PACKAGE="/Game/House_Models/house_wall4" FILE="../../../../../../unreal/CyberKittysWeirdBox/Content/House_Models/house_wall4.uasset" SILENT=true
[2026.03.23-08.55.42:398][925]LogSavePackage: Moving '../../../../../../unreal/CyberKittysWeirdBox/Saved/house_wall436842E034E5F2CB5DDD501A3349358CD.tmp' to '../../../../../../unreal/CyberKittysWeirdBox/Content/House_Models/house_wall4.uasset'
[2026.03.23-08.55.42:409][925]Cmd: OBJ SAVEPACKAGE PACKAGE="/Game/House_Models/house_wall5" FILE="../../../../../../unreal/CyberKittysWeirdBox/Content/House_Models/house_wall5.uasset" SILENT=true
[2026.03.23-08.55.42:413][925]LogSavePackage: Moving '../../../../../../unreal/CyberKittysWeirdBox/Saved/house_wall57EB8CAF142ACCA0FB2755385BBB799EB.tmp' to '../../../../../../unreal/CyberKittysWeirdBox/Content/House_Models/house_wall5.uasset'
[2026.03.23-08.55.42:424][925]Cmd: OBJ SAVEPACKAGE PACKAGE="/Game/House_Models/house_Wall_1" FILE="../../../../../../unreal/CyberKittysWeirdBox/Content/House_Models/house_Wall_1.uasset" SILENT=true
[2026.03.23-08.55.42:430][925]LogSavePackage: Moving '../../../../../../unreal/CyberKittysWeirdBox/Saved/house_Wall_14B5344094338B7580ECB4DA6001FA2B1.tmp' to '../../../../../../unreal/CyberKittysWeirdBox/Content/House_Models/house_Wall_1.uasset'
[2026.03.23-08.55.42:441][925]Cmd: OBJ SAVEPACKAGE PACKAGE="/Game/House_Models/house_Wander_Rug_004" FILE="../../../../../../unreal/CyberKittysWeirdBox/Content/House_Models/house_Wander_Rug_004.uasset" SILENT=true
[2026.03.23-08.55.42:449][925]LogSavePackage: Moving '../../../../../../unreal/CyberKittysWeirdBox/Saved/house_Wander_Rug_0043EFECA6747781EA3E8B378A9F48AB650.tmp' to '../../../../../../unreal/CyberKittysWeirdBox/Content/House_Models/house_Wander_Rug_004.uasset'
[2026.03.23-08.55.42:462][925]Cmd: OBJ SAVEPACKAGE PACKAGE="/Game/House_Models/house_Window_L_001" FILE="../../../../../../unreal/CyberKittysWeirdBox/Content/House_Models/house_Window_L_001.uasset" SILENT=true
[2026.03.23-08.55.42:466][925]LogSavePackage: Moving '../../../../../../unreal/CyberKittysWeirdBox/Saved/house_Window_L_001B2C981814E05383AD275939FF851BFC5.tmp' to '../../../../../../unreal/CyberKittysWeirdBox/Content/House_Models/house_Window_L_001.uasset'
[2026.03.23-08.55.42:477][925]Cmd: OBJ SAVEPACKAGE PACKAGE="/Game/House_Models/house_Window_L_003" FILE="../../../../../../unreal/CyberKittysWeirdBox/Content/House_Models/house_Window_L_003.uasset" SILENT=true
[2026.03.23-08.55.42:482][925]LogSavePackage: Moving '../../../../../../unreal/CyberKittysWeirdBox/Saved/house_Window_L_003E95713AC418187356BCB18AF0FC35D09.tmp' to '../../../../../../unreal/CyberKittysWeirdBox/Content/House_Models/house_Window_L_003.uasset'
[2026.03.23-08.55.42:495][925]Cmd: OBJ SAVEPACKAGE PACKAGE="/Game/House_Models/house_Window_L_004" FILE="../../../../../../unreal/CyberKittysWeirdBox/Content/House_Models/house_Window_L_004.uasset" SILENT=true
[2026.03.23-08.55.42:499][925]LogSavePackage: Moving '../../../../../../unreal/CyberKittysWeirdBox/Saved/house_Window_L_00499BA2420460513860D500FA85882442C.tmp' to '../../../../../../unreal/CyberKittysWeirdBox/Content/House_Models/house_Window_L_004.uasset'
[2026.03.23-08.55.42:511][925]Cmd: OBJ SAVEPACKAGE PACKAGE="/Game/House_Models/house_Window_L_005" FILE="../../../../../../unreal/CyberKittysWeirdBox/Content/House_Models/house_Window_L_005.uasset" SILENT=true
[2026.03.23-08.55.42:516][925]LogSavePackage: Moving '../../../../../../unreal/CyberKittysWeirdBox/Saved/house_Window_L_00502CFFCEE4234E243A6D1CB8659B8F587.tmp' to '../../../../../../unreal/CyberKittysWeirdBox/Content/House_Models/house_Window_L_005.uasset'
[2026.03.23-08.55.42:526][925]Cmd: OBJ SAVEPACKAGE PACKAGE="/Game/House_Models/house_Window_R_001" FILE="../../../../../../unreal/CyberKittysWeirdBox/Content/House_Models/house_Window_R_001.uasset" SILENT=true
[2026.03.23-08.55.42:531][925]LogSavePackage: Moving '../../../../../../unreal/CyberKittysWeirdBox/Saved/house_Window_R_001E9E3A83A46B9ED2C78A7EC9FBA5FCE7D.tmp' to '../../../../../../unreal/CyberKittysWeirdBox/Content/House_Models/house_Window_R_001.uasset'
[2026.03.23-08.55.42:543][925]Cmd: OBJ SAVEPACKAGE PACKAGE="/Game/House_Models/house_Window_R_003" FILE="../../../../../../unreal/CyberKittysWeirdBox/Content/House_Models/house_Window_R_003.uasset" SILENT=true
[2026.03.23-08.55.42:547][925]LogSavePackage: Moving '../../../../../../unreal/CyberKittysWeirdBox/Saved/house_Window_R_003A3D01F5C493C9689F40B70BA94461485.tmp' to '../../../../../../unreal/CyberKittysWeirdBox/Content/House_Models/house_Window_R_003.uasset'
[2026.03.23-08.55.42:558][925]Cmd: OBJ SAVEPACKAGE PACKAGE="/Game/House_Models/house_WindowFrame_001" FILE="../../../../../../unreal/CyberKittysWeirdBox/Content/House_Models/house_WindowFrame_001.uasset" SILENT=true
[2026.03.23-08.55.42:563][925]LogSavePackage: Moving '../../../../../../unreal/CyberKittysWeirdBox/Saved/house_WindowFrame_00199EA92174DC44D85DF9A66870EDA6B86.tmp' to '../../../../../../unreal/CyberKittysWeirdBox/Content/House_Models/house_WindowFrame_001.uasset'
[2026.03.23-08.55.42:574][925]Cmd: OBJ SAVEPACKAGE PACKAGE="/Game/House_Models/house_WindowFrame_003" FILE="../../../../../../unreal/CyberKittysWeirdBox/Content/House_Models/house_WindowFrame_003.uasset" SILENT=true
[2026.03.23-08.55.42:578][925]LogSavePackage: Moving '../../../../../../unreal/CyberKittysWeirdBox/Saved/house_WindowFrame_003D3C5624A465027644BB1EB8018B43E95.tmp' to '../../../../../../unreal/CyberKittysWeirdBox/Content/House_Models/house_WindowFrame_003.uasset'
[2026.03.23-08.55.42:589][925]Cmd: OBJ SAVEPACKAGE PACKAGE="/Game/House_Models/house_WindowFrame_004" FILE="../../../../../../unreal/CyberKittysWeirdBox/Content/House_Models/house_WindowFrame_004.uasset" SILENT=true
[2026.03.23-08.55.42:594][925]LogSavePackage: Moving '../../../../../../unreal/CyberKittysWeirdBox/Saved/house_WindowFrame_004224F47DB4A127087D2976F8560491D2A.tmp' to '../../../../../../unreal/CyberKittysWeirdBox/Content/House_Models/house_WindowFrame_004.uasset'
[2026.03.23-08.55.42:605][925]Cmd: OBJ SAVEPACKAGE PACKAGE="/Game/House_Models/house_WindowFrame_005" FILE="../../../../../../unreal/CyberKittysWeirdBox/Content/House_Models/house_WindowFrame_005.uasset" SILENT=true
[2026.03.23-08.55.42:618][925]LogSavePackage: Moving '../../../../../../unreal/CyberKittysWeirdBox/Saved/house_WindowFrame_005B534F7224E1247902638249C04D1E9D1.tmp' to '../../../../../../unreal/CyberKittysWeirdBox/Content/House_Models/house_WindowFrame_005.uasset'
[2026.03.23-08.55.42:629][925]Cmd: OBJ SAVEPACKAGE PACKAGE="/Game/House_Models/house_Windows_Sill_001" FILE="../../../../../../unreal/CyberKittysWeirdBox/Content/House_Models/house_Windows_Sill_001.uasset" SILENT=true
[2026.03.23-08.55.42:633][925]LogSavePackage: Moving '../../../../../../unreal/CyberKittysWeirdBox/Saved/house_Windows_Sill_0017554992C4412AB7F797D0FBCBF5A2DC9.tmp' to '../../../../../../unreal/CyberKittysWeirdBox/Content/House_Models/house_Windows_Sill_001.uasset'
[2026.03.23-08.55.42:646][925]Cmd: OBJ SAVEPACKAGE PACKAGE="/Game/House_Models/house_wood-1" FILE="../../../../../../unreal/CyberKittysWeirdBox/Content/House_Models/house_wood-1.uasset" SILENT=true
[2026.03.23-08.55.42:649][925]LogSavePackage: Moving '../../../../../../unreal/CyberKittysWeirdBox/Saved/house_wood-1449A9D52463B3358A805AE800ECE12E6.tmp' to '../../../../../../unreal/CyberKittysWeirdBox/Content/House_Models/house_wood-1.uasset'
[2026.03.23-08.55.42:660][925]Cmd: OBJ SAVEPACKAGE PACKAGE="/Game/House_Models/house_wood-2" FILE="../../../../../../unreal/CyberKittysWeirdBox/Content/House_Models/house_wood-2.uasset" SILENT=true
[2026.03.23-08.55.42:665][925]LogSavePackage: Moving '../../../../../../unreal/CyberKittysWeirdBox/Saved/house_wood-249A052154D3BE7F8E3E9E7B3B77F8390.tmp' to '../../../../../../unreal/CyberKittysWeirdBox/Content/House_Models/house_wood-2.uasset'
[2026.03.23-08.55.42:676][925]Cmd: OBJ SAVEPACKAGE PACKAGE="/Game/House_Models/house_wood-3" FILE="../../../../../../unreal/CyberKittysWeirdBox/Content/House_Models/house_wood-3.uasset" SILENT=true
[2026.03.23-08.55.42:682][925]LogSavePackage: Moving '../../../../../../unreal/CyberKittysWeirdBox/Saved/house_wood-383D443AA4AA0D90128ABD49B4FC1D38F.tmp' to '../../../../../../unreal/CyberKittysWeirdBox/Content/House_Models/house_wood-3.uasset'
[2026.03.23-08.55.42:695][925]Cmd: OBJ SAVEPACKAGE PACKAGE="/Game/House_Models/house_wood-4" FILE="../../../../../../unreal/CyberKittysWeirdBox/Content/House_Models/house_wood-4.uasset" SILENT=true
[2026.03.23-08.55.42:700][925]LogSavePackage: Moving '../../../../../../unreal/CyberKittysWeirdBox/Saved/house_wood-4C9B30A2148FC7579D482EB81852A4716.tmp' to '../../../../../../unreal/CyberKittysWeirdBox/Content/House_Models/house_wood-4.uasset'
[2026.03.23-08.55.42:712][925]Cmd: OBJ SAVEPACKAGE PACKAGE="/Game/House_Models/house_wood-5" FILE="../../../../../../unreal/CyberKittysWeirdBox/Content/House_Models/house_wood-5.uasset" SILENT=true
[2026.03.23-08.55.42:849][925]LogSavePackage: Moving '../../../../../../unreal/CyberKittysWeirdBox/Saved/house_wood-537C26C2F4CD899F40B950181C9D8AB40.tmp' to '../../../../../../unreal/CyberKittysWeirdBox/Content/House_Models/house_wood-5.uasset'
[2026.03.23-08.55.42:862][925]Cmd: OBJ SAVEPACKAGE PACKAGE="/Game/House_Models/house_wood-6" FILE="../../../../../../unreal/CyberKittysWeirdBox/Content/House_Models/house_wood-6.uasset" SILENT=true
[2026.03.23-08.55.42:866][925]LogSavePackage: Moving '../../../../../../unreal/CyberKittysWeirdBox/Saved/house_wood-67EE60CB549689939A54898BA4DBDE7A7.tmp' to '../../../../../../unreal/CyberKittysWeirdBox/Content/House_Models/house_wood-6.uasset'
[2026.03.23-08.55.42:882][925]LogSavePackage: Moving '../../../../../../unreal/CyberKittysWeirdBox/Saved/house_Wooden_Bookshelves_Four_La6FEF324B4C12CC2D5D3A619E4ECC49AC.tmp' to '../../../../../../unreal/CyberKittysWeirdBox/Content/House_Models/house_Wooden_Bookshelves_Four_Layers.uasset'
[2026.03.23-08.55.42:897][925]LogSavePackage: Moving '../../../../../../unreal/CyberKittysWeirdBox/Saved/house_Wooden_Bookshelves_Four_LaE198A8F44990F614A7755CBAD2F2C159.tmp' to '../../../../../../unreal/CyberKittysWeirdBox/Content/House_Models/house_Wooden_Bookshelves_Four_Layers_001.uasset'
[2026.03.23-08.55.42:909][925]Cmd: OBJ SAVEPACKAGE PACKAGE="/Game/House_Models/inner_part" FILE="../../../../../../unreal/CyberKittysWeirdBox/Content/House_Models/inner_part.uasset" SILENT=true
[2026.03.23-08.55.42:912][925]LogSavePackage: Moving '../../../../../../unreal/CyberKittysWeirdBox/Saved/inner_part4AC4EB6949F4AC5BC8D1838974B215E2.tmp' to '../../../../../../unreal/CyberKittysWeirdBox/Content/House_Models/inner_part.uasset'
[2026.03.23-08.55.42:924][925]Cmd: OBJ SAVEPACKAGE PACKAGE="/Game/House_Models/key" FILE="../../../../../../unreal/CyberKittysWeirdBox/Content/House_Models/key.uasset" SILENT=true
[2026.03.23-08.55.42:927][925]LogSavePackage: Moving '../../../../../../unreal/CyberKittysWeirdBox/Saved/keyC4CA3BC74F4ED968BD5D4A98375DD7D6.tmp' to '../../../../../../unreal/CyberKittysWeirdBox/Content/House_Models/key.uasset'
[2026.03.23-08.55.42:939][925]Cmd: OBJ SAVEPACKAGE PACKAGE="/Game/House_Models/key01" FILE="../../../../../../unreal/CyberKittysWeirdBox/Content/House_Models/key01.uasset" SILENT=true
[2026.03.23-08.55.42:943][925]LogSavePackage: Moving '../../../../../../unreal/CyberKittysWeirdBox/Saved/key011296BBC848FAC793904E2F8160D7D14C.tmp' to '../../../../../../unreal/CyberKittysWeirdBox/Content/House_Models/key01.uasset'
[2026.03.23-08.55.42:954][925]Cmd: OBJ SAVEPACKAGE PACKAGE="/Game/House_Models/Kitchen_Pantry_material" FILE="../../../../../../unreal/CyberKittysWeirdBox/Content/House_Models/Kitchen_Pantry_material.uasset" SILENT=true
[2026.03.23-08.55.42:958][925]LogSavePackage: Moving '../../../../../../unreal/CyberKittysWeirdBox/Saved/Kitchen_Pantry_material45CC15CE4A9C6B805063FAA88B70AD5B.tmp' to '../../../../../../unreal/CyberKittysWeirdBox/Content/House_Models/Kitchen_Pantry_material.uasset'
[2026.03.23-08.55.42:970][925]Cmd: OBJ SAVEPACKAGE PACKAGE="/Game/House_Models/LABELS2_003" FILE="../../../../../../unreal/CyberKittysWeirdBox/Content/House_Models/LABELS2_003.uasset" SILENT=true
[2026.03.23-08.55.42:973][925]LogSavePackage: Moving '../../../../../../unreal/CyberKittysWeirdBox/Saved/LABELS2_003B69CFA494DFCE82C08C655A3082A753D.tmp' to '../../../../../../unreal/CyberKittysWeirdBox/Content/House_Models/LABELS2_003.uasset'
[2026.03.23-08.55.42:985][925]Cmd: OBJ SAVEPACKAGE PACKAGE="/Game/House_Models/LABELS3_003" FILE="../../../../../../unreal/CyberKittysWeirdBox/Content/House_Models/LABELS3_003.uasset" SILENT=true
[2026.03.23-08.55.42:989][925]LogSavePackage: Moving '../../../../../../unreal/CyberKittysWeirdBox/Saved/LABELS3_003D9408ABC4717F08F14D3E0B810AB07A1.tmp' to '../../../../../../unreal/CyberKittysWeirdBox/Content/House_Models/LABELS3_003.uasset'
[2026.03.23-08.55.43:000][925]Cmd: OBJ SAVEPACKAGE PACKAGE="/Game/House_Models/labels_003" FILE="../../../../../../unreal/CyberKittysWeirdBox/Content/House_Models/labels_003.uasset" SILENT=true
[2026.03.23-08.55.43:003][925]LogSavePackage: Moving '../../../../../../unreal/CyberKittysWeirdBox/Saved/labels_003B714206E44464DB5110147AA531A2E1F.tmp' to '../../../../../../unreal/CyberKittysWeirdBox/Content/House_Models/labels_003.uasset'
[2026.03.23-08.55.43:014][925]Cmd: OBJ SAVEPACKAGE PACKAGE="/Game/House_Models/Lamp_Bulb" FILE="../../../../../../unreal/CyberKittysWeirdBox/Content/House_Models/Lamp_Bulb.uasset" SILENT=true
[2026.03.23-08.55.43:018][925]LogSavePackage: Moving '../../../../../../unreal/CyberKittysWeirdBox/Saved/Lamp_Bulb2D419ABD4080BE72FE1DE69817399B6B.tmp' to '../../../../../../unreal/CyberKittysWeirdBox/Content/House_Models/Lamp_Bulb.uasset'
[2026.03.23-08.55.43:030][925]Cmd: OBJ SAVEPACKAGE PACKAGE="/Game/House_Models/leather" FILE="../../../../../../unreal/CyberKittysWeirdBox/Content/House_Models/leather.uasset" SILENT=true
[2026.03.23-08.55.43:033][925]LogSavePackage: Moving '../../../../../../unreal/CyberKittysWeirdBox/Saved/leather7C1A59794FE85D4FA1A019990FF42A97.tmp' to '../../../../../../unreal/CyberKittysWeirdBox/Content/House_Models/leather.uasset'
[2026.03.23-08.55.43:044][925]Cmd: OBJ SAVEPACKAGE PACKAGE="/Game/House_Models/LEATHER_003" FILE="../../../../../../unreal/CyberKittysWeirdBox/Content/House_Models/LEATHER_003.uasset" SILENT=true
[2026.03.23-08.55.43:048][925]LogSavePackage: Moving '../../../../../../unreal/CyberKittysWeirdBox/Saved/LEATHER_0036352CDB1469857763BA99A8406BDCB04.tmp' to '../../../../../../unreal/CyberKittysWeirdBox/Content/House_Models/LEATHER_003.uasset'
[2026.03.23-08.55.43:060][925]Cmd: OBJ SAVEPACKAGE PACKAGE="/Game/House_Models/LENS" FILE="../../../../../../unreal/CyberKittysWeirdBox/Content/House_Models/LENS.uasset" SILENT=true
[2026.03.23-08.55.43:065][925]LogSavePackage: Moving '../../../../../../unreal/CyberKittysWeirdBox/Saved/LENS02BDCDE5415E8476B07238BBE14E2EBA.tmp' to '../../../../../../unreal/CyberKittysWeirdBox/Content/House_Models/LENS.uasset'
[2026.03.23-08.55.43:076][925]Cmd: OBJ SAVEPACKAGE PACKAGE="/Game/House_Models/Lens_text" FILE="../../../../../../unreal/CyberKittysWeirdBox/Content/House_Models/Lens_text.uasset" SILENT=true
[2026.03.23-08.55.43:080][925]LogSavePackage: Moving '../../../../../../unreal/CyberKittysWeirdBox/Saved/Lens_textB5B1314B4100E4937A68DB8F47F74957.tmp' to '../../../../../../unreal/CyberKittysWeirdBox/Content/House_Models/Lens_text.uasset'
[2026.03.23-08.55.43:090][925]Cmd: OBJ SAVEPACKAGE PACKAGE="/Game/House_Models/Marble_5" FILE="../../../../../../unreal/CyberKittysWeirdBox/Content/House_Models/Marble_5.uasset" SILENT=true
[2026.03.23-08.55.43:094][925]LogSavePackage: Moving '../../../../../../unreal/CyberKittysWeirdBox/Saved/Marble_526FE6AA4400B6183DFC2A9B1A0468645.tmp' to '../../../../../../unreal/CyberKittysWeirdBox/Content/House_Models/Marble_5.uasset'
[2026.03.23-08.55.43:104][925]Cmd: OBJ SAVEPACKAGE PACKAGE="/Game/House_Models/material_0" FILE="../../../../../../unreal/CyberKittysWeirdBox/Content/House_Models/material_0.uasset" SILENT=true
[2026.03.23-08.55.43:108][925]LogSavePackage: Moving '../../../../../../unreal/CyberKittysWeirdBox/Saved/material_07663E4CA45F4B6E566C382B1550DEFDD.tmp' to '../../../../../../unreal/CyberKittysWeirdBox/Content/House_Models/material_0.uasset'
[2026.03.23-08.55.43:119][925]Cmd: OBJ SAVEPACKAGE PACKAGE="/Game/House_Models/Material_001" FILE="../../../../../../unreal/CyberKittysWeirdBox/Content/House_Models/Material_001.uasset" SILENT=true
[2026.03.23-08.55.43:122][925]LogSavePackage: Moving '../../../../../../unreal/CyberKittysWeirdBox/Saved/Material_001751543E249956E5AA5E187991A139DCA.tmp' to '../../../../../../unreal/CyberKittysWeirdBox/Content/House_Models/Material_001.uasset'
[2026.03.23-08.55.43:134][925]Cmd: OBJ SAVEPACKAGE PACKAGE="/Game/House_Models/Material_003" FILE="../../../../../../unreal/CyberKittysWeirdBox/Content/House_Models/Material_003.uasset" SILENT=true
[2026.03.23-08.55.43:137][925]LogSavePackage: Moving '../../../../../../unreal/CyberKittysWeirdBox/Saved/Material_003407BB0014446D7977B6A918A4ACFA26B.tmp' to '../../../../../../unreal/CyberKittysWeirdBox/Content/House_Models/Material_003.uasset'
[2026.03.23-08.55.43:149][925]Cmd: OBJ SAVEPACKAGE PACKAGE="/Game/House_Models/Material_004" FILE="../../../../../../unreal/CyberKittysWeirdBox/Content/House_Models/Material_004.uasset" SILENT=true
[2026.03.23-08.55.43:152][925]LogSavePackage: Moving '../../../../../../unreal/CyberKittysWeirdBox/Saved/Material_0049DA920514E6391FFAFB702B1FDB2F15D.tmp' to '../../../../../../unreal/CyberKittysWeirdBox/Content/House_Models/Material_004.uasset'
[2026.03.23-08.55.43:164][925]Cmd: OBJ SAVEPACKAGE PACKAGE="/Game/House_Models/Material_005" FILE="../../../../../../unreal/CyberKittysWeirdBox/Content/House_Models/Material_005.uasset" SILENT=true
[2026.03.23-08.55.43:167][925]LogSavePackage: Moving '../../../../../../unreal/CyberKittysWeirdBox/Saved/Material_0052250A0B24488D2632DC823AB372B93B7.tmp' to '../../../../../../unreal/CyberKittysWeirdBox/Content/House_Models/Material_005.uasset'
[2026.03.23-08.55.43:178][925]Cmd: OBJ SAVEPACKAGE PACKAGE="/Game/House_Models/Material_013" FILE="../../../../../../unreal/CyberKittysWeirdBox/Content/House_Models/Material_013.uasset" SILENT=true
[2026.03.23-08.55.43:182][925]LogSavePackage: Moving '../../../../../../unreal/CyberKittysWeirdBox/Saved/Material_013DCCD8E3842D77407F74B5F8DE8C0711E.tmp' to '../../../../../../unreal/CyberKittysWeirdBox/Content/House_Models/Material_013.uasset'
[2026.03.23-08.55.43:194][925]Cmd: OBJ SAVEPACKAGE PACKAGE="/Game/House_Models/Material_016" FILE="../../../../../../unreal/CyberKittysWeirdBox/Content/House_Models/Material_016.uasset" SILENT=true
[2026.03.23-08.55.43:198][925]LogSavePackage: Moving '../../../../../../unreal/CyberKittysWeirdBox/Saved/Material_016C2E5ADA0418D1DDF6B58D1802F9F482B.tmp' to '../../../../../../unreal/CyberKittysWeirdBox/Content/House_Models/Material_016.uasset'
[2026.03.23-08.55.43:209][925]Cmd: OBJ SAVEPACKAGE PACKAGE="/Game/House_Models/material_1" FILE="../../../../../../unreal/CyberKittysWeirdBox/Content/House_Models/material_1.uasset" SILENT=true
[2026.03.23-08.55.43:213][925]LogSavePackage: Moving '../../../../../../unreal/CyberKittysWeirdBox/Saved/material_1E398662C4B5E06F3A4509C819D63929A.tmp' to '../../../../../../unreal/CyberKittysWeirdBox/Content/House_Models/material_1.uasset'
[2026.03.23-08.55.43:224][925]Cmd: OBJ SAVEPACKAGE PACKAGE="/Game/House_Models/Material_103" FILE="../../../../../../unreal/CyberKittysWeirdBox/Content/House_Models/Material_103.uasset" SILENT=true
[2026.03.23-08.55.43:228][925]LogSavePackage: Moving '../../../../../../unreal/CyberKittysWeirdBox/Saved/Material_1039B05A7664545F94BB8095E96D97D9755.tmp' to '../../../../../../unreal/CyberKittysWeirdBox/Content/House_Models/Material_103.uasset'
[2026.03.23-08.55.43:239][925]Cmd: OBJ SAVEPACKAGE PACKAGE="/Game/House_Models/Material_107" FILE="../../../../../../unreal/CyberKittysWeirdBox/Content/House_Models/Material_107.uasset" SILENT=true
[2026.03.23-08.55.43:243][925]LogSavePackage: Moving '../../../../../../unreal/CyberKittysWeirdBox/Saved/Material_107B3912EDB4B6E93843182769CA3EC83E1.tmp' to '../../../../../../unreal/CyberKittysWeirdBox/Content/House_Models/Material_107.uasset'
[2026.03.23-08.55.43:254][925]Cmd: OBJ SAVEPACKAGE PACKAGE="/Game/House_Models/Material_108" FILE="../../../../../../unreal/CyberKittysWeirdBox/Content/House_Models/Material_108.uasset" SILENT=true
[2026.03.23-08.55.43:258][925]LogSavePackage: Moving '../../../../../../unreal/CyberKittysWeirdBox/Saved/Material_108F38A166B4E4C256ED48E3F81890D76FE.tmp' to '../../../../../../unreal/CyberKittysWeirdBox/Content/House_Models/Material_108.uasset'
[2026.03.23-08.55.43:269][925]Cmd: OBJ SAVEPACKAGE PACKAGE="/Game/House_Models/Material_109" FILE="../../../../../../unreal/CyberKittysWeirdBox/Content/House_Models/Material_109.uasset" SILENT=true
[2026.03.23-08.55.43:272][925]LogSavePackage: Moving '../../../../../../unreal/CyberKittysWeirdBox/Saved/Material_1093398617A489FE2080617CAABBD15007D.tmp' to '../../../../../../unreal/CyberKittysWeirdBox/Content/House_Models/Material_109.uasset'
[2026.03.23-08.55.43:283][925]Cmd: OBJ SAVEPACKAGE PACKAGE="/Game/House_Models/material_10_001" FILE="../../../../../../unreal/CyberKittysWeirdBox/Content/House_Models/material_10_001.uasset" SILENT=true
[2026.03.23-08.55.43:287][925]LogSavePackage: Moving '../../../../../../unreal/CyberKittysWeirdBox/Saved/material_10_0018C023BFB4CD17457AA8780B7B47772A0.tmp' to '../../../../../../unreal/CyberKittysWeirdBox/Content/House_Models/material_10_001.uasset'
[2026.03.23-08.55.43:297][925]Cmd: OBJ SAVEPACKAGE PACKAGE="/Game/House_Models/material_12" FILE="../../../../../../unreal/CyberKittysWeirdBox/Content/House_Models/material_12.uasset" SILENT=true
[2026.03.23-08.55.43:301][925]LogSavePackage: Moving '../../../../../../unreal/CyberKittysWeirdBox/Saved/material_123B790C7C4B4AC1E69D2E5480169E1B0A.tmp' to '../../../../../../unreal/CyberKittysWeirdBox/Content/House_Models/material_12.uasset'
[2026.03.23-08.55.43:312][925]Cmd: OBJ SAVEPACKAGE PACKAGE="/Game/House_Models/Material_180" FILE="../../../../../../unreal/CyberKittysWeirdBox/Content/House_Models/Material_180.uasset" SILENT=true
[2026.03.23-08.55.43:316][925]LogSavePackage: Moving '../../../../../../unreal/CyberKittysWeirdBox/Saved/Material_1806C4F70E1452882D5D45DC1BF2610F57E.tmp' to '../../../../../../unreal/CyberKittysWeirdBox/Content/House_Models/Material_180.uasset'
[2026.03.23-08.55.43:326][925]Cmd: OBJ SAVEPACKAGE PACKAGE="/Game/House_Models/Material_181" FILE="../../../../../../unreal/CyberKittysWeirdBox/Content/House_Models/Material_181.uasset" SILENT=true
[2026.03.23-08.55.43:330][925]LogSavePackage: Moving '../../../../../../unreal/CyberKittysWeirdBox/Saved/Material_1817C552DA34ACEDF86673F749A92D4F30D.tmp' to '../../../../../../unreal/CyberKittysWeirdBox/Content/House_Models/Material_181.uasset'
[2026.03.23-08.55.43:341][925]Cmd: OBJ SAVEPACKAGE PACKAGE="/Game/House_Models/Material_182" FILE="../../../../../../unreal/CyberKittysWeirdBox/Content/House_Models/Material_182.uasset" SILENT=true
[2026.03.23-08.55.43:344][925]LogSavePackage: Moving '../../../../../../unreal/CyberKittysWeirdBox/Saved/Material_182FB6AEE034929A176DA74F48F95274DAC.tmp' to '../../../../../../unreal/CyberKittysWeirdBox/Content/House_Models/Material_182.uasset'
[2026.03.23-08.55.43:355][925]Cmd: OBJ SAVEPACKAGE PACKAGE="/Game/House_Models/material_2" FILE="../../../../../../unreal/CyberKittysWeirdBox/Content/House_Models/material_2.uasset" SILENT=true
[2026.03.23-08.55.43:359][925]LogSavePackage: Moving '../../../../../../unreal/CyberKittysWeirdBox/Saved/material_299246FA343B1B24AF84DBCB638A3017B.tmp' to '../../../../../../unreal/CyberKittysWeirdBox/Content/House_Models/material_2.uasset'
[2026.03.23-08.55.43:370][925]Cmd: OBJ SAVEPACKAGE PACKAGE="/Game/House_Models/Material_226" FILE="../../../../../../unreal/CyberKittysWeirdBox/Content/House_Models/Material_226.uasset" SILENT=true
[2026.03.23-08.55.43:374][925]LogSavePackage: Moving '../../../../../../unreal/CyberKittysWeirdBox/Saved/Material_22615F20F6D471D119FA48536912F5C4317.tmp' to '../../../../../../unreal/CyberKittysWeirdBox/Content/House_Models/Material_226.uasset'
[2026.03.23-08.55.43:385][925]Cmd: OBJ SAVEPACKAGE PACKAGE="/Game/House_Models/material_3" FILE="../../../../../../unreal/CyberKittysWeirdBox/Content/House_Models/material_3.uasset" SILENT=true
[2026.03.23-08.55.43:388][925]LogSavePackage: Moving '../../../../../../unreal/CyberKittysWeirdBox/Saved/material_3A6DE519F402D9BFDDF7013B8B7F831B5.tmp' to '../../../../../../unreal/CyberKittysWeirdBox/Content/House_Models/material_3.uasset'
[2026.03.23-08.55.43:400][925]Cmd: OBJ SAVEPACKAGE PACKAGE="/Game/House_Models/material_4" FILE="../../../../../../unreal/CyberKittysWeirdBox/Content/House_Models/material_4.uasset" SILENT=true
[2026.03.23-08.55.43:403][925]LogSavePackage: Moving '../../../../../../unreal/CyberKittysWeirdBox/Saved/material_44EDC20E64D9020634B94EFBD018B409B.tmp' to '../../../../../../unreal/CyberKittysWeirdBox/Content/House_Models/material_4.uasset'
[2026.03.23-08.55.43:414][925]Cmd: OBJ SAVEPACKAGE PACKAGE="/Game/House_Models/material_5" FILE="../../../../../../unreal/CyberKittysWeirdBox/Content/House_Models/material_5.uasset" SILENT=true
[2026.03.23-08.55.43:418][925]LogSavePackage: Moving '../../../../../../unreal/CyberKittysWeirdBox/Saved/material_569A8827E4D8A3A56277995B6F92FCF05.tmp' to '../../../../../../unreal/CyberKittysWeirdBox/Content/House_Models/material_5.uasset'
[2026.03.23-08.55.43:429][925]Cmd: OBJ SAVEPACKAGE PACKAGE="/Game/House_Models/material_6" FILE="../../../../../../unreal/CyberKittysWeirdBox/Content/House_Models/material_6.uasset" SILENT=true
[2026.03.23-08.55.43:433][925]LogSavePackage: Moving '../../../../../../unreal/CyberKittysWeirdBox/Saved/material_645106CA84C24FB874F7BE983D5393E6B.tmp' to '../../../../../../unreal/CyberKittysWeirdBox/Content/House_Models/material_6.uasset'
[2026.03.23-08.55.43:444][925]Cmd: OBJ SAVEPACKAGE PACKAGE="/Game/House_Models/material_7" FILE="../../../../../../unreal/CyberKittysWeirdBox/Content/House_Models/material_7.uasset" SILENT=true
[2026.03.23-08.55.43:448][925]LogSavePackage: Moving '../../../../../../unreal/CyberKittysWeirdBox/Saved/material_7212ACE9848F557CFA3ABB590AD2F7C8D.tmp' to '../../../../../../unreal/CyberKittysWeirdBox/Content/House_Models/material_7.uasset'
[2026.03.23-08.55.43:459][925]Cmd: OBJ SAVEPACKAGE PACKAGE="/Game/House_Models/material_8" FILE="../../../../../../unreal/CyberKittysWeirdBox/Content/House_Models/material_8.uasset" SILENT=true
[2026.03.23-08.55.43:463][925]LogSavePackage: Moving '../../../../../../unreal/CyberKittysWeirdBox/Saved/material_8AF53970149DFF4E2BE4C12AD3B99CD8C.tmp' to '../../../../../../unreal/CyberKittysWeirdBox/Content/House_Models/material_8.uasset'
[2026.03.23-08.55.43:475][925]Cmd: OBJ SAVEPACKAGE PACKAGE="/Game/House_Models/material_9" FILE="../../../../../../unreal/CyberKittysWeirdBox/Content/House_Models/material_9.uasset" SILENT=true
[2026.03.23-08.55.43:479][925]LogSavePackage: Moving '../../../../../../unreal/CyberKittysWeirdBox/Saved/material_9B600D92E4C72DE72F729F9A0C1D2D1CD.tmp' to '../../../../../../unreal/CyberKittysWeirdBox/Content/House_Models/material_9.uasset'
[2026.03.23-08.55.43:490][925]Cmd: OBJ SAVEPACKAGE PACKAGE="/Game/House_Models/Metal" FILE="../../../../../../unreal/CyberKittysWeirdBox/Content/House_Models/Metal.uasset" SILENT=true
[2026.03.23-08.55.43:493][925]LogSavePackage: Moving '../../../../../../unreal/CyberKittysWeirdBox/Saved/Metal703171E74BFC317B4701C090AA9D2511.tmp' to '../../../../../../unreal/CyberKittysWeirdBox/Content/House_Models/Metal.uasset'
[2026.03.23-08.55.43:504][925]Cmd: OBJ SAVEPACKAGE PACKAGE="/Game/House_Models/metal_002" FILE="../../../../../../unreal/CyberKittysWeirdBox/Content/House_Models/metal_002.uasset" SILENT=true
[2026.03.23-08.55.43:508][925]LogSavePackage: Moving '../../../../../../unreal/CyberKittysWeirdBox/Saved/metal_002F495E4234769559EF777C588B36963ED.tmp' to '../../../../../../unreal/CyberKittysWeirdBox/Content/House_Models/metal_002.uasset'
[2026.03.23-08.55.43:520][925]Cmd: OBJ SAVEPACKAGE PACKAGE="/Game/House_Models/Metal_Black" FILE="../../../../../../unreal/CyberKittysWeirdBox/Content/House_Models/Metal_Black.uasset" SILENT=true
[2026.03.23-08.55.43:524][925]LogSavePackage: Moving '../../../../../../unreal/CyberKittysWeirdBox/Saved/Metal_BlackFC17AD244B300814E1E5878D066D35D1.tmp' to '../../../../../../unreal/CyberKittysWeirdBox/Content/House_Models/Metal_Black.uasset'
[2026.03.23-08.55.43:536][925]Cmd: OBJ SAVEPACKAGE PACKAGE="/Game/House_Models/Metal_Chrome" FILE="../../../../../../unreal/CyberKittysWeirdBox/Content/House_Models/Metal_Chrome.uasset" SILENT=true
[2026.03.23-08.55.43:539][925]LogSavePackage: Moving '../../../../../../unreal/CyberKittysWeirdBox/Saved/Metal_Chrome583DFFBB4A7C00D207C01F9105E977CE.tmp' to '../../../../../../unreal/CyberKittysWeirdBox/Content/House_Models/Metal_Chrome.uasset'
[2026.03.23-08.55.43:551][925]Cmd: OBJ SAVEPACKAGE PACKAGE="/Game/House_Models/metal_oven_001" FILE="../../../../../../unreal/CyberKittysWeirdBox/Content/House_Models/metal_oven_001.uasset" SILENT=true
[2026.03.23-08.55.43:555][925]LogSavePackage: Moving '../../../../../../unreal/CyberKittysWeirdBox/Saved/metal_oven_001A15239AE4A2F7E63AA568EA07FA6F425.tmp' to '../../../../../../unreal/CyberKittysWeirdBox/Content/House_Models/metal_oven_001.uasset'
[2026.03.23-08.55.43:566][925]Cmd: OBJ SAVEPACKAGE PACKAGE="/Game/House_Models/Metal_Polished_White" FILE="../../../../../../unreal/CyberKittysWeirdBox/Content/House_Models/Metal_Polished_White.uasset" SILENT=true
[2026.03.23-08.55.43:570][925]LogSavePackage: Moving '../../../../../../unreal/CyberKittysWeirdBox/Saved/Metal_Polished_White8D5F0DEC4AADB70746E519AD3960F867.tmp' to '../../../../../../unreal/CyberKittysWeirdBox/Content/House_Models/Metal_Polished_White.uasset'
[2026.03.23-08.55.43:581][925]Cmd: OBJ SAVEPACKAGE PACKAGE="/Game/House_Models/metal_tables_001" FILE="../../../../../../unreal/CyberKittysWeirdBox/Content/House_Models/metal_tables_001.uasset" SILENT=true
[2026.03.23-08.55.43:584][925]LogSavePackage: Moving '../../../../../../unreal/CyberKittysWeirdBox/Saved/metal_tables_0014751C154471A393417206AB178D1D9E5.tmp' to '../../../../../../unreal/CyberKittysWeirdBox/Content/House_Models/metal_tables_001.uasset'
[2026.03.23-08.55.43:594][925]Cmd: OBJ SAVEPACKAGE PACKAGE="/Game/House_Models/Metal_White" FILE="../../../../../../unreal/CyberKittysWeirdBox/Content/House_Models/Metal_White.uasset" SILENT=true
[2026.03.23-08.55.43:598][925]LogSavePackage: Moving '../../../../../../unreal/CyberKittysWeirdBox/Saved/Metal_White85235C70497E271FB0E333A8F184F08E.tmp' to '../../../../../../unreal/CyberKittysWeirdBox/Content/House_Models/Metal_White.uasset'
[2026.03.23-08.55.43:608][925]Cmd: OBJ SAVEPACKAGE PACKAGE="/Game/House_Models/mirror_002" FILE="../../../../../../unreal/CyberKittysWeirdBox/Content/House_Models/mirror_002.uasset" SILENT=true
[2026.03.23-08.55.43:612][925]LogSavePackage: Moving '../../../../../../unreal/CyberKittysWeirdBox/Saved/mirror_002944E067B4613A5E43BB5CE942339F7DD.tmp' to '../../../../../../unreal/CyberKittysWeirdBox/Content/House_Models/mirror_002.uasset'
[2026.03.23-08.55.43:622][925]Cmd: OBJ SAVEPACKAGE PACKAGE="/Game/House_Models/mirror_light_001" FILE="../../../../../../unreal/CyberKittysWeirdBox/Content/House_Models/mirror_light_001.uasset" SILENT=true
[2026.03.23-08.55.43:626][925]LogSavePackage: Moving '../../../../../../unreal/CyberKittysWeirdBox/Saved/mirror_light_001C6FD9B424D3CFC6A8B5C118518AF9443.tmp' to '../../../../../../unreal/CyberKittysWeirdBox/Content/House_Models/mirror_light_001.uasset'
[2026.03.23-08.55.43:637][925]Cmd: OBJ SAVEPACKAGE PACKAGE="/Game/House_Models/Multicoated_glass" FILE="../../../../../../unreal/CyberKittysWeirdBox/Content/House_Models/Multicoated_glass.uasset" SILENT=true
[2026.03.23-08.55.43:640][925]LogSavePackage: Moving '../../../../../../unreal/CyberKittysWeirdBox/Saved/Multicoated_glass7DCA215746D4267695999E8E96674206.tmp' to '../../../../../../unreal/CyberKittysWeirdBox/Content/House_Models/Multicoated_glass.uasset'
[2026.03.23-08.55.43:651][925]Cmd: OBJ SAVEPACKAGE PACKAGE="/Game/House_Models/Panel" FILE="../../../../../../unreal/CyberKittysWeirdBox/Content/House_Models/Panel.uasset" SILENT=true
[2026.03.23-08.55.43:655][925]LogSavePackage: Moving '../../../../../../unreal/CyberKittysWeirdBox/Saved/Panel59DA605D4F901D0395DB099B7BE0FAD4.tmp' to '../../../../../../unreal/CyberKittysWeirdBox/Content/House_Models/Panel.uasset'
[2026.03.23-08.55.43:666][925]Cmd: OBJ SAVEPACKAGE PACKAGE="/Game/House_Models/pILLBOITTLE" FILE="../../../../../../unreal/CyberKittysWeirdBox/Content/House_Models/pILLBOITTLE.uasset" SILENT=true
[2026.03.23-08.55.43:670][925]LogSavePackage: Moving '../../../../../../unreal/CyberKittysWeirdBox/Saved/pILLBOITTLE468641FC4256A2689B47E096CA0C8351.tmp' to '../../../../../../unreal/CyberKittysWeirdBox/Content/House_Models/pILLBOITTLE.uasset'
[2026.03.23-08.55.43:682][925]Cmd: OBJ SAVEPACKAGE PACKAGE="/Game/House_Models/Plastic" FILE="../../../../../../unreal/CyberKittysWeirdBox/Content/House_Models/Plastic.uasset" SILENT=true
[2026.03.23-08.55.43:685][925]LogSavePackage: Moving '../../../../../../unreal/CyberKittysWeirdBox/Saved/PlasticA6E3F0024B6D7166E750CEBB488A0DAD.tmp' to '../../../../../../unreal/CyberKittysWeirdBox/Content/House_Models/Plastic.uasset'
[2026.03.23-08.55.43:696][925]Cmd: OBJ SAVEPACKAGE PACKAGE="/Game/House_Models/Plastic_Black_Insulator" FILE="../../../../../../unreal/CyberKittysWeirdBox/Content/House_Models/Plastic_Black_Insulator.uasset" SILENT=true
[2026.03.23-08.55.43:699][925]LogSavePackage: Moving '../../../../../../unreal/CyberKittysWeirdBox/Saved/Plastic_Black_Insulator1FF895904AA908219BE6BA8FBE2CD8F4.tmp' to '../../../../../../unreal/CyberKittysWeirdBox/Content/House_Models/Plastic_Black_Insulator.uasset'
[2026.03.23-08.55.43:711][925]Cmd: OBJ SAVEPACKAGE PACKAGE="/Game/House_Models/Plastic_Black_Shiny" FILE="../../../../../../unreal/CyberKittysWeirdBox/Content/House_Models/Plastic_Black_Shiny.uasset" SILENT=true
[2026.03.23-08.55.43:715][925]LogSavePackage: Moving '../../../../../../unreal/CyberKittysWeirdBox/Saved/Plastic_Black_Shiny147F293E466633AB4423B480447959C6.tmp' to '../../../../../../unreal/CyberKittysWeirdBox/Content/House_Models/Plastic_Black_Shiny.uasset'
[2026.03.23-08.55.43:726][925]Cmd: OBJ SAVEPACKAGE PACKAGE="/Game/House_Models/Plastic_Rubbery" FILE="../../../../../../unreal/CyberKittysWeirdBox/Content/House_Models/Plastic_Rubbery.uasset" SILENT=true
[2026.03.23-08.55.43:730][925]LogSavePackage: Moving '../../../../../../unreal/CyberKittysWeirdBox/Saved/Plastic_Rubbery36434AD14F934D613C48B1AEBA1834D2.tmp' to '../../../../../../unreal/CyberKittysWeirdBox/Content/House_Models/Plastic_Rubbery.uasset'
[2026.03.23-08.55.43:740][925]Cmd: OBJ SAVEPACKAGE PACKAGE="/Game/House_Models/plastic_white" FILE="../../../../../../unreal/CyberKittysWeirdBox/Content/House_Models/plastic_white.uasset" SILENT=true
[2026.03.23-08.55.43:744][925]LogSavePackage: Moving '../../../../../../unreal/CyberKittysWeirdBox/Saved/plastic_whiteEE54364A4D5E1289B89401A8E8FDA244.tmp' to '../../../../../../unreal/CyberKittysWeirdBox/Content/House_Models/plastic_white.uasset'
[2026.03.23-08.55.43:754][925]Cmd: OBJ SAVEPACKAGE PACKAGE="/Game/House_Models/PlasticMaterial_005" FILE="../../../../../../unreal/CyberKittysWeirdBox/Content/House_Models/PlasticMaterial_005.uasset" SILENT=true
[2026.03.23-08.55.43:757][925]LogSavePackage: Moving '../../../../../../unreal/CyberKittysWeirdBox/Saved/PlasticMaterial_00566D6C48144E634536B4E87B87760ACE5.tmp' to '../../../../../../unreal/CyberKittysWeirdBox/Content/House_Models/PlasticMaterial_005.uasset'
[2026.03.23-08.55.43:769][925]Cmd: OBJ SAVEPACKAGE PACKAGE="/Game/House_Models/PlasticMaterial_006" FILE="../../../../../../unreal/CyberKittysWeirdBox/Content/House_Models/PlasticMaterial_006.uasset" SILENT=true
[2026.03.23-08.55.43:772][925]LogSavePackage: Moving '../../../../../../unreal/CyberKittysWeirdBox/Saved/PlasticMaterial_0068E7995894CE3E38A50414CB87DFFDF3C.tmp' to '../../../../../../unreal/CyberKittysWeirdBox/Content/House_Models/PlasticMaterial_006.uasset'
[2026.03.23-08.55.43:784][925]Cmd: OBJ SAVEPACKAGE PACKAGE="/Game/House_Models/Procedural_Wood_002" FILE="../../../../../../unreal/CyberKittysWeirdBox/Content/House_Models/Procedural_Wood_002.uasset" SILENT=true
[2026.03.23-08.55.43:787][925]LogSavePackage: Moving '../../../../../../unreal/CyberKittysWeirdBox/Saved/Procedural_Wood_002090445B14008A0623400E3806F499F7B.tmp' to '../../../../../../unreal/CyberKittysWeirdBox/Content/House_Models/Procedural_Wood_002.uasset'
[2026.03.23-08.55.43:798][925]Cmd: OBJ SAVEPACKAGE PACKAGE="/Game/House_Models/Raindrops_On_The_Glass_001" FILE="../../../../../../unreal/CyberKittysWeirdBox/Content/House_Models/Raindrops_On_The_Glass_001.uasset" SILENT=true
[2026.03.23-08.55.43:801][925]LogSavePackage: Moving '../../../../../../unreal/CyberKittysWeirdBox/Saved/Raindrops_On_The_Glass_001CC597DF04DDEF6ED297D1498896D6694.tmp' to '../../../../../../unreal/CyberKittysWeirdBox/Content/House_Models/Raindrops_On_The_Glass_001.uasset'
[2026.03.23-08.55.43:812][925]Cmd: OBJ SAVEPACKAGE PACKAGE="/Game/House_Models/Red_Paint" FILE="../../../../../../unreal/CyberKittysWeirdBox/Content/House_Models/Red_Paint.uasset" SILENT=true
[2026.03.23-08.55.43:816][925]LogSavePackage: Moving '../../../../../../unreal/CyberKittysWeirdBox/Saved/Red_Paint715A9043493B284FB7EBDC9F9C287EA3.tmp' to '../../../../../../unreal/CyberKittysWeirdBox/Content/House_Models/Red_Paint.uasset'
[2026.03.23-08.55.43:826][925]Cmd: OBJ SAVEPACKAGE PACKAGE="/Game/House_Models/Rubber" FILE="../../../../../../unreal/CyberKittysWeirdBox/Content/House_Models/Rubber.uasset" SILENT=true
[2026.03.23-08.55.43:829][925]LogSavePackage: Moving '../../../../../../unreal/CyberKittysWeirdBox/Saved/RubberB0AAEA984EA11CF4BE9282ADFD0544FC.tmp' to '../../../../../../unreal/CyberKittysWeirdBox/Content/House_Models/Rubber.uasset'
[2026.03.23-08.55.43:840][925]Cmd: OBJ SAVEPACKAGE PACKAGE="/Game/House_Models/Sanosalmon_004" FILE="../../../../../../unreal/CyberKittysWeirdBox/Content/House_Models/Sanosalmon_004.uasset" SILENT=true
[2026.03.23-08.55.43:844][925]LogSavePackage: Moving '../../../../../../unreal/CyberKittysWeirdBox/Saved/Sanosalmon_0046CA2E5934168D65150C88D8BC98EEEAA.tmp' to '../../../../../../unreal/CyberKittysWeirdBox/Content/House_Models/Sanosalmon_004.uasset'
[2026.03.23-08.55.43:855][925]Cmd: OBJ SAVEPACKAGE PACKAGE="/Game/House_Models/Screen_2_003" FILE="../../../../../../unreal/CyberKittysWeirdBox/Content/House_Models/Screen_2_003.uasset" SILENT=true
[2026.03.23-08.55.43:858][925]LogSavePackage: Moving '../../../../../../unreal/CyberKittysWeirdBox/Saved/Screen_2_0031FFDBF414315B49C2C017E95917CAC86.tmp' to '../../../../../../unreal/CyberKittysWeirdBox/Content/House_Models/Screen_2_003.uasset'
[2026.03.23-08.55.43:869][925]Cmd: OBJ SAVEPACKAGE PACKAGE="/Game/House_Models/Sensor" FILE="../../../../../../unreal/CyberKittysWeirdBox/Content/House_Models/Sensor.uasset" SILENT=true
[2026.03.23-08.55.43:873][925]LogSavePackage: Moving '../../../../../../unreal/CyberKittysWeirdBox/Saved/Sensor1F0305324EF8C55E480EE5B5127DC68C.tmp' to '../../../../../../unreal/CyberKittysWeirdBox/Content/House_Models/Sensor.uasset'
[2026.03.23-08.55.43:884][925]Cmd: OBJ SAVEPACKAGE PACKAGE="/Game/House_Models/Shell_" FILE="../../../../../../unreal/CyberKittysWeirdBox/Content/House_Models/Shell_.uasset" SILENT=true
[2026.03.23-08.55.43:888][925]LogSavePackage: Moving '../../../../../../unreal/CyberKittysWeirdBox/Saved/Shell_B3C0E884470937AF37F926B5B9A23F5A.tmp' to '../../../../../../unreal/CyberKittysWeirdBox/Content/House_Models/Shell_.uasset'
[2026.03.23-08.55.43:900][925]Cmd: OBJ SAVEPACKAGE PACKAGE="/Game/House_Models/Shiny_Plastic" FILE="../../../../../../unreal/CyberKittysWeirdBox/Content/House_Models/Shiny_Plastic.uasset" SILENT=true
[2026.03.23-08.55.43:904][925]LogSavePackage: Moving '../../../../../../unreal/CyberKittysWeirdBox/Saved/Shiny_Plastic1D2497FE42422F271FBEB59927FE0416.tmp' to '../../../../../../unreal/CyberKittysWeirdBox/Content/House_Models/Shiny_Plastic.uasset'
[2026.03.23-08.55.43:915][925]Cmd: OBJ SAVEPACKAGE PACKAGE="/Game/House_Models/srebro_006" FILE="../../../../../../unreal/CyberKittysWeirdBox/Content/House_Models/srebro_006.uasset" SILENT=true
[2026.03.23-08.55.43:919][925]LogSavePackage: Moving '../../../../../../unreal/CyberKittysWeirdBox/Saved/srebro_006C09D63074E5AD4DEFFAA519522F704C7.tmp' to '../../../../../../unreal/CyberKittysWeirdBox/Content/House_Models/srebro_006.uasset'
[2026.03.23-08.55.43:930][925]Cmd: OBJ SAVEPACKAGE PACKAGE="/Game/House_Models/Stainless_Steel" FILE="../../../../../../unreal/CyberKittysWeirdBox/Content/House_Models/Stainless_Steel.uasset" SILENT=true
[2026.03.23-08.55.43:934][925]LogSavePackage: Moving '../../../../../../unreal/CyberKittysWeirdBox/Saved/Stainless_Steel54DC8F7B45F9515FDE95F38012A3FAD7.tmp' to '../../../../../../unreal/CyberKittysWeirdBox/Content/House_Models/Stainless_Steel.uasset'
[2026.03.23-08.55.43:945][925]Cmd: OBJ SAVEPACKAGE PACKAGE="/Game/House_Models/Switch_Led" FILE="../../../../../../unreal/CyberKittysWeirdBox/Content/House_Models/Switch_Led.uasset" SILENT=true
[2026.03.23-08.55.43:949][925]LogSavePackage: Moving '../../../../../../unreal/CyberKittysWeirdBox/Saved/Switch_Led324CF88D4DBDF4F7BF1DBF8F7A733A17.tmp' to '../../../../../../unreal/CyberKittysWeirdBox/Content/House_Models/Switch_Led.uasset'
[2026.03.23-08.55.43:960][925]Cmd: OBJ SAVEPACKAGE PACKAGE="/Game/House_Models/Switch_White_Plastic" FILE="../../../../../../unreal/CyberKittysWeirdBox/Content/House_Models/Switch_White_Plastic.uasset" SILENT=true
[2026.03.23-08.55.43:964][925]LogSavePackage: Moving '../../../../../../unreal/CyberKittysWeirdBox/Saved/Switch_White_PlasticE32B62BA4DF63A8E3E9E97B4B783E09E.tmp' to '../../../../../../unreal/CyberKittysWeirdBox/Content/House_Models/Switch_White_Plastic.uasset'
[2026.03.23-08.55.43:975][925]Cmd: OBJ SAVEPACKAGE PACKAGE="/Game/House_Models/Tablet" FILE="../../../../../../unreal/CyberKittysWeirdBox/Content/House_Models/Tablet.uasset" SILENT=true
[2026.03.23-08.55.43:984][925]LogSavePackage: Moving '../../../../../../unreal/CyberKittysWeirdBox/Saved/TabletBBCBFFCA4956570E3EDEAEA2DC04B829.tmp' to '../../../../../../unreal/CyberKittysWeirdBox/Content/House_Models/Tablet.uasset'
[2026.03.23-08.55.43:994][925]Cmd: OBJ SAVEPACKAGE PACKAGE="/Game/House_Models/tiles_blue" FILE="../../../../../../unreal/CyberKittysWeirdBox/Content/House_Models/tiles_blue.uasset" SILENT=true
[2026.03.23-08.55.44:007][925]LogSavePackage: Moving '../../../../../../unreal/CyberKittysWeirdBox/Saved/tiles_blueFFAEA37F487E66B63AEE00ABC7E8E938.tmp' to '../../../../../../unreal/CyberKittysWeirdBox/Content/House_Models/tiles_blue.uasset'
[2026.03.23-08.55.44:019][925]Cmd: OBJ SAVEPACKAGE PACKAGE="/Game/House_Models/Toilet_Lock" FILE="../../../../../../unreal/CyberKittysWeirdBox/Content/House_Models/Toilet_Lock.uasset" SILENT=true
[2026.03.23-08.55.44:046][925]LogSavePackage: Moving '../../../../../../unreal/CyberKittysWeirdBox/Saved/Toilet_Lock0CA87F0C4BF650FFD27D9D910D1E5520.tmp' to '../../../../../../unreal/CyberKittysWeirdBox/Content/House_Models/Toilet_Lock.uasset'
[2026.03.23-08.55.44:058][925]Cmd: OBJ SAVEPACKAGE PACKAGE="/Game/House_Models/Toilet_Main_White" FILE="../../../../../../unreal/CyberKittysWeirdBox/Content/House_Models/Toilet_Main_White.uasset" SILENT=true
[2026.03.23-08.55.44:061][925]LogSavePackage: Moving '../../../../../../unreal/CyberKittysWeirdBox/Saved/Toilet_Main_White1FDF6FEE4981D5AD46EE46805809AFB1.tmp' to '../../../../../../unreal/CyberKittysWeirdBox/Content/House_Models/Toilet_Main_White.uasset'
[2026.03.23-08.55.44:071][925]Cmd: OBJ SAVEPACKAGE PACKAGE="/Game/House_Models/Toilet_Metal" FILE="../../../../../../unreal/CyberKittysWeirdBox/Content/House_Models/Toilet_Metal.uasset" SILENT=true
[2026.03.23-08.55.44:075][925]LogSavePackage: Moving '../../../../../../unreal/CyberKittysWeirdBox/Saved/Toilet_Metal90AB08254EB188DD3F2E91B1DBC5A6A1.tmp' to '../../../../../../unreal/CyberKittysWeirdBox/Content/House_Models/Toilet_Metal.uasset'
[2026.03.23-08.55.44:086][925]Cmd: OBJ SAVEPACKAGE PACKAGE="/Game/House_Models/Toilet_Plastic" FILE="../../../../../../unreal/CyberKittysWeirdBox/Content/House_Models/Toilet_Plastic.uasset" SILENT=true
[2026.03.23-08.55.44:089][925]LogSavePackage: Moving '../../../../../../unreal/CyberKittysWeirdBox/Saved/Toilet_Plastic58D8430C45641422A17916A63C472AEB.tmp' to '../../../../../../unreal/CyberKittysWeirdBox/Content/House_Models/Toilet_Plastic.uasset'
[2026.03.23-08.55.44:100][925]Cmd: OBJ SAVEPACKAGE PACKAGE="/Game/House_Models/tv_chrome_001" FILE="../../../../../../unreal/CyberKittysWeirdBox/Content/House_Models/tv_chrome_001.uasset" SILENT=true
[2026.03.23-08.55.44:111][925]LogSavePackage: Moving '../../../../../../unreal/CyberKittysWeirdBox/Saved/tv_chrome_0018165DC874B87C748B1C5F7A7328C46C1.tmp' to '../../../../../../unreal/CyberKittysWeirdBox/Content/House_Models/tv_chrome_001.uasset'
[2026.03.23-08.55.44:122][925]Cmd: OBJ SAVEPACKAGE PACKAGE="/Game/House_Models/tv_plastic_001" FILE="../../../../../../unreal/CyberKittysWeirdBox/Content/House_Models/tv_plastic_001.uasset" SILENT=true
[2026.03.23-08.55.44:125][925]LogSavePackage: Moving '../../../../../../unreal/CyberKittysWeirdBox/Saved/tv_plastic_001E0E873AE4B5D455151365CAF91CEFCCA.tmp' to '../../../../../../unreal/CyberKittysWeirdBox/Content/House_Models/tv_plastic_001.uasset'
[2026.03.23-08.55.44:136][925]Cmd: OBJ SAVEPACKAGE PACKAGE="/Game/House_Models/tv_screen_001" FILE="../../../../../../unreal/CyberKittysWeirdBox/Content/House_Models/tv_screen_001.uasset" SILENT=true
[2026.03.23-08.55.44:140][925]LogSavePackage: Moving '../../../../../../unreal/CyberKittysWeirdBox/Saved/tv_screen_0012B96AA974B5A44E8341098B20794BB84.tmp' to '../../../../../../unreal/CyberKittysWeirdBox/Content/House_Models/tv_screen_001.uasset'
[2026.03.23-08.55.44:152][925]Cmd: OBJ SAVEPACKAGE PACKAGE="/Game/House_Models/Wall" FILE="../../../../../../unreal/CyberKittysWeirdBox/Content/House_Models/Wall.uasset" SILENT=true
[2026.03.23-08.55.44:155][925]LogSavePackage: Moving '../../../../../../unreal/CyberKittysWeirdBox/Saved/Wall9D25788540C12D580B3B6CAD9CE41E18.tmp' to '../../../../../../unreal/CyberKittysWeirdBox/Content/House_Models/Wall.uasset'
[2026.03.23-08.55.44:166][925]Cmd: OBJ SAVEPACKAGE PACKAGE="/Game/House_Models/Wall_Lower" FILE="../../../../../../unreal/CyberKittysWeirdBox/Content/House_Models/Wall_Lower.uasset" SILENT=true
[2026.03.23-08.55.44:208][925]LogSavePackage: Moving '../../../../../../unreal/CyberKittysWeirdBox/Saved/Wall_LowerF8D55677419516D08076BFBC91EEF39A.tmp' to '../../../../../../unreal/CyberKittysWeirdBox/Content/House_Models/Wall_Lower.uasset'
[2026.03.23-08.55.44:220][925]Cmd: OBJ SAVEPACKAGE PACKAGE="/Game/House_Models/White_Paint" FILE="../../../../../../unreal/CyberKittysWeirdBox/Content/House_Models/White_Paint.uasset" SILENT=true
[2026.03.23-08.55.44:224][925]LogSavePackage: Moving '../../../../../../unreal/CyberKittysWeirdBox/Saved/White_PaintA83D913D4F1480DE09C6F2AE518BDE74.tmp' to '../../../../../../unreal/CyberKittysWeirdBox/Content/House_Models/White_Paint.uasset'
[2026.03.23-08.55.44:236][925]Cmd: OBJ SAVEPACKAGE PACKAGE="/Game/House_Models/Window_007" FILE="../../../../../../unreal/CyberKittysWeirdBox/Content/House_Models/Window_007.uasset" SILENT=true
[2026.03.23-08.55.44:239][925]LogSavePackage: Moving '../../../../../../unreal/CyberKittysWeirdBox/Saved/Window_0072AA7CA814991B21614BA96B755D75E45.tmp' to '../../../../../../unreal/CyberKittysWeirdBox/Content/House_Models/Window_007.uasset'
[2026.03.23-08.55.44:250][925]Cmd: OBJ SAVEPACKAGE PACKAGE="/Game/House_Models/Window_008" FILE="../../../../../../unreal/CyberKittysWeirdBox/Content/House_Models/Window_008.uasset" SILENT=true
[2026.03.23-08.55.44:253][925]LogSavePackage: Moving '../../../../../../unreal/CyberKittysWeirdBox/Saved/Window_008CC298169404E8E38787B88A8022ECE9D.tmp' to '../../../../../../unreal/CyberKittysWeirdBox/Content/House_Models/Window_008.uasset'
[2026.03.23-08.55.44:264][925]Cmd: OBJ SAVEPACKAGE PACKAGE="/Game/House_Models/Window_009" FILE="../../../../../../unreal/CyberKittysWeirdBox/Content/House_Models/Window_009.uasset" SILENT=true
[2026.03.23-08.55.44:268][925]LogSavePackage: Moving '../../../../../../unreal/CyberKittysWeirdBox/Saved/Window_00973543F28409D99C00E0CEA8B9A9F2C27.tmp' to '../../../../../../unreal/CyberKittysWeirdBox/Content/House_Models/Window_009.uasset'
[2026.03.23-08.55.44:279][925]Cmd: OBJ SAVEPACKAGE PACKAGE="/Game/House_Models/Wood_004" FILE="../../../../../../unreal/CyberKittysWeirdBox/Content/House_Models/Wood_004.uasset" SILENT=true
[2026.03.23-08.55.44:283][925]LogSavePackage: Moving '../../../../../../unreal/CyberKittysWeirdBox/Saved/Wood_00488719BD54E43C64E45AEA9A638C58C77.tmp' to '../../../../../../unreal/CyberKittysWeirdBox/Content/House_Models/Wood_004.uasset'
[2026.03.23-08.55.44:293][925]Cmd: OBJ SAVEPACKAGE PACKAGE="/Game/House_Models/Wood_005" FILE="../../../../../../unreal/CyberKittysWeirdBox/Content/House_Models/Wood_005.uasset" SILENT=true
[2026.03.23-08.55.44:296][925]LogSavePackage: Moving '../../../../../../unreal/CyberKittysWeirdBox/Saved/Wood_005BD2C90104E872276D98519AFB981A66A.tmp' to '../../../../../../unreal/CyberKittysWeirdBox/Content/House_Models/Wood_005.uasset'
[2026.03.23-08.55.44:307][925]Cmd: OBJ SAVEPACKAGE PACKAGE="/Game/House_Models/Wood_007" FILE="../../../../../../unreal/CyberKittysWeirdBox/Content/House_Models/Wood_007.uasset" SILENT=true
[2026.03.23-08.55.44:310][925]LogSavePackage: Moving '../../../../../../unreal/CyberKittysWeirdBox/Saved/Wood_00750E9C6AC4FBAFFD351D4018BFDCF9B43.tmp' to '../../../../../../unreal/CyberKittysWeirdBox/Content/House_Models/Wood_007.uasset'
[2026.03.23-08.55.44:321][925]Cmd: OBJ SAVEPACKAGE PACKAGE="/Game/House_Models/Wood_008" FILE="../../../../../../unreal/CyberKittysWeirdBox/Content/House_Models/Wood_008.uasset" SILENT=true
[2026.03.23-08.55.44:324][925]LogSavePackage: Moving '../../../../../../unreal/CyberKittysWeirdBox/Saved/Wood_008424AA9FF4B120834CDDD06B80D99CFF9.tmp' to '../../../../../../unreal/CyberKittysWeirdBox/Content/House_Models/Wood_008.uasset'
[2026.03.23-08.55.44:335][925]Cmd: OBJ SAVEPACKAGE PACKAGE="/Game/House_Models/Wood_009" FILE="../../../../../../unreal/CyberKittysWeirdBox/Content/House_Models/Wood_009.uasset" SILENT=true
[2026.03.23-08.55.44:339][925]LogSavePackage: Moving '../../../../../../unreal/CyberKittysWeirdBox/Saved/Wood_009C77C259C4506184A8E9511A89E0F1C25.tmp' to '../../../../../../unreal/CyberKittysWeirdBox/Content/House_Models/Wood_009.uasset'
[2026.03.23-08.55.44:349][925]Cmd: OBJ SAVEPACKAGE PACKAGE="/Game/House_Models/wood__001" FILE="../../../../../../unreal/CyberKittysWeirdBox/Content/House_Models/wood__001.uasset" SILENT=true
[2026.03.23-08.55.44:353][925]LogSavePackage: Moving '../../../../../../unreal/CyberKittysWeirdBox/Saved/wood__0013E7933A04477F55FA1C3539AE1CBDA3B.tmp' to '../../../../../../unreal/CyberKittysWeirdBox/Content/House_Models/wood__001.uasset'
[2026.03.23-08.55.44:364][925]Cmd: OBJ SAVEPACKAGE PACKAGE="/Game/House_Models/wood_black_001" FILE="../../../../../../unreal/CyberKittysWeirdBox/Content/House_Models/wood_black_001.uasset" SILENT=true
[2026.03.23-08.55.44:368][925]LogSavePackage: Moving '../../../../../../unreal/CyberKittysWeirdBox/Saved/wood_black_001311CB35C46341E6E51B15C9B3AFC935B.tmp' to '../../../../../../unreal/CyberKittysWeirdBox/Content/House_Models/wood_black_001.uasset'
[2026.03.23-08.55.44:378][925]Cmd: OBJ SAVEPACKAGE PACKAGE="/Game/House_Models/wood_red" FILE="../../../../../../unreal/CyberKittysWeirdBox/Content/House_Models/wood_red.uasset" SILENT=true
[2026.03.23-08.55.44:382][925]LogSavePackage: Moving '../../../../../../unreal/CyberKittysWeirdBox/Saved/wood_redCC348CD14E1F24ACD432A0B0966920C9.tmp' to '../../../../../../unreal/CyberKittysWeirdBox/Content/House_Models/wood_red.uasset'
[2026.03.23-08.55.44:393][925]Cmd: OBJ SAVEPACKAGE PACKAGE="/Game/House_Models/Wooden_Bookshelves_Four_Layers" FILE="../../../../../../unreal/CyberKittysWeirdBox/Content/House_Models/Wooden_Bookshelves_Four_Layers.uasset" SILENT=true
[2026.03.23-08.55.44:396][925]LogSavePackage: Moving '../../../../../../unreal/CyberKittysWeirdBox/Saved/Wooden_Bookshelves_Four_Layers92999645409A177C504C2A88B2B18139.tmp' to '../../../../../../unreal/CyberKittysWeirdBox/Content/House_Models/Wooden_Bookshelves_Four_Layers.uasset'
[2026.03.23-08.55.44:439][925]LogAssetEditorSubsystem: Opening Asset editor for World /Game/Maps/Menu_Level.Menu_Level
[2026.03.23-08.55.44:440][925]Cmd: MAP LOAD FILE="../../../../../../unreal/CyberKittysWeirdBox/Content/Maps/Menu_Level.umap" TEMPLATE=0 SHOWPROGRESS=1 FEATURELEVEL=3
[2026.03.23-08.55.44:440][925]LightingResults: New page: Lighting Build
[2026.03.23-08.55.44:440][925]LoadErrors: New page: Loading map: Menu_Level.umap
[2026.03.23-08.55.44:479][925]LogWorld: UWorld::CleanupWorld for House, bSessionEnded=true, bCleanupResources=true
[2026.03.23-08.55.44:479][925]LogSlate: InvalidateAllWidgets triggered.  All widgets were invalidated
[2026.03.23-08.55.44:480][925]MapCheck: New page: Map Check
[2026.03.23-08.55.44:480][925]LightingResults: New page: Lighting Build
[2026.03.23-08.55.44:484][925]LogAudio: Display: Audio Device unregistered from world 'None'.
[2026.03.23-08.55.44:486][925]LogUObjectHash: Compacting FUObjectHashTables data took   0.88ms
[2026.03.23-08.55.44:488][925]LogAudio: Display: Audio Device (ID: 1) registered with world 'Menu_Level'.
[2026.03.23-08.55.44:490][925]LogEditorServer: Finished looking for orphan Actors (0.000 secs)
[2026.03.23-08.55.44:490][925]LogAIModule: Creating AISystem for world Menu_Level
[2026.03.23-08.55.44:496][925]LogUObjectHash: Compacting FUObjectHashTables data took   0.61ms
[2026.03.23-08.55.44:506][925]Cmd: MAP CHECKDEP NOCLEARLOG
[2026.03.23-08.55.44:506][925]MapCheck: Map check complete: 0 Error(s), 0 Warning(s), took 0.069ms to complete.
[2026.03.23-08.55.44:506][925]LogFileHelpers: Loading map 'Menu_Level' took 0.066
[2026.03.23-08.55.44:545][925]AssetCheck: New page: Asset Save: multiple assets
[2026.03.23-08.55.44:545][925]LogContentValidation: Display: Validating StaticMesh /Game/House_Models/house_Bathroom_Sink.house_Bathroom_Sink
[2026.03.23-08.55.44:545][925]LogContentValidation: Display: Validating Material /Game/House_Models/dark_wood_001.dark_wood_001
[2026.03.23-08.55.44:545][925]LogContentValidation: Display: Validating Material /Game/House_Models/wood__001.wood__001
[2026.03.23-08.55.44:545][925]LogContentValidation: Display: Validating StaticMesh /Game/House_Models/house_Circle_001.house_Circle_001
[2026.03.23-08.55.44:545][925]LogContentValidation: Display: Validating Material /Game/House_Models/Material_003.Material_003
[2026.03.23-08.55.44:545][925]LogContentValidation: Display: Validating Material /Game/House_Models/bottle_001.bottle_001
[2026.03.23-08.55.44:545][925]LogContentValidation: Display: Validating StaticMesh /Game/House_Models/house_sinktap_001.house_sinktap_001
[2026.03.23-08.55.44:545][925]LogContentValidation: Display: Validating Material /Game/House_Models/metal_002.metal_002
[2026.03.23-08.55.44:545][925]LogContentValidation: Display: Validating StaticMesh /Game/House_Models/house_top_sink_001.house_top_sink_001
[2026.03.23-08.55.44:545][925]LogContentValidation: Display: Validating Material /Game/House_Models/black_marble_001.black_marble_001
[2026.03.23-08.55.44:546][925]LogContentValidation: Display: Validating StaticMesh /Game/House_Models/house_Books_40_A_Object.house_Books_40_A_Object
[2026.03.23-08.55.44:546][925]LogContentValidation: Display: Validating Material /Game/House_Models/Books_40_A_MAT.Books_40_A_MAT
[2026.03.23-08.55.44:546][925]LogContentValidation: Display: Validating Material /Game/House_Models/Backside.Backside
[2026.03.23-08.55.44:546][925]LogContentValidation: Display: Validating StaticMesh /Game/House_Models/house_Books_40_A_Object_001.house_Books_40_A_Object_001
[2026.03.23-08.55.44:546][925]LogContentValidation: Display: Validating StaticMesh /Game/House_Models/house_Books_40_A_Object_002.house_Books_40_A_Object_002
[2026.03.23-08.55.44:546][925]LogContentValidation: Display: Validating StaticMesh /Game/House_Models/house_Books_40_A_Object_003.house_Books_40_A_Object_003
[2026.03.23-08.55.44:546][925]LogContentValidation: Display: Validating StaticMesh /Game/House_Models/house_Books_40_B_Object.house_Books_40_B_Object
[2026.03.23-08.55.44:546][925]LogContentValidation: Display: Validating Material /Game/House_Models/Books_40_B_MAT.Books_40_B_MAT
[2026.03.23-08.55.44:546][925]LogContentValidation: Display: Validating StaticMesh /Game/House_Models/house_Books_40_B_Object_001.house_Books_40_B_Object_001
[2026.03.23-08.55.44:546][925]LogContentValidation: Display: Validating StaticMesh /Game/House_Models/house_Books_40_B_Object_002.house_Books_40_B_Object_002
[2026.03.23-08.55.44:546][925]LogContentValidation: Display: Validating StaticMesh /Game/House_Models/house_Books_40_B_Object_003.house_Books_40_B_Object_003
[2026.03.23-08.55.44:546][925]LogContentValidation: Display: Validating StaticMesh /Game/House_Models/house_Books_40_C_Object.house_Books_40_C_Object
[2026.03.23-08.55.44:546][925]LogContentValidation: Display: Validating Material /Game/House_Models/Books_40_C_MAT.Books_40_C_MAT
[2026.03.23-08.55.44:546][925]LogContentValidation: Display: Validating StaticMesh /Game/House_Models/house_Books_40_C_Object_001.house_Books_40_C_Object_001
[2026.03.23-08.55.44:546][925]LogContentValidation: Display: Validating StaticMesh /Game/House_Models/house_Books_40_C_Object_002.house_Books_40_C_Object_002
[2026.03.23-08.55.44:546][925]LogContentValidation: Display: Validating StaticMesh /Game/House_Models/house_Books_40_C_Object_003.house_Books_40_C_Object_003
[2026.03.23-08.55.44:546][925]LogContentValidation: Display: Validating StaticMesh /Game/House_Models/house_Books_40_D_Object.house_Books_40_D_Object
[2026.03.23-08.55.44:546][925]LogContentValidation: Display: Validating Material /Game/House_Models/Books_40_D_MAT.Books_40_D_MAT
[2026.03.23-08.55.44:546][925]LogContentValidation: Display: Validating StaticMesh /Game/House_Models/house_Books_40_D_Object_001.house_Books_40_D_Object_001
[2026.03.23-08.55.44:546][925]LogContentValidation: Display: Validating StaticMesh /Game/House_Models/house_Books_40_D_Object_002.house_Books_40_D_Object_002
[2026.03.23-08.55.44:546][925]LogContentValidation: Display: Validating StaticMesh /Game/House_Models/house_Books_40_D_Object_003.house_Books_40_D_Object_003
[2026.03.23-08.55.44:546][925]LogContentValidation: Display: Validating StaticMesh /Game/House_Models/house_CAM_Entrance.house_CAM_Entrance
[2026.03.23-08.55.44:546][925]LogContentValidation: Display: Validating Material /Game/House_Models/inner_part.inner_part
[2026.03.23-08.55.44:546][925]LogContentValidation: Display: Validating StaticMesh /Game/House_Models/house_Icosphere.house_Icosphere
[2026.03.23-08.55.44:546][925]LogContentValidation: Display: Validating StaticMesh /Game/House_Models/house_Security_camera_002.house_Security_camera_002
[2026.03.23-08.55.44:546][925]LogContentValidation: Display: Validating Material /Game/House_Models/emmit.emmit
[2026.03.23-08.55.44:546][925]LogContentValidation: Display: Validating Material /Game/House_Models/LENS.LENS
[2026.03.23-08.55.44:546][925]LogContentValidation: Display: Validating Material /Game/House_Models/Shell_.Shell_
[2026.03.23-08.55.44:546][925]LogContentValidation: Display: Validating StaticMesh /Game/House_Models/house_CAM_Kitchen.house_CAM_Kitchen
[2026.03.23-08.55.44:546][925]LogContentValidation: Display: Validating StaticMesh /Game/House_Models/house_Icosphere_004.house_Icosphere_004
[2026.03.23-08.55.44:546][925]LogContentValidation: Display: Validating StaticMesh /Game/House_Models/house_Security_camera_006.house_Security_camera_006
[2026.03.23-08.55.44:546][925]LogContentValidation: Display: Validating StaticMesh /Game/House_Models/house_CAM_Kitchen_001.house_CAM_Kitchen_001
[2026.03.23-08.55.44:546][925]LogContentValidation: Display: Validating StaticMesh /Game/House_Models/house_Icosphere_005.house_Icosphere_005
[2026.03.23-08.55.44:546][925]LogContentValidation: Display: Validating StaticMesh /Game/House_Models/house_Security_camera_008.house_Security_camera_008
[2026.03.23-08.55.44:546][925]LogContentValidation: Display: Validating StaticMesh /Game/House_Models/house_CAM_Living_Room.house_CAM_Living_Room
[2026.03.23-08.55.44:546][925]LogContentValidation: Display: Validating StaticMesh /Game/House_Models/house_Icosphere_001.house_Icosphere_001
[2026.03.23-08.55.44:546][925]LogContentValidation: Display: Validating StaticMesh /Game/House_Models/house_Security_camera_004.house_Security_camera_004
[2026.03.23-08.55.44:546][925]LogContentValidation: Display: Validating StaticMesh /Game/House_Models/house_handles_001.house_handles_001
[2026.03.23-08.55.44:546][925]LogContentValidation: Display: Validating Material /Game/House_Models/Stainless_Steel.Stainless_Steel
[2026.03.23-08.55.44:546][925]LogContentValidation: Display: Validating StaticMesh /Game/House_Models/house_wood-1.house_wood-1
[2026.03.23-08.55.44:546][925]LogContentValidation: Display: Validating Material /Game/House_Models/CC0Textures_Wood021_2K-JPG.CC0Textures_Wood021_2K-JPG
[2026.03.23-08.55.44:546][925]LogContentValidation: Display: Validating StaticMesh /Game/House_Models/house_wood-2.house_wood-2
[2026.03.23-08.55.44:546][925]LogContentValidation: Display: Validating StaticMesh /Game/House_Models/house_wood-3.house_wood-3
[2026.03.23-08.55.44:546][925]LogContentValidation: Display: Validating StaticMesh /Game/House_Models/house_wood-4.house_wood-4
[2026.03.23-08.55.44:546][925]LogContentValidation: Display: Validating StaticMesh /Game/House_Models/house_wood-5.house_wood-5
[2026.03.23-08.55.44:546][925]LogContentValidation: Display: Validating StaticMesh /Game/House_Models/house_wood-6.house_wood-6
[2026.03.23-08.55.44:546][925]LogContentValidation: Display: Validating StaticMesh /Game/House_Models/house_Body.house_Body
[2026.03.23-08.55.44:546][925]LogContentValidation: Display: Validating Material /Game/House_Models/PlasticMaterial_006.PlasticMaterial_006
[2026.03.23-08.55.44:546][925]LogContentValidation: Display: Validating Material /Game/House_Models/GapsColor_003.GapsColor_003
[2026.03.23-08.55.44:546][925]LogContentValidation: Display: Validating Material /Game/House_Models/LEATHER_003.LEATHER_003
[2026.03.23-08.55.44:546][925]LogContentValidation: Display: Validating StaticMesh /Game/House_Models/house_Body_Center.house_Body_Center
[2026.03.23-08.55.44:546][925]LogContentValidation: Display: Validating StaticMesh /Game/House_Models/house_Body_Feature.house_Body_Feature
[2026.03.23-08.55.44:546][925]LogContentValidation: Display: Validating Material /Game/House_Models/PlasticMaterial_005.PlasticMaterial_005
[2026.03.23-08.55.44:546][925]LogContentValidation: Display: Validating StaticMesh /Game/House_Models/house_Brand.house_Brand
[2026.03.23-08.55.44:546][925]LogContentValidation: Display: Validating Material /Game/House_Models/LABELS2_003.LABELS2_003
[2026.03.23-08.55.44:546][925]LogContentValidation: Display: Validating StaticMesh /Game/House_Models/house_Button_001.house_Button_001
[2026.03.23-08.55.44:546][925]LogContentValidation: Display: Validating Material /Game/House_Models/Shiny_Plastic.Shiny_Plastic
[2026.03.23-08.55.44:546][925]LogContentValidation: Display: Validating StaticMesh /Game/House_Models/house_Button_002.house_Button_002
[2026.03.23-08.55.44:546][925]LogContentValidation: Display: Validating StaticMesh /Game/House_Models/house_Button_003.house_Button_003
[2026.03.23-08.55.44:546][925]LogContentValidation: Display: Validating StaticMesh /Game/House_Models/house_Button_004.house_Button_004
[2026.03.23-08.55.44:546][925]LogContentValidation: Display: Validating StaticMesh /Game/House_Models/house_Button_005.house_Button_005
[2026.03.23-08.55.44:546][925]LogContentValidation: Display: Validating StaticMesh /Game/House_Models/house_Button_006.house_Button_006
[2026.03.23-08.55.44:546][925]LogContentValidation: Display: Validating StaticMesh /Game/House_Models/house_Button_007.house_Button_007
[2026.03.23-08.55.44:546][925]LogContentValidation: Display: Validating StaticMesh /Game/House_Models/house_Button_008.house_Button_008
[2026.03.23-08.55.44:546][925]LogContentValidation: Display: Validating StaticMesh /Game/House_Models/house_Button_009.house_Button_009
[2026.03.23-08.55.44:546][925]LogContentValidation: Display: Validating Material /Game/House_Models/Metal_Black.Metal_Black
[2026.03.23-08.55.44:546][925]LogContentValidation: Display: Validating StaticMesh /Game/House_Models/house_Button_010.house_Button_010
[2026.03.23-08.55.44:546][925]LogContentValidation: Display: Validating StaticMesh /Game/House_Models/house_Button_012.house_Button_012
[2026.03.23-08.55.44:546][925]LogContentValidation: Display: Validating StaticMesh /Game/House_Models/house_Button_013.house_Button_013
[2026.03.23-08.55.44:546][925]LogContentValidation: Display: Validating StaticMesh /Game/House_Models/house_Button_014.house_Button_014
[2026.03.23-08.55.44:546][925]LogContentValidation: Display: Validating StaticMesh /Game/House_Models/house_Button_015.house_Button_015
[2026.03.23-08.55.44:546][925]LogContentValidation: Display: Validating StaticMesh /Game/House_Models/house_Button_016.house_Button_016
[2026.03.23-08.55.44:546][925]LogContentValidation: Display: Validating StaticMesh /Game/House_Models/house_Button_017.house_Button_017
[2026.03.23-08.55.44:546][925]LogContentValidation: Display: Validating StaticMesh /Game/House_Models/house_Button_018.house_Button_018
[2026.03.23-08.55.44:546][925]LogContentValidation: Display: Validating StaticMesh /Game/House_Models/house_Button_019.house_Button_019
[2026.03.23-08.55.44:546][925]LogContentValidation: Display: Validating StaticMesh /Game/House_Models/house_Button_020.house_Button_020
[2026.03.23-08.55.44:546][925]LogContentValidation: Display: Validating StaticMesh /Game/House_Models/house_Camera_Internal.house_Camera_Internal
[2026.03.23-08.55.44:546][925]LogContentValidation: Display: Validating StaticMesh /Game/House_Models/house_Circle002.house_Circle002
[2026.03.23-08.55.44:546][925]LogContentValidation: Display: Validating StaticMesh /Game/House_Models/house_Cube046001.house_Cube046001
[2026.03.23-08.55.44:546][925]LogContentValidation: Display: Validating StaticMesh /Game/House_Models/house_Fastener.house_Fastener
[2026.03.23-08.55.44:546][925]LogContentValidation: Display: Validating StaticMesh /Game/House_Models/house_Fastener_.house_Fastener_
[2026.03.23-08.55.44:546][925]LogContentValidation: Display: Validating Material /Game/House_Models/Metal_White.Metal_White
[2026.03.23-08.55.44:546][925]LogContentValidation: Display: Validating StaticMesh /Game/House_Models/house_Fastener_001.house_Fastener_001
[2026.03.23-08.55.44:546][925]LogContentValidation: Display: Validating StaticMesh /Game/House_Models/house_Fastener_002.house_Fastener_002
[2026.03.23-08.55.44:547][925]LogContentValidation: Display: Validating StaticMesh /Game/House_Models/house_Fastener_003.house_Fastener_003
[2026.03.23-08.55.44:547][925]LogContentValidation: Display: Validating StaticMesh /Game/House_Models/house_Fastener_004.house_Fastener_004
[2026.03.23-08.55.44:547][925]LogContentValidation: Display: Validating StaticMesh /Game/House_Models/house_Fastener_005.house_Fastener_005
[2026.03.23-08.55.44:547][925]LogContentValidation: Display: Validating StaticMesh /Game/House_Models/house_Fastener_006.house_Fastener_006
[2026.03.23-08.55.44:547][925]LogContentValidation: Display: Validating StaticMesh /Game/House_Models/house_Flash_Shoe.house_Flash_Shoe
[2026.03.23-08.55.44:547][925]LogContentValidation: Display: Validating StaticMesh /Game/House_Models/house_LCD.house_LCD
[2026.03.23-08.55.44:547][925]LogContentValidation: Display: Validating Material /Game/House_Models/Screen_2_003.Screen_2_003
[2026.03.23-08.55.44:547][925]LogContentValidation: Display: Validating StaticMesh /Game/House_Models/house_Labels.house_Labels
[2026.03.23-08.55.44:547][925]LogContentValidation: Display: Validating StaticMesh /Game/House_Models/house_Labels_001.house_Labels_001
[2026.03.23-08.55.44:547][925]LogContentValidation: Display: Validating StaticMesh /Game/House_Models/house_Labels_002.house_Labels_002
[2026.03.23-08.55.44:547][925]LogContentValidation: Display: Validating StaticMesh /Game/House_Models/house_Labels_003.house_Labels_003
[2026.03.23-08.55.44:547][925]LogContentValidation: Display: Validating StaticMesh /Game/House_Models/house_Labels_004.house_Labels_004
[2026.03.23-08.55.44:547][925]LogContentValidation: Display: Validating StaticMesh /Game/House_Models/house_Labels_005.house_Labels_005
[2026.03.23-08.55.44:547][925]LogContentValidation: Display: Validating StaticMesh /Game/House_Models/house_Labels_006.house_Labels_006
[2026.03.23-08.55.44:547][925]LogContentValidation: Display: Validating StaticMesh /Game/House_Models/house_Labels_007.house_Labels_007
[2026.03.23-08.55.44:547][925]LogContentValidation: Display: Validating StaticMesh /Game/House_Models/house_Labels_008.house_Labels_008
[2026.03.23-08.55.44:547][925]LogContentValidation: Display: Validating StaticMesh /Game/House_Models/house_Labels_009.house_Labels_009
[2026.03.23-08.55.44:547][925]LogContentValidation: Display: Validating StaticMesh /Game/House_Models/house_Labels_010.house_Labels_010
[2026.03.23-08.55.44:547][925]LogContentValidation: Display: Validating StaticMesh /Game/House_Models/house_Labels_011.house_Labels_011
[2026.03.23-08.55.44:547][925]LogContentValidation: Display: Validating StaticMesh /Game/House_Models/house_Labels_012.house_Labels_012
[2026.03.23-08.55.44:547][925]LogContentValidation: Display: Validating StaticMesh /Game/House_Models/house_Lanyard_Loop.house_Lanyard_Loop
[2026.03.23-08.55.44:547][925]LogContentValidation: Display: Validating StaticMesh /Game/House_Models/house_Lens_Body.house_Lens_Body
[2026.03.23-08.55.44:547][925]LogContentValidation: Display: Validating StaticMesh /Game/House_Models/house_Lens_Button.house_Lens_Button
[2026.03.23-08.55.44:547][925]LogContentValidation: Display: Validating StaticMesh /Game/House_Models/house_Lens_Button_holder.house_Lens_Button_holder
[2026.03.23-08.55.44:547][925]LogContentValidation: Display: Validating StaticMesh /Game/House_Models/house_Lens_Button_001.house_Lens_Button_001
[2026.03.23-08.55.44:547][925]LogContentValidation: Display: Validating StaticMesh /Game/House_Models/house_Lens_Connector.house_Lens_Connector
[2026.03.23-08.55.44:547][925]LogContentValidation: Display: Validating Material /Game/House_Models/Material_013.Material_013
[2026.03.23-08.55.44:547][925]LogContentValidation: Display: Validating StaticMesh /Game/House_Models/house_Lens_Glass.house_Lens_Glass
[2026.03.23-08.55.44:547][925]LogContentValidation: Display: Validating Material /Game/House_Models/Multicoated_glass.Multicoated_glass
[2026.03.23-08.55.44:547][925]LogContentValidation: Display: Validating StaticMesh /Game/House_Models/house_Lens_Glass_001.house_Lens_Glass_001
[2026.03.23-08.55.44:547][925]LogContentValidation: Display: Validating StaticMesh /Game/House_Models/house_Lens_Gless.house_Lens_Gless
[2026.03.23-08.55.44:547][925]LogContentValidation: Display: Validating StaticMesh /Game/House_Models/house_Lens_Internal.house_Lens_Internal
[2026.03.23-08.55.44:547][925]LogContentValidation: Display: Validating Material /Game/House_Models/Material_004.Material_004
[2026.03.23-08.55.44:547][925]LogContentValidation: Display: Validating StaticMesh /Game/House_Models/house_Lens_Internal_001.house_Lens_Internal_001
[2026.03.23-08.55.44:547][925]LogContentValidation: Display: Validating StaticMesh /Game/House_Models/house_Lens_Labels.house_Lens_Labels
[2026.03.23-08.55.44:547][925]LogContentValidation: Display: Validating Material /Game/House_Models/labels_003.labels_003
[2026.03.23-08.55.44:547][925]LogContentValidation: Display: Validating StaticMesh /Game/House_Models/house_Lens_Mount.house_Lens_Mount
[2026.03.23-08.55.44:547][925]LogContentValidation: Display: Validating Material /Game/House_Models/Metal_Polished_White.Metal_Polished_White
[2026.03.23-08.55.44:547][925]LogContentValidation: Display: Validating Material /Game/House_Models/srebro_006.srebro_006
[2026.03.23-08.55.44:547][925]LogContentValidation: Display: Validating StaticMesh /Game/House_Models/house_Lens_text.house_Lens_text
[2026.03.23-08.55.44:547][925]LogContentValidation: Display: Validating Material /Game/House_Models/Lens_text.Lens_text
[2026.03.23-08.55.44:547][925]LogContentValidation: Display: Validating StaticMesh /Game/House_Models/house_Ports.house_Ports
[2026.03.23-08.55.44:547][925]LogContentValidation: Display: Validating Material /Game/House_Models/LABELS3_003.LABELS3_003
[2026.03.23-08.55.44:547][925]LogContentValidation: Display: Validating StaticMesh /Game/House_Models/house_Ring.house_Ring
[2026.03.23-08.55.44:547][925]LogContentValidation: Display: Validating Material /Game/House_Models/guma_005.guma_005
[2026.03.23-08.55.44:547][925]LogContentValidation: Display: Validating StaticMesh /Game/House_Models/house_Ring_001.house_Ring_001
[2026.03.23-08.55.44:547][925]LogContentValidation: Display: Validating StaticMesh /Game/House_Models/house_Ring_002.house_Ring_002
[2026.03.23-08.55.44:547][925]LogContentValidation: Display: Validating Material /Game/House_Models/Material_001.Material_001
[2026.03.23-08.55.44:547][925]LogContentValidation: Display: Validating StaticMesh /Game/House_Models/house_Screen.house_Screen
[2026.03.23-08.55.44:547][925]LogContentValidation: Display: Validating Material /Game/House_Models/Material_016.Material_016
[2026.03.23-08.55.44:547][925]LogContentValidation: Display: Validating StaticMesh /Game/House_Models/house_Scroll.house_Scroll
[2026.03.23-08.55.44:547][925]LogContentValidation: Display: Validating StaticMesh /Game/House_Models/house_Scroll_001.house_Scroll_001
[2026.03.23-08.55.44:547][925]LogContentValidation: Display: Validating StaticMesh /Game/House_Models/house_Selector.house_Selector
[2026.03.23-08.55.44:547][925]LogContentValidation: Display: Validating StaticMesh /Game/House_Models/house_Sensor.house_Sensor
[2026.03.23-08.55.44:547][925]LogContentValidation: Display: Validating Material /Game/House_Models/Sensor.Sensor
[2026.03.23-08.55.44:547][925]LogContentValidation: Display: Validating StaticMesh /Game/House_Models/house_Visor.house_Visor
[2026.03.23-08.55.44:547][925]LogContentValidation: Display: Validating Material /Game/House_Models/Rubber.Rubber
[2026.03.23-08.55.44:547][925]LogContentValidation: Display: Validating StaticMesh /Game/House_Models/house_Visor_Lens.house_Visor_Lens
[2026.03.23-08.55.44:547][925]LogContentValidation: Display: Validating Material /Game/House_Models/Glass_001_ncl1_1.Glass_001_ncl1_1
[2026.03.23-08.55.44:547][925]LogContentValidation: Display: Validating StaticMesh /Game/House_Models/house_Coffee_Table.house_Coffee_Table
[2026.03.23-08.55.44:547][925]LogContentValidation: Display: Validating Material /Game/House_Models/wood_black_001.wood_black_001
[2026.03.23-08.55.44:547][925]LogContentValidation: Display: Validating Material /Game/House_Models/glass_001.glass_001
[2026.03.23-08.55.44:547][925]LogContentValidation: Display: Validating Material /Game/House_Models/chrome_001.chrome_001
[2026.03.23-08.55.44:547][925]LogContentValidation: Display: Validating StaticMesh /Game/House_Models/house_Counter_Table.house_Counter_Table
[2026.03.23-08.55.44:547][925]LogContentValidation: Display: Validating Material /Game/House_Models/Marble_5.Marble_5
[2026.03.23-08.55.44:547][925]LogContentValidation: Display: Validating Material /Game/House_Models/Wood_005.Wood_005
[2026.03.23-08.55.44:547][925]LogContentValidation: Display: Validating StaticMesh /Game/House_Models/house_Door_Panel.house_Door_Panel
[2026.03.23-08.55.44:547][925]LogContentValidation: Display: Validating Material /Game/House_Models/Wood_004.Wood_004
[2026.03.23-08.55.44:547][925]LogContentValidation: Display: Validating StaticMesh /Game/House_Models/house_DoorFrame_002.house_DoorFrame_002
[2026.03.23-08.55.44:547][925]LogContentValidation: Display: Validating Material /Game/House_Models/Handle_material_002.Handle_material_002
[2026.03.23-08.55.44:547][925]LogContentValidation: Display: Validating StaticMesh /Game/House_Models/house_Handle_Back_001.house_Handle_Back_001
[2026.03.23-08.55.44:547][925]LogContentValidation: Display: Validating StaticMesh /Game/House_Models/house_Handle_Front_001.house_Handle_Front_001
[2026.03.23-08.55.44:547][925]LogContentValidation: Display: Validating StaticMesh /Game/House_Models/house_Door_Panel_003.house_Door_Panel_003
[2026.03.23-08.55.44:547][925]LogContentValidation: Display: Validating StaticMesh /Game/House_Models/house_DoorFrame_001.house_DoorFrame_001
[2026.03.23-08.55.44:547][925]LogContentValidation: Display: Validating StaticMesh /Game/House_Models/house_Handle_Back_004.house_Handle_Back_004
[2026.03.23-08.55.44:547][925]LogContentValidation: Display: Validating StaticMesh /Game/House_Models/house_Handle_Front_004.house_Handle_Front_004
[2026.03.23-08.55.44:547][925]LogContentValidation: Display: Validating StaticMesh /Game/House_Models/house_Door_Panel_001.house_Door_Panel_001
[2026.03.23-08.55.44:547][925]LogContentValidation: Display: Validating StaticMesh /Game/House_Models/house_DoorFrame_003.house_DoorFrame_003
[2026.03.23-08.55.44:547][925]LogContentValidation: Display: Validating StaticMesh /Game/House_Models/house_Handle_Back_002.house_Handle_Back_002
[2026.03.23-08.55.44:547][925]LogContentValidation: Display: Validating StaticMesh /Game/House_Models/house_Handle_Front_002.house_Handle_Front_002
[2026.03.23-08.55.44:547][925]LogContentValidation: Display: Validating StaticMesh /Game/House_Models/house_Door_Panel_002.house_Door_Panel_002
[2026.03.23-08.55.44:547][925]LogContentValidation: Display: Validating StaticMesh /Game/House_Models/house_DoorFrame_004.house_DoorFrame_004
[2026.03.23-08.55.44:547][925]LogContentValidation: Display: Validating StaticMesh /Game/House_Models/house_Handle_Back_003.house_Handle_Back_003
[2026.03.23-08.55.44:547][925]LogContentValidation: Display: Validating StaticMesh /Game/House_Models/house_Handle_Front_003.house_Handle_Front_003
[2026.03.23-08.55.44:547][925]LogContentValidation: Display: Validating StaticMesh /Game/House_Models/house_FloorLamp_Bulb.house_FloorLamp_Bulb
[2026.03.23-08.55.44:547][925]LogContentValidation: Display: Validating Material /Game/House_Models/Lamp_Bulb.Lamp_Bulb
[2026.03.23-08.55.44:547][925]LogContentValidation: Display: Validating StaticMesh /Game/House_Models/house_FloorLamp_Cover.house_FloorLamp_Cover
[2026.03.23-08.55.44:547][925]LogContentValidation: Display: Validating Material /Game/House_Models/Material_005.Material_005
[2026.03.23-08.55.44:547][925]LogContentValidation: Display: Validating StaticMesh /Game/House_Models/house_FloorLamp_Stem.house_FloorLamp_Stem
[2026.03.23-08.55.44:548][925]LogContentValidation: Display: Validating Material /Game/House_Models/Plastic_Black_Shiny.Plastic_Black_Shiny
[2026.03.23-08.55.44:548][925]LogContentValidation: Display: Validating StaticMesh /Game/House_Models/house_FloorLamp_Wire.house_FloorLamp_Wire
[2026.03.23-08.55.44:548][925]LogContentValidation: Display: Validating Material /Game/House_Models/Plastic_Rubbery.Plastic_Rubbery
[2026.03.23-08.55.44:548][925]LogContentValidation: Display: Validating StaticMesh /Game/House_Models/house_FloroLamp_WirePlug.house_FloroLamp_WirePlug
[2026.03.23-08.55.44:548][925]LogContentValidation: Display: Validating Material /Game/House_Models/Plastic_Black_Insulator.Plastic_Black_Insulator
[2026.03.23-08.55.44:548][925]LogContentValidation: Display: Validating Material /Game/House_Models/Metal_Chrome.Metal_Chrome
[2026.03.23-08.55.44:548][925]LogContentValidation: Display: Validating StaticMesh /Game/House_Models/house_Floor_001.house_Floor_001
[2026.03.23-08.55.44:548][925]LogContentValidation: Display: Validating Material /Game/House_Models/Concrete.Concrete
[2026.03.23-08.55.44:548][925]LogContentValidation: Display: Validating Material /Game/House_Models/wood_red.wood_red
[2026.03.23-08.55.44:548][925]LogContentValidation: Display: Validating Material /Game/House_Models/Carpet_1.Carpet_1
[2026.03.23-08.55.44:548][925]LogContentValidation: Display: Validating Material /Game/House_Models/floor_tiles.floor_tiles
[2026.03.23-08.55.44:548][925]LogContentValidation: Display: Validating StaticMesh /Game/House_Models/house_Garage_Door.house_Garage_Door
[2026.03.23-08.55.44:548][925]LogContentValidation: Display: Validating StaticMesh /Game/House_Models/house_Grey_Blackout_Curtain_with_Lace_panel.house_Grey_Blackout_Curtain_with_Lace_panel
[2026.03.23-08.55.44:548][925]LogContentValidation: Display: Validating Material /Game/House_Models/Curtain-fabric.Curtain-fabric
[2026.03.23-08.55.44:548][925]LogContentValidation: Display: Validating Material /Game/House_Models/Curtain-Lace.Curtain-Lace
[2026.03.23-08.55.44:548][925]LogContentValidation: Display: Validating Material /Game/House_Models/Black_Metal.Black_Metal
[2026.03.23-08.55.44:548][925]LogContentValidation: Display: Validating StaticMesh /Game/House_Models/house_Grey_Blackout_Curtain_with_Lace_panel_001.house_Grey_Blackout_Curtain_with_Lace_panel_001
[2026.03.23-08.55.44:548][925]LogContentValidation: Display: Validating StaticMesh /Game/House_Models/house_Hallandale_Sofa.house_Hallandale_Sofa
[2026.03.23-08.55.44:548][925]LogContentValidation: Display: Validating Material /Game/House_Models/Fabric_002.Fabric_002
[2026.03.23-08.55.44:548][925]LogContentValidation: Display: Validating Material /Game/House_Models/Base.Base
[2026.03.23-08.55.44:548][925]LogContentValidation: Display: Validating StaticMesh /Game/House_Models/house_Hallandale_Sofa_001.house_Hallandale_Sofa_001
[2026.03.23-08.55.44:548][925]LogContentValidation: Display: Validating StaticMesh /Game/House_Models/house_Holders.house_Holders
[2026.03.23-08.55.44:548][925]LogContentValidation: Display: Validating StaticMesh /Game/House_Models/house_Kitchen_Counter.house_Kitchen_Counter
[2026.03.23-08.55.44:548][925]LogContentValidation: Display: Validating Material /Game/House_Models/Wood_009.Wood_009
[2026.03.23-08.55.44:548][925]LogContentValidation: Display: Validating Material /Game/House_Models/Material_226.Material_226
[2026.03.23-08.55.44:548][925]LogContentValidation: Display: Validating StaticMesh /Game/House_Models/house_Kitchen_Pantry_Cabinet.house_Kitchen_Pantry_Cabinet
[2026.03.23-08.55.44:548][925]LogContentValidation: Display: Validating Material /Game/House_Models/Kitchen_Pantry_material.Kitchen_Pantry_material
[2026.03.23-08.55.44:548][925]LogContentValidation: Display: Validating Material /Game/House_Models/Basic_glass.Basic_glass
[2026.03.23-08.55.44:548][925]LogContentValidation: Display: Validating StaticMesh /Game/House_Models/house_Circle_145.house_Circle_145
[2026.03.23-08.55.44:548][925]LogContentValidation: Display: Validating Material /Game/House_Models/Glass_005.Glass_005
[2026.03.23-08.55.44:548][925]LogContentValidation: Display: Validating StaticMesh /Game/House_Models/house_Cube_067.house_Cube_067
[2026.03.23-08.55.44:548][925]LogContentValidation: Display: Validating Material /Game/House_Models/metal_oven_001.metal_oven_001
[2026.03.23-08.55.44:548][925]LogContentValidation: Display: Validating StaticMesh /Game/House_Models/house_Cube_068.house_Cube_068
[2026.03.23-08.55.44:548][925]LogContentValidation: Display: Validating Material /Game/House_Models/Material_181.Material_181
[2026.03.23-08.55.44:548][925]LogContentValidation: Display: Validating StaticMesh /Game/House_Models/house_Cube_102.house_Cube_102
[2026.03.23-08.55.44:548][925]LogContentValidation: Display: Validating Material /Game/House_Models/Wood_007.Wood_007
[2026.03.23-08.55.44:548][925]LogContentValidation: Display: Validating Material /Game/House_Models/Material_182.Material_182
[2026.03.23-08.55.44:548][925]LogContentValidation: Display: Validating Material /Game/House_Models/Wood_008.Wood_008
[2026.03.23-08.55.44:548][925]LogContentValidation: Display: Validating StaticMesh /Game/House_Models/house_Plane_078.house_Plane_078
[2026.03.23-08.55.44:548][925]LogContentValidation: Display: Validating Material /Game/House_Models/Procedural_Wood_002.Procedural_Wood_002
[2026.03.23-08.55.44:548][925]LogContentValidation: Display: Validating StaticMesh /Game/House_Models/house_Plane_003.house_Plane_003
[2026.03.23-08.55.44:548][925]LogContentValidation: Display: Validating Material /Game/House_Models/Switch_White_Plastic.Switch_White_Plastic
[2026.03.23-08.55.44:548][925]LogContentValidation: Display: Validating Material /Game/House_Models/Switch_Led.Switch_Led
[2026.03.23-08.55.44:548][925]LogContentValidation: Display: Validating StaticMesh /Game/House_Models/house_Plane_006.house_Plane_006
[2026.03.23-08.55.44:548][925]LogContentValidation: Display: Validating StaticMesh /Game/House_Models/house_Plane_007.house_Plane_007
[2026.03.23-08.55.44:548][925]LogContentValidation: Display: Validating StaticMesh /Game/House_Models/house_Plane_008.house_Plane_008
[2026.03.23-08.55.44:548][925]LogContentValidation: Display: Validating StaticMesh /Game/House_Models/house_Med_Box.house_Med_Box
[2026.03.23-08.55.44:548][925]LogContentValidation: Display: Validating Material /Game/House_Models/White_Paint.White_Paint
[2026.03.23-08.55.44:548][925]LogContentValidation: Display: Validating StaticMesh /Game/House_Models/house_Plane_004.house_Plane_004
[2026.03.23-08.55.44:548][925]LogContentValidation: Display: Validating Material /Game/House_Models/Red_Paint.Red_Paint
[2026.03.23-08.55.44:548][925]LogContentValidation: Display: Validating Material /Game/House_Models/Black.Black
[2026.03.23-08.55.44:548][925]LogContentValidation: Display: Validating StaticMesh /Game/House_Models/house_Body_001.house_Body_001
[2026.03.23-08.55.44:548][925]LogContentValidation: Display: Validating Material /Game/House_Models/Metal.Metal
[2026.03.23-08.55.44:548][925]LogContentValidation: Display: Validating StaticMesh /Game/House_Models/house_Door_005.house_Door_005
[2026.03.23-08.55.44:548][925]LogContentValidation: Display: Validating Material /Game/House_Models/Plastic.Plastic
[2026.03.23-08.55.44:548][925]LogContentValidation: Display: Validating Material /Game/House_Models/Glass_003.Glass_003
[2026.03.23-08.55.44:548][925]LogContentValidation: Display: Validating StaticMesh /Game/House_Models/house_Panel.house_Panel
[2026.03.23-08.55.44:548][925]LogContentValidation: Display: Validating Material /Game/House_Models/Panel.Panel
[2026.03.23-08.55.44:548][925]LogContentValidation: Display: Validating StaticMesh /Game/House_Models/house_legs.house_legs
[2026.03.23-08.55.44:548][925]LogContentValidation: Display: Validating StaticMesh /Game/House_Models/house_Pillbottle_001.house_Pillbottle_001
[2026.03.23-08.55.44:548][925]LogContentValidation: Display: Validating Material /Game/House_Models/pILLBOITTLE.pILLBOITTLE
[2026.03.23-08.55.44:548][925]LogContentValidation: Display: Validating Material /Game/House_Models/Tablet.Tablet
[2026.03.23-08.55.44:548][925]LogContentValidation: Display: Validating StaticMesh /Game/House_Models/house_Short_Table.house_Short_Table
[2026.03.23-08.55.44:548][925]LogContentValidation: Display: Validating Material /Game/House_Models/metal_tables_001.metal_tables_001
[2026.03.23-08.55.44:548][925]LogContentValidation: Display: Validating StaticMesh /Game/House_Models/house_Sink_001.house_Sink_001
[2026.03.23-08.55.44:548][925]LogContentValidation: Display: Validating Material /Game/House_Models/Material_180.Material_180
[2026.03.23-08.55.44:548][925]LogContentValidation: Display: Validating StaticMesh /Game/House_Models/house_Cylinder_022.house_Cylinder_022
[2026.03.23-08.55.44:548][925]LogContentValidation: Display: Validating Material /Game/House_Models/Black_005.Black_005
[2026.03.23-08.55.44:548][925]LogContentValidation: Display: Validating StaticMesh /Game/House_Models/house_Kitchen_tap_balck_001.house_Kitchen_tap_balck_001
[2026.03.23-08.55.44:548][925]LogContentValidation: Display: Validating StaticMesh /Game/House_Models/house_Sono_Salmon_Rug_by_The_Rug_Company_021.house_Sono_Salmon_Rug_by_The_Rug_Company_021
[2026.03.23-08.55.44:548][925]LogContentValidation: Display: Validating Material /Game/House_Models/Material_109.Material_109
[2026.03.23-08.55.44:548][925]LogContentValidation: Display: Validating StaticMesh /Game/House_Models/house_Modern_Rug_003.house_Modern_Rug_003
[2026.03.23-08.55.44:548][925]LogContentValidation: Display: Validating Material /Game/House_Models/Material_107.Material_107
[2026.03.23-08.55.44:548][925]LogContentValidation: Display: Validating StaticMesh /Game/House_Models/house_Sono_Salmon_Rug_by_The_Rug_Company_022.house_Sono_Salmon_Rug_by_The_Rug_Company_022
[2026.03.23-08.55.44:548][925]LogContentValidation: Display: Validating Material /Game/House_Models/Window_009.Window_009
[2026.03.23-08.55.44:548][925]LogContentValidation: Display: Validating StaticMesh /Game/House_Models/house_Sono_Salmon_Rug_by_The_Rug_Company_024.house_Sono_Salmon_Rug_by_The_Rug_Company_024
[2026.03.23-08.55.44:548][925]LogContentValidation: Display: Validating Material /Game/House_Models/Window_008.Window_008
[2026.03.23-08.55.44:548][925]LogContentValidation: Display: Validating StaticMesh /Game/House_Models/house_Sono_Salmon_Rug_by_The_Rug_Company_023.house_Sono_Salmon_Rug_by_The_Rug_Company_023
[2026.03.23-08.55.44:548][925]LogContentValidation: Display: Validating StaticMesh /Game/House_Models/house_Wander_Rug_004.house_Wander_Rug_004
[2026.03.23-08.55.44:548][925]LogContentValidation: Display: Validating Material /Game/House_Models/Material_108.Material_108
[2026.03.23-08.55.44:548][925]LogContentValidation: Display: Validating StaticMesh /Game/House_Models/house_Sono_Salmon_Rug_by_The_Rug_Company_027.house_Sono_Salmon_Rug_by_The_Rug_Company_027
[2026.03.23-08.55.44:548][925]LogContentValidation: Display: Validating Material /Game/House_Models/Sanosalmon_004.Sanosalmon_004
[2026.03.23-08.55.44:548][925]LogContentValidation: Display: Validating StaticMesh /Game/House_Models/house_Sono_Salmon_Rug_by_The_Rug_Company_025.house_Sono_Salmon_Rug_by_The_Rug_Company_025
[2026.03.23-08.55.44:548][925]LogContentValidation: Display: Validating StaticMesh /Game/House_Models/house_Sono_Salmon_Rug_by_The_Rug_Company_026.house_Sono_Salmon_Rug_by_The_Rug_Company_026
[2026.03.23-08.55.44:548][925]LogContentValidation: Display: Validating StaticMesh /Game/House_Models/house_Stairs.house_Stairs
[2026.03.23-08.55.44:548][925]LogContentValidation: Display: Validating Material /Game/House_Models/plastic_white.plastic_white
[2026.03.23-08.55.44:548][925]LogContentValidation: Display: Validating Material /Game/House_Models/Black_fabric.Black_fabric
[2026.03.23-08.55.44:548][925]LogContentValidation: Display: Validating StaticMesh /Game/House_Models/house_TV_Table.house_TV_Table
[2026.03.23-08.55.44:548][925]LogContentValidation: Display: Validating StaticMesh /Game/House_Models/house_TV_001.house_TV_001
[2026.03.23-08.55.44:548][925]LogContentValidation: Display: Validating Material /Game/House_Models/tv_plastic_001.tv_plastic_001
[2026.03.23-08.55.44:548][925]LogContentValidation: Display: Validating Material /Game/House_Models/tv_chrome_001.tv_chrome_001
[2026.03.23-08.55.44:549][925]LogContentValidation: Display: Validating Material /Game/House_Models/tv_screen_001.tv_screen_001
[2026.03.23-08.55.44:549][925]LogContentValidation: Display: Validating StaticMesh /Game/House_Models/house_Circle_004.house_Circle_004
[2026.03.23-08.55.44:549][925]LogContentValidation: Display: Validating Material /Game/House_Models/Toilet_Main_White.Toilet_Main_White
[2026.03.23-08.55.44:549][925]LogContentValidation: Display: Validating Material /Game/House_Models/Toilet_Lock.Toilet_Lock
[2026.03.23-08.55.44:549][925]LogContentValidation: Display: Validating Material /Game/House_Models/Toilet_Metal.Toilet_Metal
[2026.03.23-08.55.44:549][925]LogContentValidation: Display: Validating Material /Game/House_Models/Toilet_Plastic.Toilet_Plastic
[2026.03.23-08.55.44:549][925]LogContentValidation: Display: Validating StaticMesh /Game/House_Models/house_Wall_1.house_Wall_1
[2026.03.23-08.55.44:549][925]LogContentValidation: Display: Validating Material /Game/House_Models/Wall.Wall
[2026.03.23-08.55.44:549][925]LogContentValidation: Display: Validating Material /Game/House_Models/Wall_Lower.Wall_Lower
[2026.03.23-08.55.44:549][925]LogContentValidation: Display: Validating Material /Game/House_Models/tiles_blue.tiles_blue
[2026.03.23-08.55.44:549][925]LogContentValidation: Display: Validating StaticMesh /Game/House_Models/house_Plane_002.house_Plane_002
[2026.03.23-08.55.44:549][925]LogContentValidation: Display: Validating Material /Game/House_Models/material_1.material_1
[2026.03.23-08.55.44:549][925]LogContentValidation: Display: Validating StaticMesh /Game/House_Models/house_Plane_005.house_Plane_005
[2026.03.23-08.55.44:549][925]LogContentValidation: Display: Validating StaticMesh /Game/House_Models/house_back_wall.house_back_wall
[2026.03.23-08.55.44:549][925]LogContentValidation: Display: Validating Material /Game/House_Models/material_0.material_0
[2026.03.23-08.55.44:549][925]LogContentValidation: Display: Validating StaticMesh /Game/House_Models/house_box_1.house_box_1
[2026.03.23-08.55.44:549][925]LogContentValidation: Display: Validating Material /Game/House_Models/material_4.material_4
[2026.03.23-08.55.44:549][925]LogContentValidation: Display: Validating Material /Game/House_Models/material_8.material_8
[2026.03.23-08.55.44:549][925]LogContentValidation: Display: Validating Material /Game/House_Models/material_2.material_2
[2026.03.23-08.55.44:549][925]LogContentValidation: Display: Validating Material /Game/House_Models/material_7.material_7
[2026.03.23-08.55.44:549][925]LogContentValidation: Display: Validating Material /Game/House_Models/material_5.material_5
[2026.03.23-08.55.44:549][925]LogContentValidation: Display: Validating Material /Game/House_Models/material_3.material_3
[2026.03.23-08.55.44:549][925]LogContentValidation: Display: Validating Material /Game/House_Models/material_6.material_6
[2026.03.23-08.55.44:549][925]LogContentValidation: Display: Validating Material /Game/House_Models/material_10_001.material_10_001
[2026.03.23-08.55.44:549][925]LogContentValidation: Display: Validating StaticMesh /Game/House_Models/house_box_2.house_box_2
[2026.03.23-08.55.44:549][925]LogContentValidation: Display: Validating StaticMesh /Game/House_Models/house_box3.house_box3
[2026.03.23-08.55.44:549][925]LogContentValidation: Display: Validating StaticMesh /Game/House_Models/house_ceiling.house_ceiling
[2026.03.23-08.55.44:549][925]LogContentValidation: Display: Validating StaticMesh /Game/House_Models/house_drawer_guides_1.house_drawer_guides_1
[2026.03.23-08.55.44:549][925]LogContentValidation: Display: Validating Material /Game/House_Models/material_9.material_9
[2026.03.23-08.55.44:549][925]LogContentValidation: Display: Validating StaticMesh /Game/House_Models/house_drawer_guides_2.house_drawer_guides_2
[2026.03.23-08.55.44:549][925]LogContentValidation: Display: Validating StaticMesh /Game/House_Models/house_drawer_guides_3.house_drawer_guides_3
[2026.03.23-08.55.44:549][925]LogContentValidation: Display: Validating StaticMesh /Game/House_Models/house_floor.house_floor
[2026.03.23-08.55.44:549][925]LogContentValidation: Display: Validating StaticMesh /Game/House_Models/house_guide.house_guide
[2026.03.23-08.55.44:549][925]LogContentValidation: Display: Validating Material /Game/House_Models/material_12.material_12
[2026.03.23-08.55.44:549][925]LogContentValidation: Display: Validating StaticMesh /Game/House_Models/house_guide2.house_guide2
[2026.03.23-08.55.44:549][925]LogContentValidation: Display: Validating StaticMesh /Game/House_Models/house_hanger.house_hanger
[2026.03.23-08.55.44:549][925]LogContentValidation: Display: Validating StaticMesh /Game/House_Models/house_shelf1.house_shelf1
[2026.03.23-08.55.44:549][925]LogContentValidation: Display: Validating StaticMesh /Game/House_Models/house_shelf2.house_shelf2
[2026.03.23-08.55.44:549][925]LogContentValidation: Display: Validating StaticMesh /Game/House_Models/house_shelf3.house_shelf3
[2026.03.23-08.55.44:549][925]LogContentValidation: Display: Validating StaticMesh /Game/House_Models/house_shelf4.house_shelf4
[2026.03.23-08.55.44:549][925]LogContentValidation: Display: Validating StaticMesh /Game/House_Models/house_shelf5.house_shelf5
[2026.03.23-08.55.44:549][925]LogContentValidation: Display: Validating StaticMesh /Game/House_Models/house_shelf6.house_shelf6
[2026.03.23-08.55.44:549][925]LogContentValidation: Display: Validating StaticMesh /Game/House_Models/house_shelf7.house_shelf7
[2026.03.23-08.55.44:549][925]LogContentValidation: Display: Validating StaticMesh /Game/House_Models/house_wall1.house_wall1
[2026.03.23-08.55.44:549][925]LogContentValidation: Display: Validating StaticMesh /Game/House_Models/house_wall2.house_wall2
[2026.03.23-08.55.44:549][925]LogContentValidation: Display: Validating StaticMesh /Game/House_Models/house_wall3.house_wall3
[2026.03.23-08.55.44:549][925]LogContentValidation: Display: Validating StaticMesh /Game/House_Models/house_wall4.house_wall4
[2026.03.23-08.55.44:549][925]LogContentValidation: Display: Validating StaticMesh /Game/House_Models/house_wall5.house_wall5
[2026.03.23-08.55.44:549][925]LogContentValidation: Display: Validating StaticMesh /Game/House_Models/house_WindowFrame_001.house_WindowFrame_001
[2026.03.23-08.55.44:549][925]LogContentValidation: Display: Validating StaticMesh /Game/House_Models/house_Window_L_001.house_Window_L_001
[2026.03.23-08.55.44:549][925]LogContentValidation: Display: Validating Material /Game/House_Models/Window_007.Window_007
[2026.03.23-08.55.44:549][925]LogContentValidation: Display: Validating StaticMesh /Game/House_Models/house_Window_R_001.house_Window_R_001
[2026.03.23-08.55.44:549][925]LogContentValidation: Display: Validating StaticMesh /Game/House_Models/house_WindowFrame_004.house_WindowFrame_004
[2026.03.23-08.55.44:549][925]LogContentValidation: Display: Validating StaticMesh /Game/House_Models/house_Window_L_005.house_Window_L_005
[2026.03.23-08.55.44:549][925]LogContentValidation: Display: Validating StaticMesh /Game/House_Models/house_WindowFrame_005.house_WindowFrame_005
[2026.03.23-08.55.44:549][925]LogContentValidation: Display: Validating Material /Game/House_Models/Material_103.Material_103
[2026.03.23-08.55.44:549][925]LogContentValidation: Display: Validating StaticMesh /Game/House_Models/house_Window_L_004.house_Window_L_004
[2026.03.23-08.55.44:549][925]LogContentValidation: Display: Validating StaticMesh /Game/House_Models/house_WindowFrame_003.house_WindowFrame_003
[2026.03.23-08.55.44:549][925]LogContentValidation: Display: Validating StaticMesh /Game/House_Models/house_Window_L_003.house_Window_L_003
[2026.03.23-08.55.44:549][925]LogContentValidation: Display: Validating Material /Game/House_Models/Raindrops_On_The_Glass_001.Raindrops_On_The_Glass_001
[2026.03.23-08.55.44:549][925]LogContentValidation: Display: Validating StaticMesh /Game/House_Models/house_Handle_003.house_Handle_003
[2026.03.23-08.55.44:549][925]LogContentValidation: Display: Validating Material /Game/House_Models/Black_003.Black_003
[2026.03.23-08.55.44:549][925]LogContentValidation: Display: Validating StaticMesh /Game/House_Models/house_Window_R_003.house_Window_R_003
[2026.03.23-08.55.44:549][925]LogContentValidation: Display: Validating StaticMesh /Game/House_Models/house_Handle_002.house_Handle_002
[2026.03.23-08.55.44:549][925]LogContentValidation: Display: Validating StaticMesh /Game/House_Models/house_Windows_Sill_001.house_Windows_Sill_001
[2026.03.23-08.55.44:549][925]LogContentValidation: Display: Validating StaticMesh /Game/House_Models/house_Wooden_Bookshelves_Four_Layers.house_Wooden_Bookshelves_Four_Layers
[2026.03.23-08.55.44:549][925]LogContentValidation: Display: Validating Material /Game/House_Models/Wooden_Bookshelves_Four_Layers.Wooden_Bookshelves_Four_Layers
[2026.03.23-08.55.44:549][925]LogContentValidation: Display: Validating StaticMesh /Game/House_Models/house_Wooden_Bookshelves_Four_Layers_001.house_Wooden_Bookshelves_Four_Layers_001
[2026.03.23-08.55.44:549][925]LogContentValidation: Display: Validating StaticMesh /Game/House_Models/house_key2.house_key2
[2026.03.23-08.55.44:549][925]LogContentValidation: Display: Validating Material /Game/House_Models/key.key
[2026.03.23-08.55.44:549][925]LogContentValidation: Display: Validating StaticMesh /Game/House_Models/house_key_ring.house_key_ring
[2026.03.23-08.55.44:549][925]LogContentValidation: Display: Validating StaticMesh /Game/House_Models/house_key.house_key
[2026.03.23-08.55.44:549][925]LogContentValidation: Display: Validating Material /Game/House_Models/key01.key01
[2026.03.23-08.55.44:549][925]LogContentValidation: Display: Validating StaticMesh /Game/House_Models/house_leather.house_leather
[2026.03.23-08.55.44:549][925]LogContentValidation: Display: Validating Material /Game/House_Models/leather.leather
[2026.03.23-08.55.44:549][925]LogContentValidation: Display: Validating StaticMesh /Game/House_Models/house_mirror_001.house_mirror_001
[2026.03.23-08.55.44:549][925]LogContentValidation: Display: Validating Material /Game/House_Models/mirror_002.mirror_002
[2026.03.23-08.55.44:549][925]LogContentValidation: Display: Validating Material /Game/House_Models/mirror_light_001.mirror_light_001
[2026.03.23-08.55.49:289][369]LogUObjectHash: Compacting FUObjectHashTables data took   0.20ms
[2026.03.23-08.55.49:330][369]LogAssetEditorSubsystem: Opening Asset editor for World /Game/Maps/House.House
[2026.03.23-08.55.49:330][369]Cmd: MAP LOAD FILE="../../../../../../unreal/CyberKittysWeirdBox/Content/Maps/House.umap" TEMPLATE=0 SHOWPROGRESS=1 FEATURELEVEL=3
[2026.03.23-08.55.49:331][369]LightingResults: New page: Lighting Build
[2026.03.23-08.55.49:331][369]LoadErrors: New page: Loading map: House.umap
[2026.03.23-08.55.49:369][369]LogWorld: UWorld::CleanupWorld for Menu_Level, bSessionEnded=true, bCleanupResources=true
[2026.03.23-08.55.49:369][369]LogSlate: InvalidateAllWidgets triggered.  All widgets were invalidated
[2026.03.23-08.55.49:369][369]MapCheck: New page: Map Check
[2026.03.23-08.55.49:369][369]LightingResults: New page: Lighting Build
[2026.03.23-08.55.49:373][369]LogAudio: Display: Audio Device unregistered from world 'None'.
[2026.03.23-08.55.49:374][369]LogUObjectHash: Compacting FUObjectHashTables data took   0.49ms
[2026.03.23-08.55.49:374][369]LogAudio: Display: Audio Device (ID: 1) registered with world 'House'.
[2026.03.23-08.55.49:376][369]LogEditorServer: Finished looking for orphan Actors (0.000 secs)
[2026.03.23-08.55.49:376][369]LogAIModule: Creating AISystem for world House
[2026.03.23-08.55.49:381][369]LogUObjectHash: Compacting FUObjectHashTables data took   0.48ms
[2026.03.23-08.55.49:390][369]Cmd: MAP CHECKDEP NOCLEARLOG
[2026.03.23-08.55.49:390][369]MapCheck: Map check complete: 0 Error(s), 0 Warning(s), took 0.081ms to complete.
[2026.03.23-08.55.49:390][369]LogFileHelpers: Loading map 'House' took 0.060
[2026.03.23-08.55.50:618][501]LogUObjectHash: Compacting FUObjectHashTables data took   0.23ms
[2026.03.23-08.55.50:640][501]LogAssetEditorSubsystem: Opening Asset editor for World /Game/Maps/Menu_Level.Menu_Level
[2026.03.23-08.55.50:640][501]Cmd: MAP LOAD FILE="../../../../../../unreal/CyberKittysWeirdBox/Content/Maps/Menu_Level.umap" TEMPLATE=0 SHOWPROGRESS=1 FEATURELEVEL=3
[2026.03.23-08.55.50:640][501]LightingResults: New page: Lighting Build
[2026.03.23-08.55.50:640][501]LoadErrors: New page: Loading map: Menu_Level.umap
[2026.03.23-08.55.50:641][501]LogWorld: UWorld::CleanupWorld for House, bSessionEnded=true, bCleanupResources=true
[2026.03.23-08.55.50:641][501]LogSlate: InvalidateAllWidgets triggered.  All widgets were invalidated
[2026.03.23-08.55.50:641][501]MapCheck: New page: Map Check
[2026.03.23-08.55.50:641][501]LightingResults: New page: Lighting Build
[2026.03.23-08.55.50:645][501]LogAudio: Display: Audio Device unregistered from world 'None'.
[2026.03.23-08.55.50:648][501]LogUObjectHash: Compacting FUObjectHashTables data took   0.47ms
[2026.03.23-08.55.50:648][501]LogAudio: Display: Audio Device (ID: 1) registered with world 'Menu_Level'.
[2026.03.23-08.55.50:649][501]LogEditorServer: Finished looking for orphan Actors (0.000 secs)
[2026.03.23-08.55.50:649][501]LogAIModule: Creating AISystem for world Menu_Level
[2026.03.23-08.55.50:653][501]LogUObjectHash: Compacting FUObjectHashTables data took   0.40ms
[2026.03.23-08.55.50:662][501]Cmd: MAP CHECKDEP NOCLEARLOG
[2026.03.23-08.55.50:662][501]MapCheck: Map check complete: 0 Error(s), 0 Warning(s), took 0.072ms to complete.
[2026.03.23-08.55.50:662][501]LogFileHelpers: Loading map 'Menu_Level' took 0.022
[2026.03.23-08.55.51:580][598]LogUObjectHash: Compacting FUObjectHashTables data took   0.30ms
[2026.03.23-08.55.51:618][598]LogAssetEditorSubsystem: Opening Asset editor for World /Game/Maps/House.House
[2026.03.23-08.55.51:618][598]Cmd: MAP LOAD FILE="../../../../../../unreal/CyberKittysWeirdBox/Content/Maps/House.umap" TEMPLATE=0 SHOWPROGRESS=1 FEATURELEVEL=3
[2026.03.23-08.55.51:618][598]LightingResults: New page: Lighting Build
[2026.03.23-08.55.51:618][598]LoadErrors: New page: Loading map: House.umap
[2026.03.23-08.55.51:619][598]LogWorld: UWorld::CleanupWorld for Menu_Level, bSessionEnded=true, bCleanupResources=true
[2026.03.23-08.55.51:619][598]LogSlate: InvalidateAllWidgets triggered.  All widgets were invalidated
[2026.03.23-08.55.51:619][598]MapCheck: New page: Map Check
[2026.03.23-08.55.51:619][598]LightingResults: New page: Lighting Build
[2026.03.23-08.55.51:623][598]LogAudio: Display: Audio Device unregistered from world 'None'.
[2026.03.23-08.55.51:625][598]LogUObjectHash: Compacting FUObjectHashTables data took   0.76ms
[2026.03.23-08.55.51:625][598]LogAudio: Display: Audio Device (ID: 1) registered with world 'House'.
[2026.03.23-08.55.51:626][598]LogEditorServer: Finished looking for orphan Actors (0.000 secs)
[2026.03.23-08.55.51:627][598]LogAIModule: Creating AISystem for world House
[2026.03.23-08.55.51:633][598]LogUObjectHash: Compacting FUObjectHashTables data took   0.48ms
[2026.03.23-08.55.51:643][598]Cmd: MAP CHECKDEP NOCLEARLOG
[2026.03.23-08.55.51:643][598]MapCheck: Map check complete: 0 Error(s), 0 Warning(s), took 0.08ms to complete.
[2026.03.23-08.55.51:643][598]LogFileHelpers: Loading map 'House' took 0.025
[2026.03.23-08.55.54:535][927]LogUObjectHash: Compacting FUObjectHashTables data took   0.21ms
[2026.03.23-08.55.54:579][927]LogAssetEditorSubsystem: Opening Asset editor for World /Game/Maps/Menu_Level.Menu_Level
[2026.03.23-08.55.54:579][927]Cmd: MAP LOAD FILE="../../../../../../unreal/CyberKittysWeirdBox/Content/Maps/Menu_Level.umap" TEMPLATE=0 SHOWPROGRESS=1 FEATURELEVEL=3
[2026.03.23-08.55.54:579][927]LightingResults: New page: Lighting Build
[2026.03.23-08.55.54:579][927]LoadErrors: New page: Loading map: Menu_Level.umap
[2026.03.23-08.55.54:580][927]LogWorld: UWorld::CleanupWorld for House, bSessionEnded=true, bCleanupResources=true
[2026.03.23-08.55.54:580][927]LogSlate: InvalidateAllWidgets triggered.  All widgets were invalidated
[2026.03.23-08.55.54:581][927]MapCheck: New page: Map Check
[2026.03.23-08.55.54:581][927]LightingResults: New page: Lighting Build
[2026.03.23-08.55.54:584][927]LogAudio: Display: Audio Device unregistered from world 'None'.
[2026.03.23-08.55.54:586][927]LogUObjectHash: Compacting FUObjectHashTables data took   0.53ms
[2026.03.23-08.55.54:586][927]LogAudio: Display: Audio Device (ID: 1) registered with world 'Menu_Level'.
[2026.03.23-08.55.54:587][927]LogEditorServer: Finished looking for orphan Actors (0.000 secs)
[2026.03.23-08.55.54:587][927]LogAIModule: Creating AISystem for world Menu_Level
[2026.03.23-08.55.54:592][927]LogUObjectHash: Compacting FUObjectHashTables data took   0.39ms
[2026.03.23-08.55.54:594][927]Cmd: MAP CHECKDEP NOCLEARLOG
[2026.03.23-08.55.54:594][927]MapCheck: Map check complete: 0 Error(s), 0 Warning(s), took 0.058ms to complete.
[2026.03.23-08.55.54:594][927]LogFileHelpers: Loading map 'Menu_Level' took 0.016
